PC,metric,spearmanRho,p,percentVariance
PC1,rawReadPairs,0.20086956521739127,0.34499544834882545,12.23040530209101
PC1,dedupPairs,0.18782608695652173,0.37775275634785555,12.23040530209101
PC1,percentAligned,-0.2626086956521739,0.2142304953942344,12.23040530209101
PC1,percentDuplicated,0.1895652173913043,0.37328319006200567,12.23040530209101
PC1,conversionRate,-0.2052173913043478,0.3344708911977621,12.23040530209101
PC1,CpGs5x,0.25739130434782603,0.22373428947762258,12.23040530209101
PC1,medianCovCovered,0.17952511034441568,0.4012502562772311,12.23040530209101
PC1,percentCpGMethNuclear,0.4139130434782608,0.04544843800643855,12.23040530209101
PC1,percentBasesTrimmed,0.041739130434782605,0.8467870588435332,12.23040530209101
PC2,rawReadPairs,0.09043478260869563,0.673384938494084,7.722459859155362
PC2,dedupPairs,0.08782608695652172,0.6823527769446985,7.722459859155362
PC2,percentAligned,0.2765217391304347,0.19024809193559206,7.722459859155362
PC2,percentDuplicated,0.07304347826086956,0.7339465435146654,7.722459859155362
PC2,conversionRate,0.11304347826086955,0.5976128309190909,7.722459859155362
PC2,CpGs5x,-8.695652173913042e-4,0.9983776953333986,7.722459859155362
PC2,medianCovCovered,0.10629776270393033,0.6210551254268689,7.722459859155362
PC2,percentCpGMethNuclear,-0.47565217391304343,0.019922600851383088,7.722459859155362
PC2,percentBasesTrimmed,-0.17391304347826084,0.4146221205039851,7.722459859155362
PC3,rawReadPairs,0.17565217391304344,0.4099062188231291,6.727122547802706
PC3,dedupPairs,0.1843478260869565,0.3867852097569355,6.727122547802706
PC3,percentAligned,-0.19391304347826083,0.36224604734147897,6.727122547802706
PC3,percentDuplicated,0.07217391304347825,0.7370199191872194,6.727122547802706
PC3,conversionRate,0.09478260869565215,0.6585365986210847,6.727122547802706
PC3,CpGs5x,0.21739130434782605,0.30606106686789003,6.727122547802706
PC3,medianCovCovered,0.16251746831178684,0.44801239479156374,6.727122547802706
PC3,percentCpGMethNuclear,-0.3208695652173913,0.12644380085695434,6.727122547802706
PC3,percentBasesTrimmed,-0.13913043478260867,0.5151093577453245,6.727122547802706
PC4,rawReadPairs,-0.15565217391304345,0.46594245727122413,4.995036809009483
PC4,dedupPairs,-0.15217391304347824,0.4760828466592613,4.995036809009483
PC4,percentAligned,-0.013913043478260867,0.9497401463383539,4.995036809009483
PC4,percentDuplicated,-0.09043478260869563,0.6733849384940835,4.995036809009483
PC4,conversionRate,0.2713043478260869,0.19901129054127267,4.995036809009483
PC4,CpGs5x,-0.05913043478260868,0.7835758560210455,4.995036809009483
PC4,medianCovCovered,-0.12519514274018462,0.5599688265078508,4.995036809009483
PC4,percentCpGMethNuclear,-0.4565217391304347,0.026086074371040942,4.995036809009483
PC4,percentBasesTrimmed,0.09913043478260868,0.6438150611035529,4.995036809009483
