PC,percentVariance,CpGs
1,12.23040530209101,1604783
2,7.722459859155362,1604783
3,6.727122547802706,1604783
4,4.995036809009483,1604783
5,4.865807723752579,1604783
6,4.621557440356932,1604783
7,4.361167075165886,1604783
8,4.226454414667149,1604783
9,4.1301326888965875,1604783
10,3.8608287542874935,1604783
11,3.829689686104597,1604783
12,3.721373383697616,1604783
13,3.6353896015631646,1604783
14,3.3893313303304997,1604783
15,3.3764921609173415,1604783
16,3.3227696541170793,1604783
17,3.288577598990219,1604783
18,3.202348778227847,1604783
19,3.1039384175182247,1604783
20,3.0272754467529714,1604783
21,2.99890920346156,1604783
22,2.8207731411876114,1604783
23,2.5421589819460806,1604783
24,4.594506217346533e-26,1604783
