sample_number,Library_name,sampleID,ploidy,pH,rawReadPairs,percentBasesTrimmed,bismarkInputPairs,alignedPairs,percentAligned,percentAmbiguous,dedupPairs,percentDuplicated,percentCpGMethBismark,percentCHGMeth,percentCHHMeth,conversionRate,CpGs1x,CpGs5x,medianCovCovered,meanCovCovered,hiPerc99.9Cov,percentCpGMethNuclear,mitoCpGs5x,mitoMeanCov,percentCpGMethMito,PC1,PC2,PC3,PC4,meanCorOthers
1,2N_HI_05,2H-1,2N,high,52225074,0.42916500783030154,50993451,31434721,61.64462373805609,16.521097973933948,27517298,12.46,9.473383758622687,0.45990842267222004,0.47743152865648697,99.52256847134352,9855717,6141825,6,8.500581310162913,82,9.491240466853132,384,316.84223918575066,2.4004368811185444,-19.387046731988338,89.62284639233219,-94.29674919247192,9.740273384141064,0.8849922458750556
2,2N_HI_08,2H-2,2N,high,55879313,0.433764906938224,55025914,33388393,60.67758002166034,15.747965585814713,29196594,12.55,10.037924869814102,0.47494212218017745,0.48927613641407997,99.51072386358592,10121688,6692719,7,9.235181861609606,82,10.055917280041081,393,316.7811704834606,3.2194064018635284,-0.8845664508395932,72.18536363459013,70.08699574241852,25.480144081787863,0.9002821774211874
3,2N_HI_09,2H-3,2N,high,39620531,0.4396312318668279,38913609,23587627,60.61536723566297,16.128190525838917,21186405,10.18,10.175767752557784,0.4717057018681072,0.4884674710202178,99.51153252897979,10077845,5496463,5,6.556302128752387,59,10.196834245435427,393,290.3994910941476,3.4461608558886154,-11.705768299585328,-8.431525319504713,10.423588111105897,14.98149273846455,0.91847182317191
4,2N_HI_10,2H-4,2N,high,50228886,0.44424243008059927,49306248,29947855,60.7384585418059,16.202615944332248,26518997,11.45,9.956845229807582,0.46506438414504997,0.465698298717288,99.53430170128271,10334557,6356617,6,7.874495024464485,66,9.97904759102964,393,366.8473282442748,2.6378397874745962,-9.163437319484524,-10.631886590122091,-10.23280565932713,-20.416009426126532,0.9199441647176737
5,2N_HI_11,2H-5,2N,high,44881631,0.4557977149559191,44083656,26804023,60.80263170550101,15.882364656869656,23962432,10.6,10.246905050740878,0.48286272686840387,0.4938764654691152,99.50612353453089,10159395,5970467,6,7.315831515733533,62,10.268665424846445,393,324.73027989821884,3.2385459845320836,-13.895313105921803,-9.23407105668996,-3.9859589352891667,8.110962989734118,0.9196746260345089
6,2N_HI_12,2H-6,2N,high,54279403,0.43879661439962914,53174813,32472179,61.066841927587035,16.139814163521365,28610892,11.89,10.216313544479386,0.48282059662729343,0.49804689794326534,99.50195310205673,10344558,6577987,7,8.543634696468976,75,10.235059854588254,393,295.53435114503816,3.2528305135821602,-10.984712304435703,-5.746390940570805,4.252528447697361,12.400306489629315,0.9236134616368803
7,2N_LOW_01,2L-1,2N,low,82933633,0.4330320268150538,81572749,49340377,60.48634820434947,15.795162180938636,43826281,11.18,10.399324297910951,0.48335254864590504,0.4952238426631386,99.50477615733686,10878211,8057461,10,12.487817777425583,105,10.421569654681553,393,581.7684478371501,3.2239158484046624,-7.235825162263504,-9.663110041046535,1.3880069024183135,1.2745811452429703,0.9297410002919423
8,2N_LOW_02,2L-2,2N,low,43149301,0.43458307650571465,42336845,25613542,60.4994113283595,16.508032188038573,22869748,10.71,10.450650258037944,0.4949393634578849,0.5145113588757514,99.48548864112425,10084170,5751541,5,7.029950880508365,62,10.47043526423491,393,272.5979643765903,3.472384277193343,-6.036900941925832,-14.40571571498066,-5.924208824852647,-56.965781691772186,0.9151923602908447
9,2N_LOW_03,2L-3,2N,low,49101606,0.43343354799251943,47573665,28850286,60.64339587879134,17.41145652747166,25288521,12.35,10.710938978389494,0.4724929887485547,0.49393639120190286,99.5060636087981,10101358,5884840,6,7.423491121887859,68,10.737648661540696,383,410.5089058524173,2.8079092543234365,-6.7832933196042635,-12.726621938500697,-10.864869498563213,-40.10870226892299,0.9193339386018868
10,2N_LOW_04,2L-4,2N,low,52847841,0.43735009202321334,51902712,31449874,60.593893436628136,16.19556604286882,27724085,11.85,10.626987062797456,0.4797824875489428,0.5012886954705607,99.49871130452944,10314158,6482359,6,8.377189125406677,72,10.647925541050986,393,297.910941475827,2.48123062205861,-6.418675618138939,-13.335527877997151,9.369350090721541,21.969338007255082,0.9237268443967054
11,2N_LOW_05,2L-5,2N,low,57092207,0.43535911203273,56063348,33950348,60.55711835119087,16.22234904701018,29999792,11.64,10.38262885137322,0.48024158368229825,0.5019144491627635,99.49808555083723,10439444,6794026,7,8.886102865097603,76,10.402644362217954,393,290.4910941475827,2.1688287799024204,-14.026830494695528,-10.357279477696816,0.2554654984353677,-2.689679107695016,0.9249377345121005
12,2N_LOW_06,2L-6,2N,low,47871006,0.4289284299930397,46849571,28579240,61.00213809855377,15.887599056136501,25427638,11.03,9.661967685489195,0.4673917613247255,0.46479951310546697,99.53520048689454,10215745,6144044,6,7.398953163826366,61,9.682287838847593,393,296.676844783715,2.4383759027051135,-7.377939259000814,-9.79143647426944,4.871322506635853,19.989434781895415,0.9198276306930243
13,3N_HI_02,3H-1,3N,high,54135312,0.4370392193809022,53303436,32491207,60.95518307675325,15.746654680947772,28613670,11.93,10.311325094764484,0.4858979403875578,0.5009048987807482,99.49909510121925,10398539,6681428,7,8.631687995148367,73,10.33937464669922,393,503.7684478371501,1.9724114940322557,-4.597836547828535,-11.498972427351724,-3.999678928319785,10.410466490316699,0.9238082497228719
14,3N_HI_03,3H-2,3N,high,37045803,0.45306582812164703,36340861,22341478,61.47756928488843,16.002865204542072,20014759,10.41,11.629289753736106,0.5053431007258994,0.5115238443999552,99.48847615560004,9549886,5173370,5,6.470939612088348,61,11.651300796050451,386,235.8447837150127,2.913029874739715,163.60936231441025,8.325094477757562,-9.116415523536515,11.195493863163112,0.8693556299074218
15,3N_HI_05,3H-3,3N,high,59408352,0.44035760760083953,58435477,35609199,60.93763725074067,16.03460000848457,31449079,11.68,11.050204572280206,0.4944945987742124,0.5092500935805733,99.49074990641942,10476665,6975529,7,9.295388474067874,79,11.078794637369677,393,544.1145038167939,2.36067659011303,50.402992403436414,-27.226338549795443,-5.8506642809968685,-23.885102169210413,0.9159594452849006
16,3N_HI_08,3H-4,3N,high,51910846,0.4381371134692275,50386602,30924916,61.37527591164016,16.881965963888575,27159851,12.17,10.42792228528209,0.4777003456772723,0.49539628887295883,99.50460371112705,10151962,6134374,6,7.963468898256023,71,10.455118561083275,393,455.59033078880407,2.230140689316213,-8.899280185226475,-18.554058589876252,3.0668086759458553,7.8193312254875975,0.9238424784043621
17,3n_HI_10,3H-5,3N,high,58612409,0.4301134090465896,57429743,35252677,61.38400619344579,16.8135612238418,30818320,12.58,10.192733698171354,0.4876212402307783,0.5085155952925494,99.49148440470745,10075156,6598183,7,9.659618990541018,94,10.215633282480312,393,584.1043256997456,3.6483949240480413,-2.8131441232733656,60.68313740915903,51.75058535259484,-55.25190625217953,0.9046916727591301
18,3N_HI_11,3H-6,3N,high,51977624,0.4339227729273332,50943423,31468183,61.77084527672984,16.13335837287573,27964963,11.13,10.415073839465176,0.487442066389528,0.5041732167672839,99.49582678323272,10264907,6348916,6,8.472893115056397,76,10.444356010506135,386,571.4732824427481,2.605203282440369,-14.139966285362249,-6.560146686719739,-15.06527071655571,-24.495306935974206,0.9196745454811373
19,3N_LOW_06,3L-1,3N,low,49611452,0.43266661768740394,48641567,29709816,61.0790684436626,16.241041329939062,26595143,10.48,10.119120979467727,0.4812009818728473,0.5016403257152743,99.49835967428473,10276323,6281886,6,8.049931052469217,72,10.138613960491162,393,308.63867684478373,2.552454759058494,-11.446015838656132,-8.598538242120766,6.916413785264961,16.311564720391097,0.9219001708459701
20,3N_LOW_07,3L-2,3N,low,54311933,0.4730740865939905,53390071,32235145,60.37666629062921,15.658578165217275,28396232,11.91,10.184379992831886,0.4951384624608129,0.5052028969321201,99.49479710306788,10391026,6597346,7,8.626969983445667,74,10.208867436930468,393,479.22137404580155,2.7074240445166566,-10.365676720050457,-6.699886759263387,-0.8149524952532251,13.82567804221997,0.9250114861841177
21,3N_LOW_08,3L-3,3N,low,51337098,0.4430116705860764,50457301,30628245,60.70131456298069,15.906770360150654,27142162,11.38,10.306395138583493,0.48281829470751825,0.49451742849031116,99.50548257150969,10342210,6497799,6,8.241433976253882,72,10.325399786336966,393,265.20101781170484,2.414990789069696,-7.019290864371596,-14.578411078920126,-3.093886602909243,10.498003984817194,0.9237479103365738
22,3N_LOW_10,3L-4,3N,low,47948800,0.4368457810215282,47019646,28927483,61.52211992408449,16.173743630481606,25586704,11.55,10.223747369510924,0.48882990058541975,0.506128207336929,99.49387179266307,10148449,6091971,6,7.93672640355946,69,10.249861861482453,393,481.53435114503816,2.8360362074158623,-18.35496170367805,-13.825753144341192,-6.899503303544572,8.607479124695644,0.9230519138425942
23,3N_LOW_11,3L-5,3N,low,40743756,0.43817289634531736,39902509,24454569,61.2857928307215,16.552355141377202,21664232,11.41,10.131797660520611,0.4854181732186301,0.5049144011786382,99.49508559882136,9957375,5436325,5,6.715182572389907,58,10.15337611776399,393,307.36641221374043,2.9372076658802104,-13.113132095452634,-9.672512079086989,6.23542320891075,17.53216166400552,0.9201476193597999
24,3N_LOW_12,3L-6,3N,low,53154280,0.4397247369579644,52244045,32160291,61.55781199560639,16.175345917415086,28366652,11.8,10.211780873597183,0.48494297753486576,0.5033029428411028,99.4966970571589,10282483,6466595,6,8.63517349099259,77,10.232856646439863,393,402.5038167938931,2.712031558185404,-9.362741346062835,-9.278258924984351,1.5284756394709988,13.66577511863371,0.9241784014927248
