sample_number,sampleID,zPercentAligned,zDedupPairs,zCpGs5x,zPercentDuplicated,zMeanCorOthers,zPC1,zPC2,flagConversion,flagAligned,flagDedupPairs,flagCpGs5x,flagDuplicated,exclude,noteCorrelation,notePCA
1,2H-1,1.3612921416985264,0.06678727011145229,-0.5621284858522998,1.3259875157892147,-6.334986469188858,-2.464272105731195,21.720878855277025,FALSE,FALSE,FALSE,FALSE,FALSE,FALSE,TRUE,TRUE
2,2H-2,-0.524132404954062,0.6943241947412933,0.9059240788877673,1.4639515347730634,-3.5717501140525387,1.9386363377590956,17.90624553286723,FALSE,FALSE,FALSE,FALSE,FALSE,FALSE,TRUE,TRUE
3,2H-3,-0.6454273493773174,-2.2990071600429625,-2.281924561478063,-2.169100965134959,-0.28446983592968617,-0.6364109134517711,0.2704505488255872,FALSE,FALSE,FALSE,FALSE,FALSE,FALSE,FALSE,FALSE
4,2H-4,-0.405438850257156,-0.30626830757997014,0.01026102371877644,-0.22227536391842528,-0.01838442709990394,-0.031429831545826487,-0.2109016934015968,FALSE,FALSE,FALSE,FALSE,FALSE,FALSE,FALSE,FALSE
5,2H-5,-0.2803217991707099,-1.261632303990543,-1.0187726885278208,-1.5252688765436642,-0.0670961617593712,-1.157441887068928,0.09488520178800894,FALSE,FALSE,FALSE,FALSE,FALSE,FALSE,FALSE,FALSE
6,2H-6,0.2348032461107677,0.47545293450513054,0.6001799486961925,0.45221539555817125,0.6447404936592376,-0.4648261593521727,0.8578520229564625,FALSE,FALSE,FALSE,FALSE,FALSE,FALSE,FALSE,FALSE
7,2L-1,-0.8969730080683775,6.1612989200292505,4.54276345871127,-0.6361674208699712,1.7521252800518232,0.4272708244656838,0.0010283975074254854,FALSE,FALSE,FALSE,FALSE,FALSE,FALSE,FALSE,FALSE
8,2L-2,-0.871504113284307,-1.6699579100494113,-1.6021787081763992,-1.3566461866745136,-0.877142931354517,0.7125706055014194,-1.0364666291647309,FALSE,FALSE,FALSE,FALSE,FALSE,FALSE,FALSE,FALSE
9,2L-3,-0.5907805005662348,-0.7660854719576785,-1.246956217411776,1.1573648259200642,-0.12866608420925194,0.5349567260700544,-0.6691471507630931,FALSE,FALSE,FALSE,FALSE,FALSE,FALSE,FALSE,FALSE
10,2L-4,-0.6872943582040384,0.1440616029470161,0.3453452061486913,0.3908980537875703,0.665231322087677,0.621722301929813,-0.8023517491151766,FALSE,FALSE,FALSE,FALSE,FALSE,FALSE,FALSE,FALSE
11,2L-5,-0.7589939593834816,0.9944716391399216,1.1758925323037093,0.06898200949192433,0.8840665457013145,-1.188738178847042,-0.1508284903950964,FALSE,FALSE,FALSE,FALSE,FALSE,FALSE,FALSE,FALSE
12,2L-6,0.1086515681117535,-0.7140987737557358,-0.5562151728716571,-0.86610745250972,-0.03944476033619148,0.39345290670785715,-0.02704436363126301,FALSE,FALSE,FALSE,FALSE,FALSE,FALSE,FALSE,FALSE
13,3H-1,0.01710436172353688,0.4764910466524957,0.8758352024279037,0.5135327373287695,0.6799431052036686,1.0550148981162173,-0.4005858682356739,FALSE,FALSE,FALSE,FALSE,FALSE,FALSE,FALSE,FALSE
14,3H-2,1.0355896307470656,-2.736840113610919,-3.1429205195018617,-1.8165262499540111,-9.160876538265208,41.08212936454604,3.936137915381308,FALSE,FALSE,FALSE,TRUE,FALSE,TRUE,TRUE,TRUE
15,3H-3,-0.01710436172353688,1.5360563906584201,1.6595716877456208,0.13029935126252254,-0.7385133281637202,14.143185268183744,-3.8411131345795457,FALSE,FALSE,FALSE,FALSE,FALSE,FALSE,FALSE,TRUE
16,3H-4,0.836150418628489,-0.06678727011145229,-0.5819843195696361,0.8814367879523668,0.6861290019028556,0.031429831545826487,-1.9439603989482215,FALSE,FALSE,FALSE,FALSE,FALSE,FALSE,FALSE,FALSE
17,3H-5,0.8531716632076727,1.3003477585634269,0.6539993578701723,1.509939541101012,-2.774854602202466,1.4797059247086395,15.390012195119873,FALSE,FALSE,FALSE,FALSE,FALSE,FALSE,FALSE,TRUE
18,3H-6,1.607383588545124,0.2340754178617106,-0.01026102371877644,-0.712814098083219,-0.06711071957504043,-1.2156603276842965,0.6798343681900976,FALSE,FALSE,FALSE,FALSE,FALSE,FALSE,FALSE,FALSE
19,3L-1,0.25864102421539076,-0.27781327245640414,-0.18888624638325763,-1.7092209018554616,0.3351101080633614,-0.5745994002889785,0.23391470998145247,FALSE,FALSE,FALSE,FALSE,FALSE,FALSE,FALSE,FALSE
20,3L-2,-1.1108175002519947,0.39523653653774327,0.6517688743348871,0.48287406644347036,0.8973951404536896,-0.31751850330307096,0.6492647530336733,FALSE,FALSE,FALSE,FALSE,FALSE,FALSE,FALSE,FALSE
21,3L-3,-0.47785767502177284,-0.07339748097349047,0.38649056550927,-0.32958071201697214,0.6690384137495218,0.4787980075247505,-1.0742455619993274,FALSE,FALSE,FALSE,FALSE,FALSE,FALSE,FALSE,FALSE
22,3L-4,1.122449063557796,-0.654657324211897,-0.6949821610830181,-0.06898200949192433,0.5432561099236896,-2.218673903949723,-0.9095936981088133,FALSE,FALSE,FALSE,FALSE,FALSE,FALSE,FALSE,FALSE
23,3L-5,0.6616871607491519,-2.1204477601009017,-2.4421836043036125,-0.28359270568902345,0.018384427099883877,-0.9713116319354443,-0.001028397507425874,FALSE,FALSE,FALSE,FALSE,FALSE,FALSE,FALSE,FALSE
24,3L-6,1.1920371355625277,0.38418277220402797,0.3033364338067119,0.31425137657432256,0.7468378996172066,-0.07885684501154636,0.0852186394071972,FALSE,FALSE,FALSE,FALSE,FALSE,FALSE,FALSE,FALSE
