"","2H-1","2H-2","2H-3","2H-4","2H-5","2H-6","2L-1","2L-2","2L-3","2L-4","2L-5","2L-6","3H-1","3H-2","3H-3","3H-4","3H-5","3H-6","3L-1","3L-2","3L-3","3L-4","3L-5","3L-6"
"2H-1",1,0.875349479776607,0.883909132354982,0.889376628927345,0.886764815067072,0.89038921011005,0.895520680988729,0.882852889364226,0.886802384613371,0.887601181778942,0.891055835609192,0.885268650388417,0.890137950303539,0.84043588218561,0.877585768671379,0.887236325198188,0.88057061766479,0.890196264681196,0.887424633318301,0.891707760094226,0.88914824734242,0.890069597907443,0.885358562240526,0.890059156539728
"2H-2",0.875349479776607,1,0.903629760797897,0.899530625900662,0.900094327329575,0.909363172241139,0.913004228979061,0.895880412223316,0.899300086243771,0.906798071396342,0.905196747729311,0.902166654952129,0.903239330595362,0.857216113589483,0.893346985410119,0.904269757071125,0.909023456410518,0.899672484685304,0.905122289478651,0.90876437630532,0.904465367727614,0.900374494238856,0.904040245057194,0.906641612547954
"2H-3",0.883909132354982,0.903629760797897,1,0.92156999273785,0.921572842047555,0.92532722128322,0.933019934003955,0.918007696805514,0.922142010353765,0.92830490392624,0.928911058200706,0.920717076721535,0.928282898225927,0.865788277040665,0.913577514145766,0.932057866642749,0.906081836175619,0.918299352813908,0.925506325689711,0.927242827056772,0.92822738735162,0.921519552707325,0.921297829509206,0.929858636361443
"2H-4",0.889376628927345,0.899530625900662,0.92156999273785,1,0.922940961135578,0.926229260941409,0.934511105583456,0.921756945596788,0.925968122669005,0.925511674609918,0.927581201989151,0.9236743919331,0.925763867994267,0.868122707008345,0.922456329260244,0.927897602249902,0.906227621969245,0.925575196284184,0.928857283188416,0.929422318940691,0.926324548220039,0.928818834896509,0.922944367701154,0.927654198769235
"2H-5",0.886764815067072,0.900094327329575,0.921572842047555,0.922940961135578,1,0.92786105541315,0.938616333222679,0.916316732003617,0.923717636329467,0.927245798430866,0.928699571882497,0.921925921981729,0.92790626351172,0.865995136747173,0.917710365967616,0.925459166535613,0.906944960678072,0.922796972595505,0.925014726585899,0.933809603136926,0.927707352730171,0.930269485748672,0.925903594143692,0.927242775568861
"2H-6",0.89038921011005,0.909363172241139,0.92532722128322,0.926229260941409,0.92786105541315,1,0.93672882256657,0.92352113100632,0.925939682274345,0.934296755134468,0.932670268028256,0.933589309306403,0.927678060328563,0.870882071848162,0.922441715443419,0.931208486451857,0.909860053957675,0.926711120153809,0.928932650191926,0.933118629176257,0.931106306196292,0.93233596204253,0.930274068235991,0.932644605316434
"2L-1",0.895520680988729,0.913004228979061,0.933019934003955,0.934511105583456,0.938616333222679,0.93672882256657,1,0.92987453665845,0.933691170027458,0.939641643937243,0.941791504569105,0.92769060902536,0.939452218596001,0.878695872857177,0.92898737253587,0.935299191951416,0.915549829938683,0.933230259115958,0.936674058229315,0.942669832390658,0.938381232813621,0.940220700587727,0.935776508836008,0.935015359300172
"2L-2",0.882852889364226,0.895880412223316,0.918007696805514,0.921756945596788,0.916316732003617,0.92352113100632,0.92987453665845,1,0.923723691457563,0.923443485674329,0.925315996254033,0.918810103314497,0.921544387481758,0.864918422258562,0.918304453023332,0.92211477329524,0.90158728134073,0.921102161407959,0.91793815641247,0.922137962067024,0.922366222171273,0.919098265861791,0.918874297604413,0.919934283406223
"2L-3",0.886802384613371,0.899300086243771,0.922142010353765,0.925968122669005,0.923717636329467,0.925939682274345,0.933691170027458,0.923723691457563,1,0.924202496099491,0.929732072965907,0.919454184341766,0.926794873236084,0.869811633228779,0.920571347701245,0.928787689513178,0.904978889406598,0.931424923399632,0.920651107709052,0.927529261687488,0.926277994625035,0.926857448123562,0.920978676627184,0.925343205209649
"2L-4",0.887601181778942,0.906798071396342,0.92830490392624,0.925511674609918,0.927245798430866,0.934296755134468,0.939641643937243,0.923443485674329,0.924202496099491,1,0.932945423780765,0.932890504463908,0.934211361337972,0.874188140339884,0.918767472506192,0.933687751154177,0.909510032227757,0.924918065523314,0.929737887732815,0.932951617631269,0.929019918004364,0.93444401811229,0.930584326647328,0.930814890674348
"2L-5",0.891055835609192,0.905196747729311,0.928911058200706,0.927581201989151,0.928699571882497,0.932670268028256,0.941791504569105,0.925315996254033,0.929732072965907,0.932945423780765,1,0.927489675156695,0.936365298472556,0.869839879401443,0.92129792274683,0.934664022638158,0.913648265382384,0.928137044239036,0.931085863675246,0.933251848306701,0.933602731519689,0.936815047338272,0.928734924090625,0.934735689801754
"2L-6",0.885268650388417,0.902166654952129,0.920717076721535,0.9236743919331,0.921925921981729,0.933589309306403,0.92769060902536,0.918810103314497,0.919454184341766,0.932890504463908,0.927489675156695,1,0.924488195644343,0.870518394461057,0.918242633133297,0.926131782332477,0.906970709525698,0.924589231543055,0.929644859832867,0.933278632802965,0.925177164445833,0.928208776044745,0.925092702656486,0.930015341931197
"3H-1",0.890137950303539,0.903239330595362,0.928282898225927,0.925763867994267,0.92790626351172,0.927678060328563,0.939452218596001,0.921544387481758,0.926794873236084,0.934211361337972,0.936365298472556,0.924488195644343,1,0.877375872828716,0.920321088935781,0.936446403796647,0.909790929771616,0.926812258525684,0.929056686116797,0.933514747989658,0.9363815032556,0.932464258568819,0.924703838852227,0.934857449256418
"3H-2",0.84043588218561,0.857216113589483,0.865788277040665,0.868122707008345,0.865995136747173,0.870882071848162,0.878695872857177,0.864918422258562,0.869811633228779,0.874188140339884,0.869839879401443,0.870518394461057,0.877375872828716,1,0.904065197308076,0.871502173075999,0.859599223408329,0.86572723787473,0.868594930621643,0.873372269735896,0.873753691386815,0.86597875420041,0.866128266947286,0.87266933951646
"3H-3",0.877585768671379,0.893346985410119,0.913577514145766,0.922456329260244,0.917710365967616,0.922441715443419,0.92898737253587,0.918304453023332,0.920571347701245,0.918767472506192,0.92129792274683,0.918242633133297,0.920321088935781,0.904065197308076,1,0.923305100671212,0.897998807901972,0.919481318351028,0.920476856400969,0.923389995191279,0.92543358932827,0.917292225238637,0.918690709345776,0.923322472334403
"3H-4",0.887236325198188,0.904269757071125,0.932057866642749,0.927897602249902,0.925459166535613,0.931208486451857,0.935299191951416,0.92211477329524,0.928787689513178,0.933687751154177,0.934664022638158,0.926131782332477,0.936446403796647,0.871502173075999,0.923305100671212,1,0.908630944880171,0.926532141308496,0.930531614638085,0.928862798894191,0.935505818460023,0.935012516945886,0.928559939194503,0.934673136401036
"3H-5",0.88057061766479,0.909023456410518,0.906081836175619,0.906227621969245,0.906944960678072,0.909860053957675,0.915549829938683,0.90158728134073,0.904978889406598,0.909510032227757,0.913648265382384,0.906970709525698,0.909790929771616,0.859599223408329,0.897998807901972,0.908630944880171,1,0.906023157992507,0.910576299588287,0.910235394922059,0.907182634561652,0.908979611411537,0.906950946030663,0.910986968313431
"3H-6",0.890196264681196,0.899672484685304,0.918299352813908,0.925575196284184,0.922796972595505,0.926711120153809,0.933230259115958,0.921102161407959,0.931424923399632,0.924918065523314,0.928137044239036,0.924589231543055,0.926812258525684,0.86572723787473,0.919481318351028,0.926532141308496,0.906023157992507,1,0.924789060933068,0.928852993083758,0.926876229761591,0.928686403290605,0.922430505443504,0.929650163058324
"3L-1",0.887424633318301,0.905122289478651,0.925506325689711,0.928857283188416,0.925014726585899,0.928932650191926,0.936674058229315,0.91793815641247,0.920651107709052,0.929737887732815,0.931085863675246,0.929644859832867,0.929056686116797,0.868594930621643,0.920476856400969,0.930531614638085,0.910576299588287,0.924789060933068,1,0.930032559522629,0.932067799122136,0.929698900310801,0.929976750306147,0.931312629852081
"3L-2",0.891707760094226,0.90876437630532,0.927242827056772,0.929422318940691,0.933809603136926,0.933118629176257,0.942669832390658,0.922137962067024,0.927529261687488,0.932951617631269,0.933251848306701,0.933278632802965,0.933514747989658,0.873372269735896,0.923389995191279,0.928862798894191,0.910235394922059,0.928852993083758,0.930032559522629,1,0.931169119407267,0.933404135658272,0.931631118050657,0.934914380182744
"3L-3",0.88914824734242,0.904465367727614,0.92822738735162,0.926324548220039,0.927707352730171,0.931106306196292,0.938381232813621,0.922366222171273,0.926277994625035,0.929019918004364,0.933602731519689,0.925177164445833,0.9363815032556,0.873753691386815,0.92543358932827,0.935505818460023,0.907182634561652,0.926876229761591,0.932067799122136,0.931169119407267,1,0.930543957192361,0.93030426162522,0.935178860492292
"3L-4",0.890069597907443,0.900374494238856,0.921519552707325,0.928818834896509,0.930269485748672,0.93233596204253,0.940220700587727,0.919098265861791,0.926857448123562,0.93444401811229,0.936815047338272,0.928208776044745,0.932464258568819,0.86597875420041,0.917292225238637,0.935012516945886,0.908979611411537,0.928686403290605,0.929698900310801,0.933404135658272,0.930543957192361,1,0.927340899291868,0.931760172660747
"3L-5",0.885358562240526,0.904040245057194,0.921297829509206,0.922944367701154,0.925903594143692,0.930274068235991,0.935776508836008,0.918874297604413,0.920978676627184,0.930584326647328,0.928734924090625,0.925092702656486,0.924703838852227,0.866128266947286,0.918690709345776,0.928559939194503,0.906950946030663,0.922430505443504,0.929976750306147,0.931631118050657,0.93030426162522,0.927340899291868,1,0.926817906837738
"3L-6",0.890059156539728,0.906641612547954,0.929858636361443,0.927654198769235,0.927242775568861,0.932644605316434,0.935015359300172,0.919934283406223,0.925343205209649,0.930814890674348,0.934735689801754,0.930015341931197,0.934857449256418,0.87266933951646,0.923322472334403,0.934673136401036,0.910986968313431,0.929650163058324,0.931312629852081,0.934914380182744,0.935178860492292,0.931760172660747,0.926817906837738,1
