sampleID,genoPC1,genoPC2,genoPC3,meanGenoCorOthers,ploidy,pH,methPC1,methPC2,dedupPairs
2H-1,-14.762173697647777,19.363191521485913,15.706729505842924,0.2658316782019767,2N,high,-19.387046731988335,89.62284639233219,27517298
2H-2,-21.46686261909335,-11.50662416246302,-6.378521397185764,0.2664022147827007,2N,high,-0.8845664508395932,72.18536363459013,29196594
2H-3,0.9561326856795274,-1.4598995578930687,3.750007475127627,0.3286685764075005,2N,high,-11.705768299585328,-8.431525319504713,21186405
2H-4,3.919642110751822,5.639121849914939,-3.0653445132306625,0.3551549756126724,2N,high,-9.163437319484524,-10.631886590122091,26518997
2H-5,2.219099233280838,-1.856065916438032,-2.010217786392767,0.34562642630245255,2N,high,-13.895313105921804,-9.23407105668996,23962432
2H-6,1.8751490658487782,-0.8179803816330043,-0.4452004353254223,0.35765545302496443,2N,high,-10.984712304435703,-5.746390940570805,28610892
2L-1,4.934933044904617,-3.9761681075738764,-3.492668648361695,0.3866317252452279,2N,low,-7.235825162263504,-9.663110041046536,43826281
2L-2,1.9628570934590492,8.088542760372013,-8.063024936697683,0.3340207286939437,2N,low,-6.036900941925832,-14.40571571498066,22869748
2L-3,3.476073558585685,8.15772731868782,-10.545270845016036,0.34360775040746916,2N,low,-6.7832933196042635,-12.726621938500696,25288521
2L-4,3.5151705236756694,-3.90657986502831,9.250485218743211,0.3557614859304794,2N,low,-6.418675618138939,-13.335527877997151,27724085
2L-5,4.539549433021391,-4.597865948767307,4.417315579312968,0.3585285864937116,2N,low,-14.026830494695528,-10.357279477696816,29999792
2L-6,2.626583013454489,0.2693918850411483,4.384587186968409,0.33684106913174,2N,low,-7.377939259000814,-9.79143647426944,25427638
3H-1,4.387758578854171,-5.09510508526815,7.69514843417806,0.3628154962394346,3N,high,-4.597836547828535,-11.498972427351724,28613670
3H-2,-11.926968497880654,12.989604910119354,-0.1143495648806336,0.2705451588360772,3N,high,163.60936231441025,8.325094477757562,20014759
3H-3,4.544970048376349,5.6254257969458665,-9.583063098580313,0.3720042199489616,3N,high,50.402992403436414,-27.226338549795443,31449079
3H-4,5.094423126658356,-2.609656610983964,5.6730782807890545,0.37715048577802635,3N,high,-8.899280185226475,-18.554058589876252,27159851
3H-5,-22.344340291520638,-11.324800630777547,-3.5394306000372855,0.2756090214254804,3N,high,-2.8131441232733656,60.68313740915903,30818320
3H-6,3.427312807276113,6.382387350607271,-10.208744708930725,0.34771337783925516,3N,high,-14.139966285362249,-6.560146686719739,27964963
3L-1,3.8117286405418054,-3.769646806627565,1.1543179004446444,0.3720334989247688,3N,low,-11.446015838656132,-8.598538242120766,26595143
3L-2,3.7775222901406638,-1.9881923577864917,-1.29996388800406,0.3642901411772241,3N,low,-10.365676720050455,-6.699886759263387,28396232
3L-3,4.477322764237905,-4.033222846719288,-0.9099665872750946,0.3716102570475517,3N,low,-7.019290864371596,-14.578411078920126,27142162
3L-4,6.0276753327820956,-2.240854243095181,6.32309101772,0.3652810652662621,3N,low,-18.35496170367805,-13.825753144341192,25586704
3L-5,0.9283123480469099,-1.926647288672618,-3.5813179167253835,0.35469265495140967,3N,low,-13.113132095452634,-9.672512079086989,21664232
3L-6,3.998129406566179,-5.406083583446893,4.882324327516627,0.377451543366437,3N,low,-9.362741346062837,-9.278258924984351,28366652
