run,setting,perm,term,CpGsTested,fractionSNPTested,DMLfdr0.05,fractionSNPDML,p0.001,fractionSNPp0.001
DSS-cov5-hiperc99.9-cell5-All-interaction,cov5-hiperc99.9-cell5-All,0,ploidy,3530054,0.07325298706478711,20,0.25,2946,0.12423625254582485
DSS-cov5-hiperc99.9-cell5-All-interaction,cov5-hiperc99.9-cell5-All,0,pH,3530054,0.07325298706478711,37,0.16216216216216217,2856,0.13445378151260504
DSS-cov5-hiperc99.9-cell5-All-interaction,cov5-hiperc99.9-cell5-All,0,interaction,3530054,0.07325298706478711,56,0.14285714285714285,3265,0.11271056661562022
DSS-cov5-hiperc99.9-cell5-Drop3H2-interaction,cov5-hiperc99.9-cell5-Drop3H2,0,ploidy,3213812,0.07446608575734984,25,0.28,2590,0.1247104247104247
DSS-cov5-hiperc99.9-cell5-Drop3H2-interaction,cov5-hiperc99.9-cell5-Drop3H2,0,pH,3213812,0.07446608575734984,20,0.15,2316,0.12651122625215888
DSS-cov5-hiperc99.9-cell5-Drop3H2-interaction,cov5-hiperc99.9-cell5-Drop3H2,0,interaction,3213812,0.07446608575734984,40,0.1,2501,0.11675329868052779
DSS-cov5-hiperc99.9-cell5-DropPC2-interaction,cov5-hiperc99.9-cell5-DropPC2,0,ploidy,2615690,0.0757757991199263,39,0.10256410256410256,2458,0.13954434499593166
DSS-cov5-hiperc99.9-cell5-DropPC2-interaction,cov5-hiperc99.9-cell5-DropPC2,0,pH,2615690,0.0757757991199263,27,0.2962962962962963,1757,0.15139442231075698
DSS-cov5-hiperc99.9-cell5-DropPC2-interaction,cov5-hiperc99.9-cell5-DropPC2,0,interaction,2615690,0.0757757991199263,25,0.2,2554,0.12490211433046201
DSS-cov5-hiperc99.9-cell5-OutRM-interaction,cov5-hiperc99.9-cell5-OutRM,0,ploidy,2808640,0.07623618548478979,40,0.35,2365,0.1331923890063425
DSS-cov5-hiperc99.9-cell5-OutRM-interaction,cov5-hiperc99.9-cell5-OutRM,0,pH,2808640,0.07623618548478979,19,0.2631578947368421,2190,0.13333333333333333
DSS-cov5-hiperc99.9-cell5-OutRM-interaction,cov5-hiperc99.9-cell5-OutRM,0,interaction,2808640,0.07623618548478979,39,0.07692307692307693,2406,0.12094763092269327
DSS-cov5-hiperc99.9-cell5-meth10-All-interaction,cov5-hiperc99.9-cell5-meth10-All,0,ploidy,558833,0.12448441663251812,187,0.18181818181818182,2358,0.1344359626802375
DSS-cov5-hiperc99.9-cell5-meth10-All-interaction,cov5-hiperc99.9-cell5-meth10-All,0,pH,558833,0.12448441663251812,185,0.15135135135135136,2219,0.15187021180712032
DSS-cov5-hiperc99.9-cell5-meth10-All-interaction,cov5-hiperc99.9-cell5-meth10-All,0,interaction,558833,0.12448441663251812,280,0.10357142857142858,2729,0.11982411139611579
DSS-cov5-hiperc99.9-cell5-meth10-All-interaction-perm1,cov5-hiperc99.9-cell5-meth10-All,1,ploidy,558833,0.12448441663251812,73,0.136986301369863,1559,0.1340602950609365
DSS-cov5-hiperc99.9-cell5-meth10-All-interaction-perm1,cov5-hiperc99.9-cell5-meth10-All,1,pH,558833,0.12448441663251812,93,0.10752688172043011,1666,0.13145258103241297
DSS-cov5-hiperc99.9-cell5-meth10-All-interaction-perm1,cov5-hiperc99.9-cell5-meth10-All,1,interaction,558833,0.12448441663251812,262,0.13740458015267176,2459,0.12484749898332656
DSS-cov5-hiperc99.9-cell5-meth10-All-interaction-perm10,cov5-hiperc99.9-cell5-meth10-All,10,ploidy,558833,0.12448441663251812,60,0.15,1570,0.13821656050955414
DSS-cov5-hiperc99.9-cell5-meth10-All-interaction-perm10,cov5-hiperc99.9-cell5-meth10-All,10,pH,558833,0.12448441663251812,121,0.1487603305785124,1884,0.15711252653927812
DSS-cov5-hiperc99.9-cell5-meth10-All-interaction-perm10,cov5-hiperc99.9-cell5-meth10-All,10,interaction,558833,0.12448441663251812,408,0.0857843137254902,2993,0.10791847644503842
DSS-cov5-hiperc99.9-cell5-meth10-All-interaction-perm100,cov5-hiperc99.9-cell5-meth10-All,100,ploidy,558833,0.12448441663251812,36,0.08333333333333333,1365,0.1304029304029304
DSS-cov5-hiperc99.9-cell5-meth10-All-interaction-perm100,cov5-hiperc99.9-cell5-meth10-All,100,pH,558833,0.12448441663251812,72,0.16666666666666666,1410,0.12624113475177304
DSS-cov5-hiperc99.9-cell5-meth10-All-interaction-perm100,cov5-hiperc99.9-cell5-meth10-All,100,interaction,558833,0.12448441663251812,126,0.1349206349206349,1958,0.127170582226762
DSS-cov5-hiperc99.9-cell5-meth10-All-interaction-perm11,cov5-hiperc99.9-cell5-meth10-All,11,ploidy,558833,0.12448441663251812,200,0.165,2090,0.15454545454545454
DSS-cov5-hiperc99.9-cell5-meth10-All-interaction-perm11,cov5-hiperc99.9-cell5-meth10-All,11,pH,558833,0.12448441663251812,476,0.13865546218487396,3204,0.13607990012484394
DSS-cov5-hiperc99.9-cell5-meth10-All-interaction-perm11,cov5-hiperc99.9-cell5-meth10-All,11,interaction,558833,0.12448441663251812,193,0.15025906735751296,2387,0.13908671973188103
DSS-cov5-hiperc99.9-cell5-meth10-All-interaction-perm12,cov5-hiperc99.9-cell5-meth10-All,12,ploidy,558833,0.12448441663251812,148,0.16891891891891891,2111,0.14021790620558977
DSS-cov5-hiperc99.9-cell5-meth10-All-interaction-perm12,cov5-hiperc99.9-cell5-meth10-All,12,pH,558833,0.12448441663251812,81,0.14814814814814814,1611,0.12352576039726877
DSS-cov5-hiperc99.9-cell5-meth10-All-interaction-perm12,cov5-hiperc99.9-cell5-meth10-All,12,interaction,558833,0.12448441663251812,250,0.16,2305,0.15878524945770064
DSS-cov5-hiperc99.9-cell5-meth10-All-interaction-perm13,cov5-hiperc99.9-cell5-meth10-All,13,ploidy,558833,0.12448441663251812,223,0.19282511210762332,2128,0.14050751879699247
DSS-cov5-hiperc99.9-cell5-meth10-All-interaction-perm13,cov5-hiperc99.9-cell5-meth10-All,13,pH,558833,0.12448441663251812,70,0.14285714285714285,1756,0.11503416856492027
DSS-cov5-hiperc99.9-cell5-meth10-All-interaction-perm13,cov5-hiperc99.9-cell5-meth10-All,13,interaction,558833,0.12448441663251812,84,0.09523809523809523,1498,0.12216288384512683
DSS-cov5-hiperc99.9-cell5-meth10-All-interaction-perm14,cov5-hiperc99.9-cell5-meth10-All,14,ploidy,558833,0.12448441663251812,279,0.12903225806451613,2474,0.12853678253839934
DSS-cov5-hiperc99.9-cell5-meth10-All-interaction-perm14,cov5-hiperc99.9-cell5-meth10-All,14,pH,558833,0.12448441663251812,58,0.10344827586206896,1528,0.1263089005235602
DSS-cov5-hiperc99.9-cell5-meth10-All-interaction-perm14,cov5-hiperc99.9-cell5-meth10-All,14,interaction,558833,0.12448441663251812,532,0.15601503759398497,2840,0.15528169014084506
DSS-cov5-hiperc99.9-cell5-meth10-All-interaction-perm15,cov5-hiperc99.9-cell5-meth10-All,15,ploidy,558833,0.12448441663251812,234,0.17094017094017094,2186,0.1495882891125343
DSS-cov5-hiperc99.9-cell5-meth10-All-interaction-perm15,cov5-hiperc99.9-cell5-meth10-All,15,pH,558833,0.12448441663251812,125,0.112,1869,0.14446227929373998
DSS-cov5-hiperc99.9-cell5-meth10-All-interaction-perm15,cov5-hiperc99.9-cell5-meth10-All,15,interaction,558833,0.12448441663251812,130,0.1,2068,0.1281431334622824
DSS-cov5-hiperc99.9-cell5-meth10-All-interaction-perm16,cov5-hiperc99.9-cell5-meth10-All,16,ploidy,558833,0.12448441663251812,218,0.16972477064220184,2334,0.14138817480719795
DSS-cov5-hiperc99.9-cell5-meth10-All-interaction-perm16,cov5-hiperc99.9-cell5-meth10-All,16,pH,558833,0.12448441663251812,142,0.14788732394366197,1968,0.12804878048780488
DSS-cov5-hiperc99.9-cell5-meth10-All-interaction-perm16,cov5-hiperc99.9-cell5-meth10-All,16,interaction,558833,0.12448441663251812,70,0.17142857142857143,1664,0.11778846153846154
DSS-cov5-hiperc99.9-cell5-meth10-All-interaction-perm17,cov5-hiperc99.9-cell5-meth10-All,17,ploidy,558833,0.12448441663251812,99,0.20202020202020202,1868,0.1418629550321199
DSS-cov5-hiperc99.9-cell5-meth10-All-interaction-perm17,cov5-hiperc99.9-cell5-meth10-All,17,pH,558833,0.12448441663251812,289,0.11764705882352941,2155,0.1308584686774942
DSS-cov5-hiperc99.9-cell5-meth10-All-interaction-perm17,cov5-hiperc99.9-cell5-meth10-All,17,interaction,558833,0.12448441663251812,260,0.16538461538461538,2387,0.15039798910766652
DSS-cov5-hiperc99.9-cell5-meth10-All-interaction-perm18,cov5-hiperc99.9-cell5-meth10-All,18,ploidy,558833,0.12448441663251812,241,0.15352697095435686,2153,0.14398513701811425
DSS-cov5-hiperc99.9-cell5-meth10-All-interaction-perm18,cov5-hiperc99.9-cell5-meth10-All,18,pH,558833,0.12448441663251812,102,0.1568627450980392,1833,0.12929623567921442
DSS-cov5-hiperc99.9-cell5-meth10-All-interaction-perm18,cov5-hiperc99.9-cell5-meth10-All,18,interaction,558833,0.12448441663251812,187,0.1657754010695187,1936,0.14824380165289255
DSS-cov5-hiperc99.9-cell5-meth10-All-interaction-perm19,cov5-hiperc99.9-cell5-meth10-All,19,ploidy,558833,0.12448441663251812,365,0.13424657534246576,2248,0.1396797153024911
DSS-cov5-hiperc99.9-cell5-meth10-All-interaction-perm19,cov5-hiperc99.9-cell5-meth10-All,19,pH,558833,0.12448441663251812,59,0.15254237288135594,1445,0.1273356401384083
DSS-cov5-hiperc99.9-cell5-meth10-All-interaction-perm19,cov5-hiperc99.9-cell5-meth10-All,19,interaction,558833,0.12448441663251812,86,0.13953488372093023,1787,0.13598209289311697
DSS-cov5-hiperc99.9-cell5-meth10-All-interaction-perm2,cov5-hiperc99.9-cell5-meth10-All,2,ploidy,558833,0.12448441663251812,242,0.1487603305785124,2319,0.1366968520914187
DSS-cov5-hiperc99.9-cell5-meth10-All-interaction-perm2,cov5-hiperc99.9-cell5-meth10-All,2,pH,558833,0.12448441663251812,60,0.08333333333333333,1496,0.1303475935828877
DSS-cov5-hiperc99.9-cell5-meth10-All-interaction-perm2,cov5-hiperc99.9-cell5-meth10-All,2,interaction,558833,0.12448441663251812,125,0.176,1989,0.14177978883861236
DSS-cov5-hiperc99.9-cell5-meth10-All-interaction-perm20,cov5-hiperc99.9-cell5-meth10-All,20,ploidy,558833,0.12448441663251812,120,0.20833333333333334,1812,0.13189845474613687
DSS-cov5-hiperc99.9-cell5-meth10-All-interaction-perm20,cov5-hiperc99.9-cell5-meth10-All,20,pH,558833,0.12448441663251812,113,0.10619469026548672,2088,0.12691570881226052
DSS-cov5-hiperc99.9-cell5-meth10-All-interaction-perm20,cov5-hiperc99.9-cell5-meth10-All,20,interaction,558833,0.12448441663251812,130,0.15384615384615385,1957,0.14103219213081247
DSS-cov5-hiperc99.9-cell5-meth10-All-interaction-perm21,cov5-hiperc99.9-cell5-meth10-All,21,ploidy,558833,0.12448441663251812,186,0.1989247311827957,1790,0.1569832402234637
DSS-cov5-hiperc99.9-cell5-meth10-All-interaction-perm21,cov5-hiperc99.9-cell5-meth10-All,21,pH,558833,0.12448441663251812,226,0.1415929203539823,2128,0.14332706766917294
DSS-cov5-hiperc99.9-cell5-meth10-All-interaction-perm21,cov5-hiperc99.9-cell5-meth10-All,21,interaction,558833,0.12448441663251812,329,0.182370820668693,2683,0.14200521803950802
DSS-cov5-hiperc99.9-cell5-meth10-All-interaction-perm22,cov5-hiperc99.9-cell5-meth10-All,22,ploidy,558833,0.12448441663251812,56,0.16071428571428573,1450,0.1310344827586207
DSS-cov5-hiperc99.9-cell5-meth10-All-interaction-perm22,cov5-hiperc99.9-cell5-meth10-All,22,pH,558833,0.12448441663251812,143,0.11888111888111888,1994,0.12938816449348045
DSS-cov5-hiperc99.9-cell5-meth10-All-interaction-perm22,cov5-hiperc99.9-cell5-meth10-All,22,interaction,558833,0.12448441663251812,98,0.19387755102040816,1761,0.12379329926178308
DSS-cov5-hiperc99.9-cell5-meth10-All-interaction-perm23,cov5-hiperc99.9-cell5-meth10-All,23,ploidy,558833,0.12448441663251812,317,0.17350157728706625,2922,0.14544832306639288
DSS-cov5-hiperc99.9-cell5-meth10-All-interaction-perm23,cov5-hiperc99.9-cell5-meth10-All,23,pH,558833,0.12448441663251812,118,0.13559322033898305,1920,0.13958333333333334
DSS-cov5-hiperc99.9-cell5-meth10-All-interaction-perm23,cov5-hiperc99.9-cell5-meth10-All,23,interaction,558833,0.12448441663251812,157,0.1337579617834395,2024,0.12055335968379446
DSS-cov5-hiperc99.9-cell5-meth10-All-interaction-perm24,cov5-hiperc99.9-cell5-meth10-All,24,ploidy,558833,0.12448441663251812,86,0.16279069767441862,1684,0.12292161520190023
DSS-cov5-hiperc99.9-cell5-meth10-All-interaction-perm24,cov5-hiperc99.9-cell5-meth10-All,24,pH,558833,0.12448441663251812,56,0.16071428571428573,1665,0.11291291291291292
DSS-cov5-hiperc99.9-cell5-meth10-All-interaction-perm24,cov5-hiperc99.9-cell5-meth10-All,24,interaction,558833,0.12448441663251812,112,0.10714285714285714,1864,0.11319742489270386
DSS-cov5-hiperc99.9-cell5-meth10-All-interaction-perm25,cov5-hiperc99.9-cell5-meth10-All,25,ploidy,558833,0.12448441663251812,83,0.10843373493975904,1875,0.12106666666666667
DSS-cov5-hiperc99.9-cell5-meth10-All-interaction-perm25,cov5-hiperc99.9-cell5-meth10-All,25,pH,558833,0.12448441663251812,160,0.175,2069,0.1333977767037216
DSS-cov5-hiperc99.9-cell5-meth10-All-interaction-perm25,cov5-hiperc99.9-cell5-meth10-All,25,interaction,558833,0.12448441663251812,367,0.16076294277929154,2691,0.16127833519137866
DSS-cov5-hiperc99.9-cell5-meth10-All-interaction-perm26,cov5-hiperc99.9-cell5-meth10-All,26,ploidy,558833,0.12448441663251812,364,0.20054945054945056,2583,0.1664730933023616
DSS-cov5-hiperc99.9-cell5-meth10-All-interaction-perm26,cov5-hiperc99.9-cell5-meth10-All,26,pH,558833,0.12448441663251812,210,0.12380952380952381,2234,0.13070725156669652
DSS-cov5-hiperc99.9-cell5-meth10-All-interaction-perm26,cov5-hiperc99.9-cell5-meth10-All,26,interaction,558833,0.12448441663251812,303,0.20462046204620463,2510,0.15378486055776894
DSS-cov5-hiperc99.9-cell5-meth10-All-interaction-perm27,cov5-hiperc99.9-cell5-meth10-All,27,ploidy,558833,0.12448441663251812,428,0.17289719626168223,2815,0.15843694493783303
DSS-cov5-hiperc99.9-cell5-meth10-All-interaction-perm27,cov5-hiperc99.9-cell5-meth10-All,27,pH,558833,0.12448441663251812,101,0.1782178217821782,1666,0.13745498199279713
DSS-cov5-hiperc99.9-cell5-meth10-All-interaction-perm27,cov5-hiperc99.9-cell5-meth10-All,27,interaction,558833,0.12448441663251812,262,0.13740458015267176,2169,0.13001383125864455
DSS-cov5-hiperc99.9-cell5-meth10-All-interaction-perm28,cov5-hiperc99.9-cell5-meth10-All,28,ploidy,558833,0.12448441663251812,119,0.226890756302521,2081,0.1513695338779433
DSS-cov5-hiperc99.9-cell5-meth10-All-interaction-perm28,cov5-hiperc99.9-cell5-meth10-All,28,pH,558833,0.12448441663251812,127,0.18110236220472442,1818,0.13091309130913092
DSS-cov5-hiperc99.9-cell5-meth10-All-interaction-perm28,cov5-hiperc99.9-cell5-meth10-All,28,interaction,558833,0.12448441663251812,37,0.1891891891891892,1490,0.12080536912751678
DSS-cov5-hiperc99.9-cell5-meth10-All-interaction-perm29,cov5-hiperc99.9-cell5-meth10-All,29,ploidy,558833,0.12448441663251812,462,0.15367965367965367,2819,0.13905640297978006
DSS-cov5-hiperc99.9-cell5-meth10-All-interaction-perm29,cov5-hiperc99.9-cell5-meth10-All,29,pH,558833,0.12448441663251812,46,0.15217391304347827,1639,0.12446613788895668
DSS-cov5-hiperc99.9-cell5-meth10-All-interaction-perm29,cov5-hiperc99.9-cell5-meth10-All,29,interaction,558833,0.12448441663251812,43,0.13953488372093023,1374,0.12299854439592431
DSS-cov5-hiperc99.9-cell5-meth10-All-interaction-perm3,cov5-hiperc99.9-cell5-meth10-All,3,ploidy,558833,0.12448441663251812,126,0.12698412698412698,2172,0.1141804788213628
DSS-cov5-hiperc99.9-cell5-meth10-All-interaction-perm3,cov5-hiperc99.9-cell5-meth10-All,3,pH,558833,0.12448441663251812,76,0.11842105263157894,1634,0.13586291309669524
DSS-cov5-hiperc99.9-cell5-meth10-All-interaction-perm3,cov5-hiperc99.9-cell5-meth10-All,3,interaction,558833,0.12448441663251812,76,0.15789473684210525,1595,0.1310344827586207
DSS-cov5-hiperc99.9-cell5-meth10-All-interaction-perm30,cov5-hiperc99.9-cell5-meth10-All,30,ploidy,558833,0.12448441663251812,103,0.08737864077669903,1995,0.12731829573934836
DSS-cov5-hiperc99.9-cell5-meth10-All-interaction-perm30,cov5-hiperc99.9-cell5-meth10-All,30,pH,558833,0.12448441663251812,40,0.125,1222,0.11292962356792144
DSS-cov5-hiperc99.9-cell5-meth10-All-interaction-perm30,cov5-hiperc99.9-cell5-meth10-All,30,interaction,558833,0.12448441663251812,45,0.08888888888888889,1616,0.1318069306930693
DSS-cov5-hiperc99.9-cell5-meth10-All-interaction-perm31,cov5-hiperc99.9-cell5-meth10-All,31,ploidy,558833,0.12448441663251812,197,0.14213197969543148,2230,0.12197309417040358
DSS-cov5-hiperc99.9-cell5-meth10-All-interaction-perm31,cov5-hiperc99.9-cell5-meth10-All,31,pH,558833,0.12448441663251812,107,0.1588785046728972,1774,0.13923337091319052
DSS-cov5-hiperc99.9-cell5-meth10-All-interaction-perm31,cov5-hiperc99.9-cell5-meth10-All,31,interaction,558833,0.12448441663251812,457,0.16630196936542668,2836,0.15550070521861778
DSS-cov5-hiperc99.9-cell5-meth10-All-interaction-perm32,cov5-hiperc99.9-cell5-meth10-All,32,ploidy,558833,0.12448441663251812,166,0.12048192771084337,2013,0.12021857923497267
DSS-cov5-hiperc99.9-cell5-meth10-All-interaction-perm32,cov5-hiperc99.9-cell5-meth10-All,32,pH,558833,0.12448441663251812,89,0.0898876404494382,1584,0.13383838383838384
DSS-cov5-hiperc99.9-cell5-meth10-All-interaction-perm32,cov5-hiperc99.9-cell5-meth10-All,32,interaction,558833,0.12448441663251812,145,0.15172413793103448,2211,0.12121212121212122
DSS-cov5-hiperc99.9-cell5-meth10-All-interaction-perm33,cov5-hiperc99.9-cell5-meth10-All,33,ploidy,558833,0.12448441663251812,178,0.14606741573033707,1988,0.12625754527162977
DSS-cov5-hiperc99.9-cell5-meth10-All-interaction-perm33,cov5-hiperc99.9-cell5-meth10-All,33,pH,558833,0.12448441663251812,190,0.1736842105263158,1975,0.1488607594936709
DSS-cov5-hiperc99.9-cell5-meth10-All-interaction-perm33,cov5-hiperc99.9-cell5-meth10-All,33,interaction,558833,0.12448441663251812,109,0.1926605504587156,1993,0.13898645258404416
DSS-cov5-hiperc99.9-cell5-meth10-All-interaction-perm34,cov5-hiperc99.9-cell5-meth10-All,34,ploidy,558833,0.12448441663251812,226,0.18141592920353983,2144,0.14832089552238806
DSS-cov5-hiperc99.9-cell5-meth10-All-interaction-perm34,cov5-hiperc99.9-cell5-meth10-All,34,pH,558833,0.12448441663251812,120,0.19166666666666668,1960,0.12142857142857143
DSS-cov5-hiperc99.9-cell5-meth10-All-interaction-perm34,cov5-hiperc99.9-cell5-meth10-All,34,interaction,558833,0.12448441663251812,67,0.23880597014925373,1491,0.14017437961099932
DSS-cov5-hiperc99.9-cell5-meth10-All-interaction-perm35,cov5-hiperc99.9-cell5-meth10-All,35,ploidy,558833,0.12448441663251812,515,0.14563106796116504,2919,0.13737581363480644
DSS-cov5-hiperc99.9-cell5-meth10-All-interaction-perm35,cov5-hiperc99.9-cell5-meth10-All,35,pH,558833,0.12448441663251812,156,0.1346153846153846,2017,0.12097174020823004
DSS-cov5-hiperc99.9-cell5-meth10-All-interaction-perm35,cov5-hiperc99.9-cell5-meth10-All,35,interaction,558833,0.12448441663251812,42,0.14285714285714285,1675,0.11641791044776119
DSS-cov5-hiperc99.9-cell5-meth10-All-interaction-perm36,cov5-hiperc99.9-cell5-meth10-All,36,ploidy,558833,0.12448441663251812,518,0.18532818532818532,2607,0.1714614499424626
DSS-cov5-hiperc99.9-cell5-meth10-All-interaction-perm36,cov5-hiperc99.9-cell5-meth10-All,36,pH,558833,0.12448441663251812,286,0.17132867132867133,2226,0.14330637915543576
DSS-cov5-hiperc99.9-cell5-meth10-All-interaction-perm36,cov5-hiperc99.9-cell5-meth10-All,36,interaction,558833,0.12448441663251812,213,0.1596244131455399,2324,0.14371772805507746
DSS-cov5-hiperc99.9-cell5-meth10-All-interaction-perm37,cov5-hiperc99.9-cell5-meth10-All,37,ploidy,558833,0.12448441663251812,87,0.08045977011494253,1592,0.10866834170854271
DSS-cov5-hiperc99.9-cell5-meth10-All-interaction-perm37,cov5-hiperc99.9-cell5-meth10-All,37,pH,558833,0.12448441663251812,494,0.18218623481781376,2872,0.14415041782729804
DSS-cov5-hiperc99.9-cell5-meth10-All-interaction-perm37,cov5-hiperc99.9-cell5-meth10-All,37,interaction,558833,0.12448441663251812,131,0.17557251908396945,1995,0.13784461152882205
DSS-cov5-hiperc99.9-cell5-meth10-All-interaction-perm38,cov5-hiperc99.9-cell5-meth10-All,38,ploidy,558833,0.12448441663251812,157,0.20382165605095542,1664,0.14963942307692307
DSS-cov5-hiperc99.9-cell5-meth10-All-interaction-perm38,cov5-hiperc99.9-cell5-meth10-All,38,pH,558833,0.12448441663251812,61,0.08196721311475409,1413,0.11818825194621373
DSS-cov5-hiperc99.9-cell5-meth10-All-interaction-perm38,cov5-hiperc99.9-cell5-meth10-All,38,interaction,558833,0.12448441663251812,51,0.09803921568627451,1496,0.11096256684491979
DSS-cov5-hiperc99.9-cell5-meth10-All-interaction-perm39,cov5-hiperc99.9-cell5-meth10-All,39,ploidy,558833,0.12448441663251812,435,0.16091954022988506,2825,0.13238938053097346
DSS-cov5-hiperc99.9-cell5-meth10-All-interaction-perm39,cov5-hiperc99.9-cell5-meth10-All,39,pH,558833,0.12448441663251812,104,0.16346153846153846,1727,0.1372321945570353
DSS-cov5-hiperc99.9-cell5-meth10-All-interaction-perm39,cov5-hiperc99.9-cell5-meth10-All,39,interaction,558833,0.12448441663251812,72,0.125,1634,0.1456548347613219
DSS-cov5-hiperc99.9-cell5-meth10-All-interaction-perm4,cov5-hiperc99.9-cell5-meth10-All,4,ploidy,558833,0.12448441663251812,276,0.13043478260869565,2484,0.12278582930756844
DSS-cov5-hiperc99.9-cell5-meth10-All-interaction-perm4,cov5-hiperc99.9-cell5-meth10-All,4,pH,558833,0.12448441663251812,181,0.10497237569060773,2169,0.12770862148455508
DSS-cov5-hiperc99.9-cell5-meth10-All-interaction-perm4,cov5-hiperc99.9-cell5-meth10-All,4,interaction,558833,0.12448441663251812,30,0.16666666666666666,1415,0.11802120141342756
DSS-cov5-hiperc99.9-cell5-meth10-All-interaction-perm40,cov5-hiperc99.9-cell5-meth10-All,40,ploidy,558833,0.12448441663251812,172,0.19186046511627908,2209,0.1480307831598008
DSS-cov5-hiperc99.9-cell5-meth10-All-interaction-perm40,cov5-hiperc99.9-cell5-meth10-All,40,pH,558833,0.12448441663251812,129,0.16279069767441862,1909,0.13724463069669984
DSS-cov5-hiperc99.9-cell5-meth10-All-interaction-perm40,cov5-hiperc99.9-cell5-meth10-All,40,interaction,558833,0.12448441663251812,22,0.045454545454545456,1402,0.11840228245363767
DSS-cov5-hiperc99.9-cell5-meth10-All-interaction-perm41,cov5-hiperc99.9-cell5-meth10-All,41,ploidy,558833,0.12448441663251812,327,0.1834862385321101,2656,0.15737951807228914
DSS-cov5-hiperc99.9-cell5-meth10-All-interaction-perm41,cov5-hiperc99.9-cell5-meth10-All,41,pH,558833,0.12448441663251812,294,0.11904761904761904,2579,0.12252811167119039
DSS-cov5-hiperc99.9-cell5-meth10-All-interaction-perm41,cov5-hiperc99.9-cell5-meth10-All,41,interaction,558833,0.12448441663251812,149,0.18791946308724833,2063,0.13475521085797382
DSS-cov5-hiperc99.9-cell5-meth10-All-interaction-perm42,cov5-hiperc99.9-cell5-meth10-All,42,ploidy,558833,0.12448441663251812,104,0.17307692307692307,1614,0.11833952912019827
DSS-cov5-hiperc99.9-cell5-meth10-All-interaction-perm42,cov5-hiperc99.9-cell5-meth10-All,42,pH,558833,0.12448441663251812,69,0.13043478260869565,1780,0.13764044943820225
DSS-cov5-hiperc99.9-cell5-meth10-All-interaction-perm42,cov5-hiperc99.9-cell5-meth10-All,42,interaction,558833,0.12448441663251812,120,0.16666666666666666,2021,0.12963879267689263
DSS-cov5-hiperc99.9-cell5-meth10-All-interaction-perm43,cov5-hiperc99.9-cell5-meth10-All,43,ploidy,558833,0.12448441663251812,178,0.1853932584269663,2014,0.14299900695134063
DSS-cov5-hiperc99.9-cell5-meth10-All-interaction-perm43,cov5-hiperc99.9-cell5-meth10-All,43,pH,558833,0.12448441663251812,304,0.14473684210526316,2547,0.15076560659599528
DSS-cov5-hiperc99.9-cell5-meth10-All-interaction-perm43,cov5-hiperc99.9-cell5-meth10-All,43,interaction,558833,0.12448441663251812,693,0.17027417027417027,3305,0.15703479576399396
DSS-cov5-hiperc99.9-cell5-meth10-All-interaction-perm44,cov5-hiperc99.9-cell5-meth10-All,44,ploidy,558833,0.12448441663251812,100,0.11,1644,0.13442822384428224
DSS-cov5-hiperc99.9-cell5-meth10-All-interaction-perm44,cov5-hiperc99.9-cell5-meth10-All,44,pH,558833,0.12448441663251812,151,0.17880794701986755,2066,0.15392061955469508
DSS-cov5-hiperc99.9-cell5-meth10-All-interaction-perm44,cov5-hiperc99.9-cell5-meth10-All,44,interaction,558833,0.12448441663251812,199,0.15577889447236182,2208,0.14402173913043478
DSS-cov5-hiperc99.9-cell5-meth10-All-interaction-perm45,cov5-hiperc99.9-cell5-meth10-All,45,ploidy,558833,0.12448441663251812,150,0.17333333333333334,2180,0.14954128440366973
DSS-cov5-hiperc99.9-cell5-meth10-All-interaction-perm45,cov5-hiperc99.9-cell5-meth10-All,45,pH,558833,0.12448441663251812,608,0.1875,3219,0.15874495184840012
DSS-cov5-hiperc99.9-cell5-meth10-All-interaction-perm45,cov5-hiperc99.9-cell5-meth10-All,45,interaction,558833,0.12448441663251812,892,0.15695067264573992,3585,0.15230125523012553
DSS-cov5-hiperc99.9-cell5-meth10-All-interaction-perm46,cov5-hiperc99.9-cell5-meth10-All,46,ploidy,558833,0.12448441663251812,166,0.16265060240963855,2181,0.13984410820724438
DSS-cov5-hiperc99.9-cell5-meth10-All-interaction-perm46,cov5-hiperc99.9-cell5-meth10-All,46,pH,558833,0.12448441663251812,228,0.20175438596491227,2307,0.14911140008669269
DSS-cov5-hiperc99.9-cell5-meth10-All-interaction-perm46,cov5-hiperc99.9-cell5-meth10-All,46,interaction,558833,0.12448441663251812,256,0.09765625,2711,0.12762818148284766
DSS-cov5-hiperc99.9-cell5-meth10-All-interaction-perm47,cov5-hiperc99.9-cell5-meth10-All,47,ploidy,558833,0.12448441663251812,349,0.14040114613180515,2383,0.14645404951741503
DSS-cov5-hiperc99.9-cell5-meth10-All-interaction-perm47,cov5-hiperc99.9-cell5-meth10-All,47,pH,558833,0.12448441663251812,208,0.15384615384615385,2528,0.12460443037974683
DSS-cov5-hiperc99.9-cell5-meth10-All-interaction-perm47,cov5-hiperc99.9-cell5-meth10-All,47,interaction,558833,0.12448441663251812,364,0.1978021978021978,2606,0.15272448196469685
DSS-cov5-hiperc99.9-cell5-meth10-All-interaction-perm48,cov5-hiperc99.9-cell5-meth10-All,48,ploidy,558833,0.12448441663251812,133,0.12030075187969924,1807,0.1261759822910902
DSS-cov5-hiperc99.9-cell5-meth10-All-interaction-perm48,cov5-hiperc99.9-cell5-meth10-All,48,pH,558833,0.12448441663251812,242,0.1322314049586777,2444,0.13379705400981998
DSS-cov5-hiperc99.9-cell5-meth10-All-interaction-perm48,cov5-hiperc99.9-cell5-meth10-All,48,interaction,558833,0.12448441663251812,129,0.16279069767441862,1872,0.13034188034188035
DSS-cov5-hiperc99.9-cell5-meth10-All-interaction-perm49,cov5-hiperc99.9-cell5-meth10-All,49,ploidy,558833,0.12448441663251812,288,0.13541666666666666,2832,0.13665254237288135
DSS-cov5-hiperc99.9-cell5-meth10-All-interaction-perm49,cov5-hiperc99.9-cell5-meth10-All,49,pH,558833,0.12448441663251812,66,0.15151515151515152,1673,0.14166168559474
DSS-cov5-hiperc99.9-cell5-meth10-All-interaction-perm49,cov5-hiperc99.9-cell5-meth10-All,49,interaction,558833,0.12448441663251812,120,0.18333333333333332,1696,0.12441037735849056
DSS-cov5-hiperc99.9-cell5-meth10-All-interaction-perm5,cov5-hiperc99.9-cell5-meth10-All,5,ploidy,558833,0.12448441663251812,168,0.1130952380952381,2024,0.1432806324110672
DSS-cov5-hiperc99.9-cell5-meth10-All-interaction-perm5,cov5-hiperc99.9-cell5-meth10-All,5,pH,558833,0.12448441663251812,204,0.1715686274509804,2171,0.1312759097190235
DSS-cov5-hiperc99.9-cell5-meth10-All-interaction-perm5,cov5-hiperc99.9-cell5-meth10-All,5,interaction,558833,0.12448441663251812,628,0.13535031847133758,3173,0.13835486920895051
DSS-cov5-hiperc99.9-cell5-meth10-All-interaction-perm50,cov5-hiperc99.9-cell5-meth10-All,50,ploidy,558833,0.12448441663251812,118,0.1271186440677966,1905,0.11601049868766404
DSS-cov5-hiperc99.9-cell5-meth10-All-interaction-perm50,cov5-hiperc99.9-cell5-meth10-All,50,pH,558833,0.12448441663251812,61,0.22950819672131148,1515,0.12871287128712872
DSS-cov5-hiperc99.9-cell5-meth10-All-interaction-perm50,cov5-hiperc99.9-cell5-meth10-All,50,interaction,558833,0.12448441663251812,152,0.16447368421052633,2160,0.11203703703703703
DSS-cov5-hiperc99.9-cell5-meth10-All-interaction-perm51,cov5-hiperc99.9-cell5-meth10-All,51,ploidy,558833,0.12448441663251812,38,0.10526315789473684,1706,0.1271981242672919
DSS-cov5-hiperc99.9-cell5-meth10-All-interaction-perm51,cov5-hiperc99.9-cell5-meth10-All,51,pH,558833,0.12448441663251812,79,0.12658227848101267,1632,0.13664215686274508
DSS-cov5-hiperc99.9-cell5-meth10-All-interaction-perm51,cov5-hiperc99.9-cell5-meth10-All,51,interaction,558833,0.12448441663251812,344,0.13953488372093023,2232,0.13978494623655913
DSS-cov5-hiperc99.9-cell5-meth10-All-interaction-perm52,cov5-hiperc99.9-cell5-meth10-All,52,ploidy,558833,0.12448441663251812,184,0.15760869565217392,2288,0.12543706293706294
DSS-cov5-hiperc99.9-cell5-meth10-All-interaction-perm52,cov5-hiperc99.9-cell5-meth10-All,52,pH,558833,0.12448441663251812,79,0.12658227848101267,1667,0.1247750449910018
DSS-cov5-hiperc99.9-cell5-meth10-All-interaction-perm52,cov5-hiperc99.9-cell5-meth10-All,52,interaction,558833,0.12448441663251812,47,0.10638297872340426,1398,0.11015736766809728
DSS-cov5-hiperc99.9-cell5-meth10-All-interaction-perm53,cov5-hiperc99.9-cell5-meth10-All,53,ploidy,558833,0.12448441663251812,144,0.1527777777777778,1889,0.11752249867654843
DSS-cov5-hiperc99.9-cell5-meth10-All-interaction-perm53,cov5-hiperc99.9-cell5-meth10-All,53,pH,558833,0.12448441663251812,236,0.09745762711864407,2321,0.14088754847048685
DSS-cov5-hiperc99.9-cell5-meth10-All-interaction-perm53,cov5-hiperc99.9-cell5-meth10-All,53,interaction,558833,0.12448441663251812,131,0.21374045801526717,1736,0.14400921658986174
DSS-cov5-hiperc99.9-cell5-meth10-All-interaction-perm54,cov5-hiperc99.9-cell5-meth10-All,54,ploidy,558833,0.12448441663251812,107,0.07476635514018691,1748,0.11270022883295194
DSS-cov5-hiperc99.9-cell5-meth10-All-interaction-perm54,cov5-hiperc99.9-cell5-meth10-All,54,pH,558833,0.12448441663251812,394,0.1548223350253807,2541,0.1349862258953168
DSS-cov5-hiperc99.9-cell5-meth10-All-interaction-perm54,cov5-hiperc99.9-cell5-meth10-All,54,interaction,558833,0.12448441663251812,342,0.15789473684210525,2817,0.14909478168264112
DSS-cov5-hiperc99.9-cell5-meth10-All-interaction-perm55,cov5-hiperc99.9-cell5-meth10-All,55,ploidy,558833,0.12448441663251812,243,0.12757201646090535,2037,0.12812960235640647
DSS-cov5-hiperc99.9-cell5-meth10-All-interaction-perm55,cov5-hiperc99.9-cell5-meth10-All,55,pH,558833,0.12448441663251812,133,0.15037593984962405,1801,0.13048306496390893
DSS-cov5-hiperc99.9-cell5-meth10-All-interaction-perm55,cov5-hiperc99.9-cell5-meth10-All,55,interaction,558833,0.12448441663251812,53,0.16981132075471697,1269,0.13947990543735225
DSS-cov5-hiperc99.9-cell5-meth10-All-interaction-perm56,cov5-hiperc99.9-cell5-meth10-All,56,ploidy,558833,0.12448441663251812,68,0.19117647058823528,1596,0.14035087719298245
DSS-cov5-hiperc99.9-cell5-meth10-All-interaction-perm56,cov5-hiperc99.9-cell5-meth10-All,56,pH,558833,0.12448441663251812,249,0.1566265060240964,2532,0.1188783570300158
DSS-cov5-hiperc99.9-cell5-meth10-All-interaction-perm56,cov5-hiperc99.9-cell5-meth10-All,56,interaction,558833,0.12448441663251812,154,0.11038961038961038,1975,0.13974683544303798
DSS-cov5-hiperc99.9-cell5-meth10-All-interaction-perm57,cov5-hiperc99.9-cell5-meth10-All,57,ploidy,558833,0.12448441663251812,236,0.1864406779661017,2409,0.136986301369863
DSS-cov5-hiperc99.9-cell5-meth10-All-interaction-perm57,cov5-hiperc99.9-cell5-meth10-All,57,pH,558833,0.12448441663251812,52,0.07692307692307693,1375,0.128
DSS-cov5-hiperc99.9-cell5-meth10-All-interaction-perm57,cov5-hiperc99.9-cell5-meth10-All,57,interaction,558833,0.12448441663251812,312,0.16346153846153846,2304,0.1501736111111111
DSS-cov5-hiperc99.9-cell5-meth10-All-interaction-perm58,cov5-hiperc99.9-cell5-meth10-All,58,ploidy,558833,0.12448441663251812,298,0.18120805369127516,2542,0.15106215578284815
DSS-cov5-hiperc99.9-cell5-meth10-All-interaction-perm58,cov5-hiperc99.9-cell5-meth10-All,58,pH,558833,0.12448441663251812,763,0.17169069462647443,3276,0.1565934065934066
DSS-cov5-hiperc99.9-cell5-meth10-All-interaction-perm58,cov5-hiperc99.9-cell5-meth10-All,58,interaction,558833,0.12448441663251812,156,0.17307692307692307,1992,0.14809236947791166
DSS-cov5-hiperc99.9-cell5-meth10-All-interaction-perm59,cov5-hiperc99.9-cell5-meth10-All,59,ploidy,558833,0.12448441663251812,73,0.1095890410958904,1611,0.122284295468653
DSS-cov5-hiperc99.9-cell5-meth10-All-interaction-perm59,cov5-hiperc99.9-cell5-meth10-All,59,pH,558833,0.12448441663251812,59,0.13559322033898305,1403,0.11903064861012116
DSS-cov5-hiperc99.9-cell5-meth10-All-interaction-perm59,cov5-hiperc99.9-cell5-meth10-All,59,interaction,558833,0.12448441663251812,285,0.18947368421052632,2507,0.15157558835261267
DSS-cov5-hiperc99.9-cell5-meth10-All-interaction-perm6,cov5-hiperc99.9-cell5-meth10-All,6,ploidy,558833,0.12448441663251812,450,0.16,2725,0.14458715596330277
DSS-cov5-hiperc99.9-cell5-meth10-All-interaction-perm6,cov5-hiperc99.9-cell5-meth10-All,6,pH,558833,0.12448441663251812,40,0.15,1683,0.12418300653594772
DSS-cov5-hiperc99.9-cell5-meth10-All-interaction-perm6,cov5-hiperc99.9-cell5-meth10-All,6,interaction,558833,0.12448441663251812,206,0.13592233009708737,2045,0.12616136919315404
DSS-cov5-hiperc99.9-cell5-meth10-All-interaction-perm60,cov5-hiperc99.9-cell5-meth10-All,60,ploidy,558833,0.12448441663251812,182,0.13186813186813187,2027,0.12234829797730637
DSS-cov5-hiperc99.9-cell5-meth10-All-interaction-perm60,cov5-hiperc99.9-cell5-meth10-All,60,pH,558833,0.12448441663251812,86,0.12790697674418605,2108,0.12618595825426945
DSS-cov5-hiperc99.9-cell5-meth10-All-interaction-perm60,cov5-hiperc99.9-cell5-meth10-All,60,interaction,558833,0.12448441663251812,185,0.15675675675675677,2030,0.13694581280788176
DSS-cov5-hiperc99.9-cell5-meth10-All-interaction-perm61,cov5-hiperc99.9-cell5-meth10-All,61,ploidy,558833,0.12448441663251812,256,0.1484375,2052,0.1364522417153996
DSS-cov5-hiperc99.9-cell5-meth10-All-interaction-perm61,cov5-hiperc99.9-cell5-meth10-All,61,pH,558833,0.12448441663251812,368,0.15217391304347827,2572,0.14463452566096424
DSS-cov5-hiperc99.9-cell5-meth10-All-interaction-perm61,cov5-hiperc99.9-cell5-meth10-All,61,interaction,558833,0.12448441663251812,61,0.06557377049180328,1683,0.12121212121212122
DSS-cov5-hiperc99.9-cell5-meth10-All-interaction-perm62,cov5-hiperc99.9-cell5-meth10-All,62,ploidy,558833,0.12448441663251812,106,0.12264150943396226,1831,0.12179137083560895
DSS-cov5-hiperc99.9-cell5-meth10-All-interaction-perm62,cov5-hiperc99.9-cell5-meth10-All,62,pH,558833,0.12448441663251812,106,0.16037735849056603,1787,0.14101846670397314
DSS-cov5-hiperc99.9-cell5-meth10-All-interaction-perm62,cov5-hiperc99.9-cell5-meth10-All,62,interaction,558833,0.12448441663251812,73,0.1095890410958904,1837,0.1448013064779532
DSS-cov5-hiperc99.9-cell5-meth10-All-interaction-perm63,cov5-hiperc99.9-cell5-meth10-All,63,ploidy,558833,0.12448441663251812,123,0.15447154471544716,1545,0.113915857605178
DSS-cov5-hiperc99.9-cell5-meth10-All-interaction-perm63,cov5-hiperc99.9-cell5-meth10-All,63,pH,558833,0.12448441663251812,182,0.15934065934065933,1935,0.14987080103359174
DSS-cov5-hiperc99.9-cell5-meth10-All-interaction-perm63,cov5-hiperc99.9-cell5-meth10-All,63,interaction,558833,0.12448441663251812,213,0.14553990610328638,2217,0.14388813712223725
DSS-cov5-hiperc99.9-cell5-meth10-All-interaction-perm64,cov5-hiperc99.9-cell5-meth10-All,64,ploidy,558833,0.12448441663251812,280,0.175,2476,0.14378029079159935
DSS-cov5-hiperc99.9-cell5-meth10-All-interaction-perm64,cov5-hiperc99.9-cell5-meth10-All,64,pH,558833,0.12448441663251812,668,0.1437125748502994,3152,0.13007614213197968
DSS-cov5-hiperc99.9-cell5-meth10-All-interaction-perm64,cov5-hiperc99.9-cell5-meth10-All,64,interaction,558833,0.12448441663251812,270,0.16296296296296298,2353,0.1410964725881853
DSS-cov5-hiperc99.9-cell5-meth10-All-interaction-perm65,cov5-hiperc99.9-cell5-meth10-All,65,ploidy,558833,0.12448441663251812,96,0.125,1930,0.1305699481865285
DSS-cov5-hiperc99.9-cell5-meth10-All-interaction-perm65,cov5-hiperc99.9-cell5-meth10-All,65,pH,558833,0.12448441663251812,534,0.1254681647940075,3265,0.12924961715160796
DSS-cov5-hiperc99.9-cell5-meth10-All-interaction-perm65,cov5-hiperc99.9-cell5-meth10-All,65,interaction,558833,0.12448441663251812,96,0.125,1663,0.12928442573662058
DSS-cov5-hiperc99.9-cell5-meth10-All-interaction-perm66,cov5-hiperc99.9-cell5-meth10-All,66,ploidy,558833,0.12448441663251812,341,0.187683284457478,2466,0.14071370640713707
DSS-cov5-hiperc99.9-cell5-meth10-All-interaction-perm66,cov5-hiperc99.9-cell5-meth10-All,66,pH,558833,0.12448441663251812,416,0.17067307692307693,2922,0.15229295003422313
DSS-cov5-hiperc99.9-cell5-meth10-All-interaction-perm66,cov5-hiperc99.9-cell5-meth10-All,66,interaction,558833,0.12448441663251812,1259,0.15885623510722796,3932,0.1541200406917599
DSS-cov5-hiperc99.9-cell5-meth10-All-interaction-perm67,cov5-hiperc99.9-cell5-meth10-All,67,ploidy,558833,0.12448441663251812,190,0.1736842105263158,2240,0.14017857142857143
DSS-cov5-hiperc99.9-cell5-meth10-All-interaction-perm67,cov5-hiperc99.9-cell5-meth10-All,67,pH,558833,0.12448441663251812,74,0.17567567567567569,1440,0.11875
DSS-cov5-hiperc99.9-cell5-meth10-All-interaction-perm67,cov5-hiperc99.9-cell5-meth10-All,67,interaction,558833,0.12448441663251812,213,0.1643192488262911,2210,0.13619909502262442
DSS-cov5-hiperc99.9-cell5-meth10-All-interaction-perm68,cov5-hiperc99.9-cell5-meth10-All,68,ploidy,558833,0.12448441663251812,137,0.145985401459854,1787,0.1387800783435926
DSS-cov5-hiperc99.9-cell5-meth10-All-interaction-perm68,cov5-hiperc99.9-cell5-meth10-All,68,pH,558833,0.12448441663251812,20,0.1,1244,0.12057877813504823
DSS-cov5-hiperc99.9-cell5-meth10-All-interaction-perm68,cov5-hiperc99.9-cell5-meth10-All,68,interaction,558833,0.12448441663251812,201,0.10945273631840796,2366,0.1297548605240913
DSS-cov5-hiperc99.9-cell5-meth10-All-interaction-perm69,cov5-hiperc99.9-cell5-meth10-All,69,ploidy,558833,0.12448441663251812,29,0.10344827586206896,1310,0.09770992366412214
DSS-cov5-hiperc99.9-cell5-meth10-All-interaction-perm69,cov5-hiperc99.9-cell5-meth10-All,69,pH,558833,0.12448441663251812,327,0.1559633027522936,2774,0.13374188896899783
DSS-cov5-hiperc99.9-cell5-meth10-All-interaction-perm69,cov5-hiperc99.9-cell5-meth10-All,69,interaction,558833,0.12448441663251812,49,0.061224489795918366,1690,0.12071005917159763
DSS-cov5-hiperc99.9-cell5-meth10-All-interaction-perm7,cov5-hiperc99.9-cell5-meth10-All,7,ploidy,558833,0.12448441663251812,88,0.14772727272727273,1655,0.12628398791540785
DSS-cov5-hiperc99.9-cell5-meth10-All-interaction-perm7,cov5-hiperc99.9-cell5-meth10-All,7,pH,558833,0.12448441663251812,576,0.16319444444444445,3194,0.1408891671884784
DSS-cov5-hiperc99.9-cell5-meth10-All-interaction-perm7,cov5-hiperc99.9-cell5-meth10-All,7,interaction,558833,0.12448441663251812,125,0.152,1920,0.1390625
DSS-cov5-hiperc99.9-cell5-meth10-All-interaction-perm70,cov5-hiperc99.9-cell5-meth10-All,70,ploidy,558833,0.12448441663251812,186,0.13440860215053763,2012,0.13220675944333996
DSS-cov5-hiperc99.9-cell5-meth10-All-interaction-perm70,cov5-hiperc99.9-cell5-meth10-All,70,pH,558833,0.12448441663251812,177,0.12429378531073447,1949,0.15187275525910723
DSS-cov5-hiperc99.9-cell5-meth10-All-interaction-perm70,cov5-hiperc99.9-cell5-meth10-All,70,interaction,558833,0.12448441663251812,94,0.1702127659574468,1637,0.13500305436774587
DSS-cov5-hiperc99.9-cell5-meth10-All-interaction-perm71,cov5-hiperc99.9-cell5-meth10-All,71,ploidy,558833,0.12448441663251812,257,0.13618677042801555,2403,0.11610486891385768
DSS-cov5-hiperc99.9-cell5-meth10-All-interaction-perm71,cov5-hiperc99.9-cell5-meth10-All,71,pH,558833,0.12448441663251812,162,0.14814814814814814,2208,0.13269927536231885
DSS-cov5-hiperc99.9-cell5-meth10-All-interaction-perm71,cov5-hiperc99.9-cell5-meth10-All,71,interaction,558833,0.12448441663251812,1331,0.15477084898572502,3985,0.15533249686323714
DSS-cov5-hiperc99.9-cell5-meth10-All-interaction-perm72,cov5-hiperc99.9-cell5-meth10-All,72,ploidy,558833,0.12448441663251812,246,0.16260162601626016,2155,0.1359628770301624
DSS-cov5-hiperc99.9-cell5-meth10-All-interaction-perm72,cov5-hiperc99.9-cell5-meth10-All,72,pH,558833,0.12448441663251812,214,0.1308411214953271,2294,0.12685265911072363
DSS-cov5-hiperc99.9-cell5-meth10-All-interaction-perm72,cov5-hiperc99.9-cell5-meth10-All,72,interaction,558833,0.12448441663251812,148,0.12837837837837837,1866,0.12057877813504823
DSS-cov5-hiperc99.9-cell5-meth10-All-interaction-perm73,cov5-hiperc99.9-cell5-meth10-All,73,ploidy,558833,0.12448441663251812,537,0.12290502793296089,3070,0.1267100977198697
DSS-cov5-hiperc99.9-cell5-meth10-All-interaction-perm73,cov5-hiperc99.9-cell5-meth10-All,73,pH,558833,0.12448441663251812,267,0.14232209737827714,2214,0.13098464317976513
DSS-cov5-hiperc99.9-cell5-meth10-All-interaction-perm73,cov5-hiperc99.9-cell5-meth10-All,73,interaction,558833,0.12448441663251812,215,0.13023255813953488,2352,0.12797619047619047
DSS-cov5-hiperc99.9-cell5-meth10-All-interaction-perm74,cov5-hiperc99.9-cell5-meth10-All,74,ploidy,558833,0.12448441663251812,80,0.15,1607,0.1238332296204107
DSS-cov5-hiperc99.9-cell5-meth10-All-interaction-perm74,cov5-hiperc99.9-cell5-meth10-All,74,pH,558833,0.12448441663251812,61,0.03278688524590164,1437,0.12108559498956159
DSS-cov5-hiperc99.9-cell5-meth10-All-interaction-perm74,cov5-hiperc99.9-cell5-meth10-All,74,interaction,558833,0.12448441663251812,113,0.18584070796460178,1920,0.13697916666666668
DSS-cov5-hiperc99.9-cell5-meth10-All-interaction-perm75,cov5-hiperc99.9-cell5-meth10-All,75,ploidy,558833,0.12448441663251812,165,0.12727272727272726,2178,0.11937557392102846
DSS-cov5-hiperc99.9-cell5-meth10-All-interaction-perm75,cov5-hiperc99.9-cell5-meth10-All,75,pH,558833,0.12448441663251812,208,0.14903846153846154,2393,0.14375261178437107
DSS-cov5-hiperc99.9-cell5-meth10-All-interaction-perm75,cov5-hiperc99.9-cell5-meth10-All,75,interaction,558833,0.12448441663251812,291,0.09965635738831616,2385,0.13459119496855346
DSS-cov5-hiperc99.9-cell5-meth10-All-interaction-perm76,cov5-hiperc99.9-cell5-meth10-All,76,ploidy,558833,0.12448441663251812,255,0.1607843137254902,2507,0.1428001595532509
DSS-cov5-hiperc99.9-cell5-meth10-All-interaction-perm76,cov5-hiperc99.9-cell5-meth10-All,76,pH,558833,0.12448441663251812,152,0.11842105263157894,2255,0.1246119733924612
DSS-cov5-hiperc99.9-cell5-meth10-All-interaction-perm76,cov5-hiperc99.9-cell5-meth10-All,76,interaction,558833,0.12448441663251812,234,0.1581196581196581,2489,0.12695861791884291
DSS-cov5-hiperc99.9-cell5-meth10-All-interaction-perm77,cov5-hiperc99.9-cell5-meth10-All,77,ploidy,558833,0.12448441663251812,151,0.1456953642384106,2058,0.13945578231292516
DSS-cov5-hiperc99.9-cell5-meth10-All-interaction-perm77,cov5-hiperc99.9-cell5-meth10-All,77,pH,558833,0.12448441663251812,29,0.1724137931034483,1187,0.11288963774220724
DSS-cov5-hiperc99.9-cell5-meth10-All-interaction-perm77,cov5-hiperc99.9-cell5-meth10-All,77,interaction,558833,0.12448441663251812,285,0.1824561403508772,2519,0.14767764986105597
DSS-cov5-hiperc99.9-cell5-meth10-All-interaction-perm78,cov5-hiperc99.9-cell5-meth10-All,78,ploidy,558833,0.12448441663251812,101,0.13861386138613863,2057,0.13709285367039378
DSS-cov5-hiperc99.9-cell5-meth10-All-interaction-perm78,cov5-hiperc99.9-cell5-meth10-All,78,pH,558833,0.12448441663251812,84,0.13095238095238096,1701,0.11522633744855967
DSS-cov5-hiperc99.9-cell5-meth10-All-interaction-perm78,cov5-hiperc99.9-cell5-meth10-All,78,interaction,558833,0.12448441663251812,31,0.0967741935483871,1300,0.12692307692307692
DSS-cov5-hiperc99.9-cell5-meth10-All-interaction-perm79,cov5-hiperc99.9-cell5-meth10-All,79,ploidy,558833,0.12448441663251812,249,0.13654618473895583,2332,0.14108061749571182
DSS-cov5-hiperc99.9-cell5-meth10-All-interaction-perm79,cov5-hiperc99.9-cell5-meth10-All,79,pH,558833,0.12448441663251812,808,0.17945544554455445,3444,0.1672473867595819
DSS-cov5-hiperc99.9-cell5-meth10-All-interaction-perm79,cov5-hiperc99.9-cell5-meth10-All,79,interaction,558833,0.12448441663251812,115,0.1826086956521739,1923,0.13312532501300053
DSS-cov5-hiperc99.9-cell5-meth10-All-interaction-perm8,cov5-hiperc99.9-cell5-meth10-All,8,ploidy,558833,0.12448441663251812,71,0.15492957746478872,1636,0.13508557457212714
DSS-cov5-hiperc99.9-cell5-meth10-All-interaction-perm8,cov5-hiperc99.9-cell5-meth10-All,8,pH,558833,0.12448441663251812,278,0.1618705035971223,2470,0.15060728744939272
DSS-cov5-hiperc99.9-cell5-meth10-All-interaction-perm8,cov5-hiperc99.9-cell5-meth10-All,8,interaction,558833,0.12448441663251812,163,0.147239263803681,2127,0.14151386929948284
DSS-cov5-hiperc99.9-cell5-meth10-All-interaction-perm80,cov5-hiperc99.9-cell5-meth10-All,80,ploidy,558833,0.12448441663251812,98,0.21428571428571427,1924,0.145010395010395
DSS-cov5-hiperc99.9-cell5-meth10-All-interaction-perm80,cov5-hiperc99.9-cell5-meth10-All,80,pH,558833,0.12448441663251812,368,0.16304347826086957,2442,0.16298116298116297
DSS-cov5-hiperc99.9-cell5-meth10-All-interaction-perm80,cov5-hiperc99.9-cell5-meth10-All,80,interaction,558833,0.12448441663251812,150,0.17333333333333334,1913,0.12598013591217982
DSS-cov5-hiperc99.9-cell5-meth10-All-interaction-perm81,cov5-hiperc99.9-cell5-meth10-All,81,ploidy,558833,0.12448441663251812,665,0.162406015037594,3047,0.13685592385953396
DSS-cov5-hiperc99.9-cell5-meth10-All-interaction-perm81,cov5-hiperc99.9-cell5-meth10-All,81,pH,558833,0.12448441663251812,155,0.14193548387096774,2167,0.13382556529764653
DSS-cov5-hiperc99.9-cell5-meth10-All-interaction-perm81,cov5-hiperc99.9-cell5-meth10-All,81,interaction,558833,0.12448441663251812,195,0.15384615384615385,2239,0.14292094685127288
DSS-cov5-hiperc99.9-cell5-meth10-All-interaction-perm82,cov5-hiperc99.9-cell5-meth10-All,82,ploidy,558833,0.12448441663251812,345,0.11594202898550725,2707,0.1536756557074252
DSS-cov5-hiperc99.9-cell5-meth10-All-interaction-perm82,cov5-hiperc99.9-cell5-meth10-All,82,pH,558833,0.12448441663251812,348,0.16666666666666666,2653,0.1443648699585375
DSS-cov5-hiperc99.9-cell5-meth10-All-interaction-perm82,cov5-hiperc99.9-cell5-meth10-All,82,interaction,558833,0.12448441663251812,50,0.12,1512,0.13425925925925927
DSS-cov5-hiperc99.9-cell5-meth10-All-interaction-perm83,cov5-hiperc99.9-cell5-meth10-All,83,ploidy,558833,0.12448441663251812,86,0.10465116279069768,1847,0.12452625879805089
DSS-cov5-hiperc99.9-cell5-meth10-All-interaction-perm83,cov5-hiperc99.9-cell5-meth10-All,83,pH,558833,0.12448441663251812,320,0.125,2710,0.13099630996309963
DSS-cov5-hiperc99.9-cell5-meth10-All-interaction-perm83,cov5-hiperc99.9-cell5-meth10-All,83,interaction,558833,0.12448441663251812,243,0.102880658436214,2431,0.12134923899629782
DSS-cov5-hiperc99.9-cell5-meth10-All-interaction-perm84,cov5-hiperc99.9-cell5-meth10-All,84,ploidy,558833,0.12448441663251812,40,0.1,1265,0.12173913043478261
DSS-cov5-hiperc99.9-cell5-meth10-All-interaction-perm84,cov5-hiperc99.9-cell5-meth10-All,84,pH,558833,0.12448441663251812,85,0.16470588235294117,1681,0.11719214753123142
DSS-cov5-hiperc99.9-cell5-meth10-All-interaction-perm84,cov5-hiperc99.9-cell5-meth10-All,84,interaction,558833,0.12448441663251812,89,0.1348314606741573,1775,0.1171830985915493
DSS-cov5-hiperc99.9-cell5-meth10-All-interaction-perm85,cov5-hiperc99.9-cell5-meth10-All,85,ploidy,558833,0.12448441663251812,153,0.17647058823529413,2070,0.12222222222222222
DSS-cov5-hiperc99.9-cell5-meth10-All-interaction-perm85,cov5-hiperc99.9-cell5-meth10-All,85,pH,558833,0.12448441663251812,100,0.21,1905,0.12913385826771653
DSS-cov5-hiperc99.9-cell5-meth10-All-interaction-perm85,cov5-hiperc99.9-cell5-meth10-All,85,interaction,558833,0.12448441663251812,242,0.1652892561983471,2250,0.148
DSS-cov5-hiperc99.9-cell5-meth10-All-interaction-perm86,cov5-hiperc99.9-cell5-meth10-All,86,ploidy,558833,0.12448441663251812,1129,0.17094774136403898,3737,0.16564088841316565
DSS-cov5-hiperc99.9-cell5-meth10-All-interaction-perm86,cov5-hiperc99.9-cell5-meth10-All,86,pH,558833,0.12448441663251812,300,0.2,2527,0.15512465373961218
DSS-cov5-hiperc99.9-cell5-meth10-All-interaction-perm86,cov5-hiperc99.9-cell5-meth10-All,86,interaction,558833,0.12448441663251812,134,0.14925373134328357,2031,0.13343180699162974
DSS-cov5-hiperc99.9-cell5-meth10-All-interaction-perm87,cov5-hiperc99.9-cell5-meth10-All,87,ploidy,558833,0.12448441663251812,1047,0.17956064947468958,3498,0.17066895368782162
DSS-cov5-hiperc99.9-cell5-meth10-All-interaction-perm87,cov5-hiperc99.9-cell5-meth10-All,87,pH,558833,0.12448441663251812,135,0.1037037037037037,1901,0.12256706996317727
DSS-cov5-hiperc99.9-cell5-meth10-All-interaction-perm87,cov5-hiperc99.9-cell5-meth10-All,87,interaction,558833,0.12448441663251812,15,0.06666666666666667,1450,0.1206896551724138
DSS-cov5-hiperc99.9-cell5-meth10-All-interaction-perm88,cov5-hiperc99.9-cell5-meth10-All,88,ploidy,558833,0.12448441663251812,36,0.05555555555555555,1447,0.11955770559778853
DSS-cov5-hiperc99.9-cell5-meth10-All-interaction-perm88,cov5-hiperc99.9-cell5-meth10-All,88,pH,558833,0.12448441663251812,93,0.17204301075268819,2232,0.1339605734767025
DSS-cov5-hiperc99.9-cell5-meth10-All-interaction-perm88,cov5-hiperc99.9-cell5-meth10-All,88,interaction,558833,0.12448441663251812,106,0.10377358490566038,1974,0.12512664640324214
DSS-cov5-hiperc99.9-cell5-meth10-All-interaction-perm89,cov5-hiperc99.9-cell5-meth10-All,89,ploidy,558833,0.12448441663251812,168,0.14285714285714285,1912,0.1344142259414226
DSS-cov5-hiperc99.9-cell5-meth10-All-interaction-perm89,cov5-hiperc99.9-cell5-meth10-All,89,pH,558833,0.12448441663251812,129,0.13953488372093023,1986,0.12739174219536759
DSS-cov5-hiperc99.9-cell5-meth10-All-interaction-perm89,cov5-hiperc99.9-cell5-meth10-All,89,interaction,558833,0.12448441663251812,139,0.1510791366906475,1917,0.13928012519561817
DSS-cov5-hiperc99.9-cell5-meth10-All-interaction-perm9,cov5-hiperc99.9-cell5-meth10-All,9,ploidy,558833,0.12448441663251812,59,0.13559322033898305,1548,0.11304909560723514
DSS-cov5-hiperc99.9-cell5-meth10-All-interaction-perm9,cov5-hiperc99.9-cell5-meth10-All,9,pH,558833,0.12448441663251812,173,0.1791907514450867,2055,0.1343065693430657
DSS-cov5-hiperc99.9-cell5-meth10-All-interaction-perm9,cov5-hiperc99.9-cell5-meth10-All,9,interaction,558833,0.12448441663251812,113,0.18584070796460178,1830,0.13005464480874318
DSS-cov5-hiperc99.9-cell5-meth10-All-interaction-perm90,cov5-hiperc99.9-cell5-meth10-All,90,ploidy,558833,0.12448441663251812,329,0.1762917933130699,2612,0.14586523736600307
DSS-cov5-hiperc99.9-cell5-meth10-All-interaction-perm90,cov5-hiperc99.9-cell5-meth10-All,90,pH,558833,0.12448441663251812,55,0.2,1394,0.1327116212338594
DSS-cov5-hiperc99.9-cell5-meth10-All-interaction-perm90,cov5-hiperc99.9-cell5-meth10-All,90,interaction,558833,0.12448441663251812,51,0.09803921568627451,1483,0.1227242076871207
DSS-cov5-hiperc99.9-cell5-meth10-All-interaction-perm91,cov5-hiperc99.9-cell5-meth10-All,91,ploidy,558833,0.12448441663251812,590,0.1440677966101695,3170,0.13564668769716087
DSS-cov5-hiperc99.9-cell5-meth10-All-interaction-perm91,cov5-hiperc99.9-cell5-meth10-All,91,pH,558833,0.12448441663251812,301,0.11627906976744186,2210,0.1248868778280543
DSS-cov5-hiperc99.9-cell5-meth10-All-interaction-perm91,cov5-hiperc99.9-cell5-meth10-All,91,interaction,558833,0.12448441663251812,67,0.13432835820895522,1633,0.12186160440906307
DSS-cov5-hiperc99.9-cell5-meth10-All-interaction-perm92,cov5-hiperc99.9-cell5-meth10-All,92,ploidy,558833,0.12448441663251812,94,0.1595744680851064,1687,0.14582098399525786
DSS-cov5-hiperc99.9-cell5-meth10-All-interaction-perm92,cov5-hiperc99.9-cell5-meth10-All,92,pH,558833,0.12448441663251812,66,0.07575757575757576,1717,0.1147350029120559
DSS-cov5-hiperc99.9-cell5-meth10-All-interaction-perm92,cov5-hiperc99.9-cell5-meth10-All,92,interaction,558833,0.12448441663251812,42,0.11904761904761904,1404,0.11965811965811966
DSS-cov5-hiperc99.9-cell5-meth10-All-interaction-perm93,cov5-hiperc99.9-cell5-meth10-All,93,ploidy,558833,0.12448441663251812,584,0.1678082191780822,2560,0.146875
DSS-cov5-hiperc99.9-cell5-meth10-All-interaction-perm93,cov5-hiperc99.9-cell5-meth10-All,93,pH,558833,0.12448441663251812,175,0.19428571428571428,2053,0.1475888943010229
DSS-cov5-hiperc99.9-cell5-meth10-All-interaction-perm93,cov5-hiperc99.9-cell5-meth10-All,93,interaction,558833,0.12448441663251812,168,0.13690476190476192,2341,0.13498504912430584
DSS-cov5-hiperc99.9-cell5-meth10-All-interaction-perm94,cov5-hiperc99.9-cell5-meth10-All,94,ploidy,558833,0.12448441663251812,111,0.18018018018018017,2251,0.11461572634384717
DSS-cov5-hiperc99.9-cell5-meth10-All-interaction-perm94,cov5-hiperc99.9-cell5-meth10-All,94,pH,558833,0.12448441663251812,69,0.13043478260869565,1663,0.1449188214070956
DSS-cov5-hiperc99.9-cell5-meth10-All-interaction-perm94,cov5-hiperc99.9-cell5-meth10-All,94,interaction,558833,0.12448441663251812,71,0.15492957746478872,1820,0.13516483516483516
DSS-cov5-hiperc99.9-cell5-meth10-All-interaction-perm95,cov5-hiperc99.9-cell5-meth10-All,95,ploidy,558833,0.12448441663251812,167,0.1497005988023952,2024,0.12845849802371542
DSS-cov5-hiperc99.9-cell5-meth10-All-interaction-perm95,cov5-hiperc99.9-cell5-meth10-All,95,pH,558833,0.12448441663251812,85,0.12941176470588237,1470,0.1414965986394558
DSS-cov5-hiperc99.9-cell5-meth10-All-interaction-perm95,cov5-hiperc99.9-cell5-meth10-All,95,interaction,558833,0.12448441663251812,114,0.15789473684210525,1522,0.1307490144546649
DSS-cov5-hiperc99.9-cell5-meth10-All-interaction-perm96,cov5-hiperc99.9-cell5-meth10-All,96,ploidy,558833,0.12448441663251812,284,0.17253521126760563,2228,0.12836624775583483
DSS-cov5-hiperc99.9-cell5-meth10-All-interaction-perm96,cov5-hiperc99.9-cell5-meth10-All,96,pH,558833,0.12448441663251812,222,0.19369369369369369,2228,0.14766606822262118
DSS-cov5-hiperc99.9-cell5-meth10-All-interaction-perm96,cov5-hiperc99.9-cell5-meth10-All,96,interaction,558833,0.12448441663251812,172,0.12209302325581395,2270,0.11629955947136564
DSS-cov5-hiperc99.9-cell5-meth10-All-interaction-perm97,cov5-hiperc99.9-cell5-meth10-All,97,ploidy,558833,0.12448441663251812,77,0.22077922077922077,1667,0.131373725254949
DSS-cov5-hiperc99.9-cell5-meth10-All-interaction-perm97,cov5-hiperc99.9-cell5-meth10-All,97,pH,558833,0.12448441663251812,397,0.15365239294710328,2820,0.15177304964539007
DSS-cov5-hiperc99.9-cell5-meth10-All-interaction-perm97,cov5-hiperc99.9-cell5-meth10-All,97,interaction,558833,0.12448441663251812,125,0.144,1751,0.13649343232438607
DSS-cov5-hiperc99.9-cell5-meth10-All-interaction-perm98,cov5-hiperc99.9-cell5-meth10-All,98,ploidy,558833,0.12448441663251812,278,0.1474820143884892,2793,0.12710347296813462
DSS-cov5-hiperc99.9-cell5-meth10-All-interaction-perm98,cov5-hiperc99.9-cell5-meth10-All,98,pH,558833,0.12448441663251812,112,0.14285714285714285,1823,0.12397147558968732
DSS-cov5-hiperc99.9-cell5-meth10-All-interaction-perm98,cov5-hiperc99.9-cell5-meth10-All,98,interaction,558833,0.12448441663251812,61,0.19672131147540983,1830,0.12950819672131147
DSS-cov5-hiperc99.9-cell5-meth10-All-interaction-perm99,cov5-hiperc99.9-cell5-meth10-All,99,ploidy,558833,0.12448441663251812,79,0.189873417721519,1585,0.1381703470031546
DSS-cov5-hiperc99.9-cell5-meth10-All-interaction-perm99,cov5-hiperc99.9-cell5-meth10-All,99,pH,558833,0.12448441663251812,182,0.17032967032967034,2157,0.13954566527584608
DSS-cov5-hiperc99.9-cell5-meth10-All-interaction-perm99,cov5-hiperc99.9-cell5-meth10-All,99,interaction,558833,0.12448441663251812,52,0.1346153846153846,1620,0.13148148148148148
DSS-cov5-hiperc99.9-cell5-meth10-noSNP-All-interaction,cov5-hiperc99.9-cell5-meth10-noSNP-All,0,ploidy,489267,0,146,0,2041,0
DSS-cov5-hiperc99.9-cell5-meth10-noSNP-All-interaction,cov5-hiperc99.9-cell5-meth10-noSNP-All,0,pH,489267,0,150,0,1882,0
DSS-cov5-hiperc99.9-cell5-meth10-noSNP-All-interaction,cov5-hiperc99.9-cell5-meth10-noSNP-All,0,interaction,489267,0,251,0,2402,0
DSS-cov5-hiperc99.9-cell5-meth10-noSNP-All-interaction-perm1,cov5-hiperc99.9-cell5-meth10-noSNP-All,1,ploidy,489267,0,59,0,1350,0
DSS-cov5-hiperc99.9-cell5-meth10-noSNP-All-interaction-perm1,cov5-hiperc99.9-cell5-meth10-noSNP-All,1,pH,489267,0,84,0,1447,0
DSS-cov5-hiperc99.9-cell5-meth10-noSNP-All-interaction-perm1,cov5-hiperc99.9-cell5-meth10-noSNP-All,1,interaction,489267,0,223,0,2152,0
DSS-cov5-hiperc99.9-cell5-meth10-noSNP-All-interaction-perm10,cov5-hiperc99.9-cell5-meth10-noSNP-All,10,ploidy,489267,0,51,0,1353,0
DSS-cov5-hiperc99.9-cell5-meth10-noSNP-All-interaction-perm10,cov5-hiperc99.9-cell5-meth10-noSNP-All,10,pH,489267,0,103,0,1588,0
DSS-cov5-hiperc99.9-cell5-meth10-noSNP-All-interaction-perm10,cov5-hiperc99.9-cell5-meth10-noSNP-All,10,interaction,489267,0,395,0,2670,0
DSS-cov5-hiperc99.9-cell5-meth10-noSNP-All-interaction-perm11,cov5-hiperc99.9-cell5-meth10-noSNP-All,11,ploidy,489267,0,156,0,1767,0
DSS-cov5-hiperc99.9-cell5-meth10-noSNP-All-interaction-perm11,cov5-hiperc99.9-cell5-meth10-noSNP-All,11,pH,489267,0,409,0,2768,0
DSS-cov5-hiperc99.9-cell5-meth10-noSNP-All-interaction-perm11,cov5-hiperc99.9-cell5-meth10-noSNP-All,11,interaction,489267,0,161,0,2055,0
DSS-cov5-hiperc99.9-cell5-meth10-noSNP-All-interaction-perm12,cov5-hiperc99.9-cell5-meth10-noSNP-All,12,ploidy,489267,0,117,0,1815,0
DSS-cov5-hiperc99.9-cell5-meth10-noSNP-All-interaction-perm12,cov5-hiperc99.9-cell5-meth10-noSNP-All,12,pH,489267,0,68,0,1412,0
DSS-cov5-hiperc99.9-cell5-meth10-noSNP-All-interaction-perm12,cov5-hiperc99.9-cell5-meth10-noSNP-All,12,interaction,489267,0,201,0,1939,0
DSS-cov5-hiperc99.9-cell5-meth10-noSNP-All-interaction-perm13,cov5-hiperc99.9-cell5-meth10-noSNP-All,13,ploidy,489267,0,166,0,1829,0
DSS-cov5-hiperc99.9-cell5-meth10-noSNP-All-interaction-perm13,cov5-hiperc99.9-cell5-meth10-noSNP-All,13,pH,489267,0,60,0,1554,0
DSS-cov5-hiperc99.9-cell5-meth10-noSNP-All-interaction-perm13,cov5-hiperc99.9-cell5-meth10-noSNP-All,13,interaction,489267,0,79,0,1315,0
DSS-cov5-hiperc99.9-cell5-meth10-noSNP-All-interaction-perm14,cov5-hiperc99.9-cell5-meth10-noSNP-All,14,ploidy,489267,0,260,0,2156,0
DSS-cov5-hiperc99.9-cell5-meth10-noSNP-All-interaction-perm14,cov5-hiperc99.9-cell5-meth10-noSNP-All,14,pH,489267,0,67,0,1335,0
DSS-cov5-hiperc99.9-cell5-meth10-noSNP-All-interaction-perm14,cov5-hiperc99.9-cell5-meth10-noSNP-All,14,interaction,489267,0,425,0,2399,0
DSS-cov5-hiperc99.9-cell5-meth10-noSNP-All-interaction-perm15,cov5-hiperc99.9-cell5-meth10-noSNP-All,15,ploidy,489267,0,188,0,1859,0
DSS-cov5-hiperc99.9-cell5-meth10-noSNP-All-interaction-perm15,cov5-hiperc99.9-cell5-meth10-noSNP-All,15,pH,489267,0,111,0,1599,0
DSS-cov5-hiperc99.9-cell5-meth10-noSNP-All-interaction-perm15,cov5-hiperc99.9-cell5-meth10-noSNP-All,15,interaction,489267,0,128,0,1803,0
DSS-cov5-hiperc99.9-cell5-meth10-noSNP-All-interaction-perm16,cov5-hiperc99.9-cell5-meth10-noSNP-All,16,ploidy,489267,0,171,0,2004,0
DSS-cov5-hiperc99.9-cell5-meth10-noSNP-All-interaction-perm16,cov5-hiperc99.9-cell5-meth10-noSNP-All,16,pH,489267,0,114,0,1716,0
DSS-cov5-hiperc99.9-cell5-meth10-noSNP-All-interaction-perm16,cov5-hiperc99.9-cell5-meth10-noSNP-All,16,interaction,489267,0,42,0,1468,0
DSS-cov5-hiperc99.9-cell5-meth10-noSNP-All-interaction-perm17,cov5-hiperc99.9-cell5-meth10-noSNP-All,17,ploidy,489267,0,72,0,1603,0
DSS-cov5-hiperc99.9-cell5-meth10-noSNP-All-interaction-perm17,cov5-hiperc99.9-cell5-meth10-noSNP-All,17,pH,489267,0,255,0,1873,0
DSS-cov5-hiperc99.9-cell5-meth10-noSNP-All-interaction-perm17,cov5-hiperc99.9-cell5-meth10-noSNP-All,17,interaction,489267,0,210,0,2028,0
DSS-cov5-hiperc99.9-cell5-meth10-noSNP-All-interaction-perm18,cov5-hiperc99.9-cell5-meth10-noSNP-All,18,ploidy,489267,0,195,0,1843,0
DSS-cov5-hiperc99.9-cell5-meth10-noSNP-All-interaction-perm18,cov5-hiperc99.9-cell5-meth10-noSNP-All,18,pH,489267,0,78,0,1596,0
DSS-cov5-hiperc99.9-cell5-meth10-noSNP-All-interaction-perm18,cov5-hiperc99.9-cell5-meth10-noSNP-All,18,interaction,489267,0,149,0,1649,0
DSS-cov5-hiperc99.9-cell5-meth10-noSNP-All-interaction-perm19,cov5-hiperc99.9-cell5-meth10-noSNP-All,19,ploidy,489267,0,314,0,1934,0
DSS-cov5-hiperc99.9-cell5-meth10-noSNP-All-interaction-perm19,cov5-hiperc99.9-cell5-meth10-noSNP-All,19,pH,489267,0,50,0,1261,0
DSS-cov5-hiperc99.9-cell5-meth10-noSNP-All-interaction-perm19,cov5-hiperc99.9-cell5-meth10-noSNP-All,19,interaction,489267,0,74,0,1544,0
DSS-cov5-hiperc99.9-cell5-meth10-noSNP-All-interaction-perm2,cov5-hiperc99.9-cell5-meth10-noSNP-All,2,ploidy,489267,0,198,0,2002,0
DSS-cov5-hiperc99.9-cell5-meth10-noSNP-All-interaction-perm2,cov5-hiperc99.9-cell5-meth10-noSNP-All,2,pH,489267,0,58,0,1301,0
DSS-cov5-hiperc99.9-cell5-meth10-noSNP-All-interaction-perm2,cov5-hiperc99.9-cell5-meth10-noSNP-All,2,interaction,489267,0,95,0,1707,0
DSS-cov5-hiperc99.9-cell5-meth10-noSNP-All-interaction-perm20,cov5-hiperc99.9-cell5-meth10-noSNP-All,20,ploidy,489267,0,84,0,1573,0
DSS-cov5-hiperc99.9-cell5-meth10-noSNP-All-interaction-perm20,cov5-hiperc99.9-cell5-meth10-noSNP-All,20,pH,489267,0,103,0,1823,0
DSS-cov5-hiperc99.9-cell5-meth10-noSNP-All-interaction-perm20,cov5-hiperc99.9-cell5-meth10-noSNP-All,20,interaction,489267,0,95,0,1681,0
DSS-cov5-hiperc99.9-cell5-meth10-noSNP-All-interaction-perm3,cov5-hiperc99.9-cell5-meth10-noSNP-All,3,ploidy,489267,0,103,0,1924,0
DSS-cov5-hiperc99.9-cell5-meth10-noSNP-All-interaction-perm3,cov5-hiperc99.9-cell5-meth10-noSNP-All,3,pH,489267,0,68,0,1412,0
DSS-cov5-hiperc99.9-cell5-meth10-noSNP-All-interaction-perm3,cov5-hiperc99.9-cell5-meth10-noSNP-All,3,interaction,489267,0,63,0,1386,0
DSS-cov5-hiperc99.9-cell5-meth10-noSNP-All-interaction-perm4,cov5-hiperc99.9-cell5-meth10-noSNP-All,4,ploidy,489267,0,239,0,2179,0
DSS-cov5-hiperc99.9-cell5-meth10-noSNP-All-interaction-perm4,cov5-hiperc99.9-cell5-meth10-noSNP-All,4,pH,489267,0,165,0,1892,0
DSS-cov5-hiperc99.9-cell5-meth10-noSNP-All-interaction-perm4,cov5-hiperc99.9-cell5-meth10-noSNP-All,4,interaction,489267,0,25,0,1248,0
DSS-cov5-hiperc99.9-cell5-meth10-noSNP-All-interaction-perm5,cov5-hiperc99.9-cell5-meth10-noSNP-All,5,ploidy,489267,0,152,0,1734,0
DSS-cov5-hiperc99.9-cell5-meth10-noSNP-All-interaction-perm5,cov5-hiperc99.9-cell5-meth10-noSNP-All,5,pH,489267,0,160,0,1886,0
DSS-cov5-hiperc99.9-cell5-meth10-noSNP-All-interaction-perm5,cov5-hiperc99.9-cell5-meth10-noSNP-All,5,interaction,489267,0,532,0,2734,0
DSS-cov5-hiperc99.9-cell5-meth10-noSNP-All-interaction-perm6,cov5-hiperc99.9-cell5-meth10-noSNP-All,6,ploidy,489267,0,363,0,2331,0
DSS-cov5-hiperc99.9-cell5-meth10-noSNP-All-interaction-perm6,cov5-hiperc99.9-cell5-meth10-noSNP-All,6,pH,489267,0,34,0,1474,0
DSS-cov5-hiperc99.9-cell5-meth10-noSNP-All-interaction-perm6,cov5-hiperc99.9-cell5-meth10-noSNP-All,6,interaction,489267,0,178,0,1787,0
DSS-cov5-hiperc99.9-cell5-meth10-noSNP-All-interaction-perm7,cov5-hiperc99.9-cell5-meth10-noSNP-All,7,ploidy,489267,0,67,0,1446,0
DSS-cov5-hiperc99.9-cell5-meth10-noSNP-All-interaction-perm7,cov5-hiperc99.9-cell5-meth10-noSNP-All,7,pH,489267,0,428,0,2744,0
DSS-cov5-hiperc99.9-cell5-meth10-noSNP-All-interaction-perm7,cov5-hiperc99.9-cell5-meth10-noSNP-All,7,interaction,489267,0,102,0,1653,0
DSS-cov5-hiperc99.9-cell5-meth10-noSNP-All-interaction-perm8,cov5-hiperc99.9-cell5-meth10-noSNP-All,8,ploidy,489267,0,60,0,1415,0
DSS-cov5-hiperc99.9-cell5-meth10-noSNP-All-interaction-perm8,cov5-hiperc99.9-cell5-meth10-noSNP-All,8,pH,489267,0,219,0,2098,0
DSS-cov5-hiperc99.9-cell5-meth10-noSNP-All-interaction-perm8,cov5-hiperc99.9-cell5-meth10-noSNP-All,8,interaction,489267,0,135,0,1826,0
DSS-cov5-hiperc99.9-cell5-meth10-noSNP-All-interaction-perm9,cov5-hiperc99.9-cell5-meth10-noSNP-All,9,ploidy,489267,0,48,0,1373,0
DSS-cov5-hiperc99.9-cell5-meth10-noSNP-All-interaction-perm9,cov5-hiperc99.9-cell5-meth10-noSNP-All,9,pH,489267,0,133,0,1779,0
DSS-cov5-hiperc99.9-cell5-meth10-noSNP-All-interaction-perm9,cov5-hiperc99.9-cell5-meth10-noSNP-All,9,interaction,489267,0,91,0,1592,0
