sample_number,CpGsWithSNP,sampleID,SNPsAll,SNPsPASS,CTorGA,heterozygous
1,66019,2H-1,2151529,1269252,228635,730979
2,69666,2H-2,2244580,1361903,244356,789338
3,51083,2H-3,1923149,1021426,159145,673664
4,65692,2H-4,2179427,1291185,218552,853207
5,59230,2H-5,2062090,1165921,192188,762470
6,71854,2H-6,2269174,1398573,246915,930420
7,104628,2L-1,2820291,1989062,393304,1352110
8,56254,2L-2,1998275,1103556,180633,718784
9,63228,2L-3,2094821,1208703,205658,798217
10,69835,2L-4,2221917,1345565,235386,887430
11,75878,2L-5,2331291,1458307,259883,973120
12,62272,2L-6,2140551,1252727,204948,821845
13,72220,3H-1,2277569,1401813,246901,932642
14,47526,3H-2,1859380,944499,151564,531488
15,77846,3H-3,2378434,1513818,273690,1005130
16,67579,3H-4,2172435,1298292,226416,859148
17,72553,3H-5,2258967,1383046,256030,804207
18,70940,3H-6,2214733,1349020,241563,903578
19,66646,3L-1,2169998,1291498,224411,861185
20,69592,3L-2,2231861,1344124,236223,893540
21,68276,3L-3,2205404,1320880,229631,871477
22,65009,3L-4,2117457,1242104,217533,818436
23,53645,3L-5,1942310,1049730,170559,686050
24,71258,3L-6,2234822,1367245,245768,906239
