sampleSet,covariates,df,enrichmentP001,bin,pairs,fracP001,fracP01,pi1,nullType,nullFracP001,nullFracP001_95,nullPi1,nullPi1_95
All,treatment,19,5.382262996941896,"[0,250]",9474,0.009288579269579903,0.029132362254591513,0.10702976567447753,other chromosome,0.0017257758074730842,0.002427696854549293,0.009457462529026817,0.02707409753008238
All,treatment,19,3.772361709806806,"[0,250]",9474,0.009288579269579903,0.029132362254591513,0.10702976567447753,"same chromosome, far",0.0024622716441620334,0.0030806762736865995,0.03278111880177011,0.043242936570974694
All,treatment,19,2.285714285714286,"(250,500]",5854,0.004099760847283909,0.02169456781687735,0.06798770071745819,other chromosome,0.00179364537068671,0.0024086094977792964,0.009497779296207732,0.026733857191663775
All,treatment,19,1.557052029107826,"(250,500]",5854,0.004099760847283909,0.02169456781687735,0.06798770071745819,"same chromosome, far",0.0026330275229357798,0.003853211009174312,0.036807339449541274,0.046275229357798126
All,treatment,19,3.401759530791789,"(500,1000]",9440,0.00614406779661017,0.024682203389830508,0.08961864406779663,other chromosome,0.00180614406779661,0.002436440677966102,0.010360169491525423,0.025360169491525458
All,treatment,19,2.3793797978262523,"(500,1000]",9440,0.00614406779661017,0.024682203389830508,0.08961864406779663,"same chromosome, far",0.0025822139879573876,0.0034854099119962945,0.033487725798981,0.049722093561834144
All,treatment,19,2.778675282714055,"(1000,2000]",16787,0.0051230118544111514,0.020611187228212306,0.0493834514803122,other chromosome,0.001843688568535176,0.0022636564007863227,0.012473938166438315,0.02081968189670574
All,treatment,19,2.03488946931229,"(1000,2000]",16787,0.0051230118544111514,0.020611187228212306,0.0493834514803122,"same chromosome, far",0.0025175872850442937,0.003061490359562272,0.03611255862428348,0.04828035435122457
All,treatment,19,2.7777777777777777,"(2000,5000]",45681,0.004816006654845559,0.020774501433856528,0.05400494735229089,other chromosome,0.0017337623957444015,0.0019285917558722445,0.0101376940084499,0.015601672467765556
All,treatment,19,1.8639068828506533,"(2000,5000]",45681,0.004816006654845559,0.020774501433856528,0.05400494735229089,"same chromosome, far",0.0025838236336570494,0.0028366531981758466,0.0332671723257957,0.04277781715932987
All,treatment,19,2.414885193982581,"(5000,10000]",72946,0.004181175115839114,0.019343075699832752,0.06067501987771773,other chromosome,0.0017314177610835413,0.002004907739972034,0.010620184794231352,0.01428591012529813
All,treatment,19,1.7002947712136702,"(5000,10000]",72946,0.004181175115839114,0.019343075699832752,0.06067501987771773,"same chromosome, far",0.0024590883808074007,0.002755496355279721,0.03359436751661348,0.03864135366960394
All,treatment,19,2.6807903850071297,"(10000,20000]",137638,0.004780656504744329,0.020706490940002036,0.06743777154564878,other chromosome,0.0017833011232363156,0.0020739185399380987,0.012193580261265052,0.015107019863700416
All,treatment,19,1.8579694317900555,"(10000,20000]",137638,0.004780656504744329,0.020706490940002036,0.06743777154564878,"same chromosome, far",0.0025730544447862195,0.002861427253152876,0.03587972931405722,0.04111888649646263
All,treatment,19,2.4320788116678216,"(20000,50000]",378879,0.004170196817453594,0.019755647581417814,0.06076610210647726,other chromosome,0.001714663520543498,0.0018030822505338115,0.010106656742653986,0.012238735849703952
All,treatment,19,1.6161636202584326,"(20000,50000]",378879,0.004170196817453594,0.019755647581417814,0.06076610210647726,"same chromosome, far",0.0025803060811298044,0.002652416532152941,0.034270214500857,0.037665784700381025
All,treatment,19,2.568378067973967,all (<= 50000),676699,0.004461363176242317,0.020211349506944743,0.06248716194349335,other chromosome,0.0017370352254104115,0.001823484296563169,0.010587129580507715,0.012229514156220084
All,treatment,19,1.7403698010424247,all (<= 50000),676699,0.004461363176242317,0.020211349506944743,0.06248716194349335,"same chromosome, far",0.00256345701561249,0.0026531381355084068,0.03449368870096076,0.035967054893915135
All,treatment + genotype PCs,16,3.9330543933054396,"[0,250]",9474,0.004960945746252903,0.023432552248258392,0.07071986489339244,other chromosome,0.001261346843994089,0.0017996622334811062,0.0036626556892548068,0.012624023643656335
All,treatment + genotype PCs,16,2.7671401811219516,"[0,250]",9474,0.004960945746252903,0.023432552248258392,0.07071986489339244,"same chromosome, far",0.0017928060819244298,0.002172926358788154,0.0222739135368206,0.03854533076137527
All,treatment + genotype PCs,16,2.7941176470588234,"(250,500]",5854,0.0032456440040997607,0.019815510761872223,0.04988042364195422,other chromosome,0.0011615989067304407,0.001896139391868808,0.005039289374786482,0.015527844209087845
All,treatment + genotype PCs,16,1.467946873223543,"(250,500]",5854,0.0032456440040997607,0.019815510761872223,0.04988042364195422,"same chromosome, far",0.0022110091743119268,0.0031192660550458714,0.024954128440366964,0.041541284403669734
All,treatment + genotype PCs,16,3.4782608695652173,"(500,1000]",9440,0.005084745762711864,0.02097457627118644,0.08347457627118648,other chromosome,0.001461864406779661,0.0020127118644067796,0.005953389830508466,0.01600635593220339
All,treatment + genotype PCs,16,2.3995554320644623,"(500,1000]",9440,0.005084745762711864,0.02097457627118644,0.08347457627118648,"same chromosome, far",0.0021190365910143585,0.0034969893469198703,0.02334414080592868,0.041002779064381656
All,treatment + genotype PCs,16,2.297872340425532,"(1000,2000]",16787,0.0032167748853279324,0.017156132721748974,0.03472925478048494,other chromosome,0.001399892774170489,0.0018526240543277536,0.004509441829987493,0.013147078096145867
All,treatment + genotype PCs,16,1.711747938979356,"(1000,2000]",16787,0.0032167748853279324,0.017156132721748974,0.03472925478048494,"same chromosome, far",0.0018792339760291819,0.0022830901511203755,0.0254038561750912,0.038770192808754586
All,treatment + genotype PCs,16,1.9984012789768189,"(2000,5000]",45681,0.0027363674175258862,0.017315733018103806,0.0411330750202491,other chromosome,0.0013692782557299533,0.001642914997482542,0.0020117773253650385,0.008268207788796212
All,treatment + genotype PCs,16,1.5088704296692252,"(2000,5000]",45681,0.0027363674175258862,0.017315733018103806,0.0411330750202491,"same chromosome, far",0.0018135204744689397,0.0021053377755724106,0.02194182557122943,0.028631176011908954
All,treatment + genotype PCs,16,2.3535404992358635,"(5000,10000]",72946,0.0031667260713404435,0.018013324925287198,0.05313519589833571,other chromosome,0.0013455158610478984,0.0015922737367367642,0.0010418665862418797,0.0034971074493460826
All,treatment + genotype PCs,16,1.7259225507924725,"(5000,10000]",72946,0.0031667260713404435,0.018013324925287198,0.05313519589833571,"same chromosome, far",0.00183480195556076,0.0020492403173395005,0.023313036095904443,0.028434673146169334
All,treatment + genotype PCs,16,2.635408245755861,"(10000,20000]",137638,0.0035527979191792964,0.018744823377265,0.05476685217745103,other chromosome,0.0013481015417253956,0.001558072625292434,0.001785117482090709,0.004711634868277664
All,treatment + genotype PCs,16,1.8558178004019912,"(10000,20000]",137638,0.0035527979191792964,0.018744823377265,0.05476685217745103,"same chromosome, far",0.0019144109504767763,0.002085127653029837,0.02434174100276838,0.02859427868348203
All,treatment + genotype PCs,16,2.271462639109698,"(20000,50000]",378879,0.0030167942799680107,0.018462358694992333,0.048588071653483,other chromosome,0.0013281285054067393,0.0014206382512622763,3.9643263416552223e-4,0.0011557779660524917
All,treatment + genotype PCs,16,1.5521251598126513,"(20000,50000]",378879,0.0030167942799680107,0.018462358694992333,0.048588071653483,"same chromosome, far",0.0019436540029620754,0.0020536224407723585,0.02426156124673423,0.026309498055791282
All,treatment + genotype PCs,16,2.3810049696300384,all (<= 50000),676699,0.003186054656501635,0.018477934798189447,0.050295626268104465,other chromosome,0.0013381134004926858,0.0014263357859255,5.411564077972608e-4,0.0019564089794724356
All,treatment + genotype PCs,16,1.6607113503500162,all (<= 50000),676699,0.003186054656501635,0.018477934798189447,0.050295626268104465,"same chromosome, far",0.001918487915332266,0.0019694661979583667,0.024006392614091276,0.025672569305444377
DropGeno4,treatment,15,4.818481848184819,"[0,250]",11866,0.006152031012978257,0.024271026462160797,0.0927018371818642,other chromosome,0.0012767571211865834,0.0015211528737569526,0.003311983819315695,0.01380414630035399
DropGeno4,treatment,15,2.7942775964253896,"[0,250]",11866,0.006152031012978257,0.024271026462160797,0.0927018371818642,"same chromosome, far",0.0022016534867002157,0.00270039539899353,0.03014018691588784,0.03829978432782176
DropGeno4,treatment,15,2.681564245810056,"(250,500]",7496,0.0032017075773745998,0.018009605122732125,0.08751334044823911,other chromosome,0.0011939701173959445,0.001627534685165422,0.006950373532550691,0.015488260405549603
DropGeno4,treatment,15,1.5707465033983037,"(250,500]",7496,0.0032017075773745998,0.018009605122732125,0.08751334044823911,"same chromosome, far",0.0020383350021456158,0.0028608210556429693,0.034902016878844214,0.06042054069517949
DropGeno4,treatment,15,2.4922118380062304,"(500,1000]",12367,0.0032344141667340503,0.021266273146276382,0.10422899652300477,other chromosome,0.0012978086844020378,0.0018638311635804966,0.005292310180318588,0.019915905231664907
DropGeno4,treatment,15,1.7385544251728318,"(500,1000]",12367,0.0032344141667340503,0.021266273146276382,0.10422899652300477,"same chromosome, far",0.0018604043220634369,0.0025313698152666436,0.0320233530846985,0.04558208434994769
DropGeno4,treatment,15,3.567362428842505,"(1000,2000]",22174,0.004239199061964463,0.019437178677730677,0.05159195454135479,other chromosome,0.0011883286732208892,0.0014972490303959594,0.005844682962027598,0.012627401461170768
DropGeno4,treatment,15,1.9537257429376595,"(1000,2000]",22174,0.004239199061964463,0.019437178677730677,0.05159195454135479,"same chromosome, far",0.0021698025310299294,0.0026770545119168972,0.03446684956852409,0.043580408718023364
DropGeno4,treatment,15,2.7720207253886007,"(2000,5000]",60932,0.003512111862403991,0.01930020350554717,0.06725530099126897,other chromosome,0.0012669861484934026,0.0015656797741744896,0.005345302960677478,0.010651217750935473
DropGeno4,treatment,15,1.6797248568055267,"(2000,5000]",60932,0.003512111862403991,0.01930020350554717,0.06725530099126897,"same chromosome, far",0.0020908852114525874,0.0024236056387356626,0.03456089659399352,0.03879520182120655
DropGeno4,treatment,15,2.6041666666666665,"(5000,10000]",97251,0.0033418679499439595,0.018868700578914356,0.06456488879291733,other chromosome,0.0012832772927784805,0.0014714501650368633,0.005214342268974087,0.008440016040966109
DropGeno4,treatment,15,1.6347810398771316,"(5000,10000]",97251,0.0033418679499439595,0.018868700578914356,0.06456488879291733,"same chromosome, far",0.0020442296970823266,0.0022655968166861613,0.033921094920034554,0.03939460192179456
DropGeno4,treatment,15,3.0493079584775082,"(10000,20000]",183723,0.003837298541826554,0.019877750744327058,0.06954491272186936,other chromosome,0.0012584162026529069,0.0014004778933503154,0.005143885087876848,0.00962481561916576
DropGeno4,treatment,15,1.8663989759199464,"(10000,20000]",183723,0.003837298541826554,0.019877750744327058,0.06954491272186936,"same chromosome, far",0.0020559904882797918,0.002224283605493363,0.03405379635958438,0.03774935238740732
DropGeno4,treatment,15,2.694284133133054,"(20000,50000]",509376,0.0033452695062193743,0.019245115592411106,0.06736084935293374,other chromosome,0.0012416171943711522,0.0013196538509863047,0.0047503219625581235,0.006390171503957777
DropGeno4,treatment,15,1.6169882643781086,"(20000,50000]",509376,0.0033452695062193743,0.019245115592411106,0.06736084935293374,"same chromosome, far",0.002068827325414115,0.0021461013605162563,0.03402852562785154,0.03604402153808212
DropGeno4,treatment,15,2.8079318111557656,all (<= 50000),905185,0.003511989261863597,0.019424758474786922,0.06811314814098779,other chromosome,0.0012507387992509817,0.0013014466655987451,0.004839452708562358,0.006074338394913787
DropGeno4,treatment,15,1.699746930365342,all (<= 50000),905185,0.003511989261863597,0.019424758474786922,0.06811314814098779,"same chromosome, far",0.002066183617762871,0.0021359366764441353,0.033998075252900786,0.03522271966071022
DropGeno4,treatment + genotype PCs,12,2.716981132075472,"[0,250]",11866,0.0030338783077700996,0.02056295297488623,0.06859935951457952,other chromosome,0.0011166357660542727,0.0014410921961907973,0.0036237990898365215,0.00945558739255017
DropGeno4,treatment + genotype PCs,12,2.058597427369858,"[0,250]",11866,0.0030338783077700996,0.02056295297488623,0.06859935951457952,"same chromosome, far",0.0014737598849748383,0.001976994967649173,0.01891624730409778,0.030751258087706675
DropGeno4,treatment + genotype PCs,12,2.516556291390728,"(250,500]",7496,0.002534685165421558,0.0144076840981857,0.045624332977588056,other chromosome,0.001007203842049093,0.001614194236926361,0.0024813233724653105,0.010085378868730009
DropGeno4,treatment + genotype PCs,12,1.6876175229963917,"(250,500]",7496,0.002534685165421558,0.0144076840981857,0.045624332977588056,"same chromosome, far",0.0015019310542125589,0.0021527678443713344,0.019110284651695047,0.041825203833500184
DropGeno4,treatment + genotype PCs,12,2.330827067669173,"(500,1000]",12367,0.002506670979218889,0.01657637260451201,0.05878547748039131,other chromosome,0.0010754427104390717,0.001544432764615509,0.0028018112719333742,0.012913398560685747
DropGeno4,treatment + genotype PCs,12,1.7174063377621474,"(500,1000]",12367,0.002506670979218889,0.01657637260451201,0.05878547748039131,"same chromosome, far",0.0014595677936563264,0.0020085395608225864,0.02020738933426281,0.03449808295573369
DropGeno4,treatment + genotype PCs,12,2.4229074889867843,"(1000,2000]",22174,0.002480382429872824,0.015152881753404889,0.03878416163073872,other chromosome,0.0010237214756020564,0.00121764228375575,0.002498421574817361,0.01038152791557681
DropGeno4,treatment + genotype PCs,12,1.6119322650306718,"(1000,2000]",22174,0.002480382429872824,0.015152881753404889,0.03878416163073872,"same chromosome, far",0.0015387634354633553,0.0018567059851463525,0.019593732371366634,0.02748410271346051
DropGeno4,treatment + genotype PCs,12,2.333077513430545,"(2000,5000]",60932,0.002494584126567321,0.015328562988249196,0.04293310575723752,other chromosome,0.0010692247095122431,0.0013030919713779296,0.0017232324558524193,0.006545000984704264
DropGeno4,treatment + genotype PCs,12,1.6573964694313772,"(2000,5000]",60932,0.002494584126567321,0.015328562988249196,0.04293310575723752,"same chromosome, far",0.0015051221434200157,0.0017555380439541197,0.018504509237369765,0.02303125820856315
DropGeno4,treatment + genotype PCs,12,2.0636363636363635,"(5000,10000]",97251,0.0023341662296531653,0.015064112451285848,0.03756259575737009,other chromosome,0.0011310937676733402,0.0013182383728702017,5.825132903517716e-4,0.002861667232213568
DropGeno4,treatment + genotype PCs,12,1.5940464665172274,"(5000,10000]",97251,0.0023341662296531653,0.015064112451285848,0.03756259575737009,"same chromosome, far",0.0014643025022683298,0.0016315576593023383,0.01870306197186179,0.02225586759513319
DropGeno4,treatment + genotype PCs,12,2.4456919697339514,"(10000,20000]",183723,0.0027269313041916364,0.015708430626541044,0.04711984890296805,other chromosome,0.00111499376779173,0.0012097015615900025,3.4671761292814907e-4,0.0014804896501798563
DropGeno4,treatment + genotype PCs,12,1.7861605229159825,"(10000,20000]",183723,0.0027269313041916364,0.015708430626541044,0.04711984890296805,"same chromosome, far",0.0015267000189545148,0.0016866646371933532,0.019106725406516912,0.022861442496022403
DropGeno4,treatment + genotype PCs,12,2.0864086408640863,"(20000,50000]",509376,0.002275332956401558,0.01601763726598819,0.04591107551199902,other chromosome,0.0010905500062821964,0.0011860590212338235,2.1516522176152631e-4,0.0010316544163839546
DropGeno4,treatment + genotype PCs,12,1.497641542003206,"(20000,50000]",509376,0.002275332956401558,0.01601763726598819,0.04591107551199902,"same chromosome, far",0.0015192774055653746,0.0015768218997903737,0.019639730362941345,0.021662213818899274
DropGeno4,treatment + genotype PCs,12,2.1969162551647687,all (<= 50000),905185,0.002408347464882869,0.0158387511945072,0.04535536934438822,other chromosome,0.0010962399951391151,0.0011405403315344377,3.0601479255620846e-5,1.6427581102207442e-4
DropGeno4,treatment + genotype PCs,12,1.5918447891688938,all (<= 50000),905185,0.002408347464882869,0.0158387511945072,0.04535536934438822,"same chromosome, far",0.0015129285727286724,0.0015802964422968401,0.01934944079960817,0.020832372182522298
