sampleSet,genotypeAdjustment,oysters,bin,pairs,meanR2,medianR2,fracR2above0.5
All,none,24,"[0,1000]",2546,0.07688032548400518,0.03563617481846071,0.0192458758837392
All,none,24,"(1000,5000]",3149,0.058222040783401686,0.029352314673630572,0.006986344871387742
All,none,24,"(5000,10000]",2476,0.06380964122040639,0.03062009167505641,0.01050080775444265
All,none,24,"(10000,20000]",3953,0.06005410526711736,0.03062049343350218,0.0058183657981280045
All,none,24,"(20000,50000]",8772,0.06089664054932538,0.029998334285038078,0.008321933424532604
All,none,24,"(50000,100000]",12084,0.061769241298730786,0.03141847598456669,0.007199602780536246
All,none,24,"(100000,500000]",83232,0.06079127966895558,0.030488768612601073,0.006872356785851595
All,none,24,"(500000,1000000]",99195,0.05942254254613192,0.030157364191392564,0.005867231211250567
All,none,24,"(1000000,5000000]",731730,0.05854798757052242,0.02979694903304579,0.005783554043157995
All,none,24,"(5000000,10000000]",784101,0.05595507762925516,0.028694181661899923,0.004561912304664833
All,none,24,"(10000000,Inf]",3714758,0.04974690796801222,0.0259964270379785,0.002480376918227244
All,none,24,other chromosome,200000,0.044945766430682675,0.024044220644131628,0.00146
All,genotype PCs,24,"[0,1000]",2546,0.08312441936790176,0.03764699475458967,0.01728201099764336
All,genotype PCs,24,"(1000,5000]",3149,0.0663044785572055,0.03160569151828798,0.005398539218799619
All,genotype PCs,24,"(5000,10000]",2476,0.07242199025039239,0.03620412175577484,0.008885298869143781
All,genotype PCs,24,"(10000,20000]",3953,0.0675038525876355,0.03402410969738639,0.005565393372122439
All,genotype PCs,24,"(20000,50000]",8772,0.0673225882188995,0.03178577429596692,0.00729594163246694
All,genotype PCs,24,"(50000,100000]",12084,0.06914211234739831,0.03312782996910213,0.005958291956305859
All,genotype PCs,24,"(100000,500000]",83232,0.06703151726753642,0.031988236859694326,0.006343713956170703
All,genotype PCs,24,"(500000,1000000]",99195,0.06603027170463845,0.031772855689605195,0.005181712787942941
All,genotype PCs,24,"(1000000,5000000]",731730,0.06501598627254582,0.03124339205455512,0.005150806991649925
All,genotype PCs,24,"(5000000,10000000]",784101,0.06229518797016958,0.029939145292171933,0.0041818592247682375
All,genotype PCs,24,"(10000000,Inf]",3714758,0.055414925964950186,0.026882836244841196,0.0022625969174842613
All,genotype PCs,24,other chromosome,200000,0.050079265977414446,0.024320182807347927,0.00146
DropGeno4,none,20,"[0,1000]",2889,0.09325919660397297,0.04532772631781758,0.02699896157840083
DropGeno4,none,20,"(1000,5000]",3800,0.07319182842674606,0.038845559541585944,0.007894736842105263
DropGeno4,none,20,"(5000,10000]",3230,0.07582029549966045,0.0392720502579706,0.010526315789473684
DropGeno4,none,20,"(10000,20000]",5150,0.0731980378835585,0.03878662536659278,0.009708737864077669
DropGeno4,none,20,"(20000,50000]",11846,0.07352773512997525,0.038659071817211926,0.009707918284653047
DropGeno4,none,20,"(50000,100000]",16493,0.074313600226199,0.039006422144830556,0.009822348875280423
DropGeno4,none,20,"(100000,500000]",114292,0.07300915294628077,0.03870909457738972,0.009300738459384734
DropGeno4,none,20,"(500000,1000000]",136019,0.07225186086907595,0.03821199809273431,0.008557627978444188
DropGeno4,none,20,"(1000000,5000000]",1007819,0.07085794388745086,0.037753133643279854,0.007960754857767118
DropGeno4,none,20,"(5000000,10000000]",1096600,0.06769032082420111,0.03630856490908016,0.00648367681925953
DropGeno4,none,20,"(10000000,Inf]",5125932,0.059551153430457034,0.03214007256414941,0.003452250244443352
DropGeno4,none,20,other chromosome,200000,0.05329091007909033,0.029079881298138675,0.002015
DropGeno4,genotype PCs,20,"[0,1000]",2889,0.09916655896907922,0.048096359218587396,0.02630668051228799
DropGeno4,genotype PCs,20,"(1000,5000]",3800,0.08008854890241826,0.04068245258215385,0.010263157894736842
DropGeno4,genotype PCs,20,"(5000,10000]",3230,0.08219662271233848,0.04237132461039674,0.01021671826625387
DropGeno4,genotype PCs,20,"(10000,20000]",5150,0.08180999556819281,0.04109731361472933,0.011262135922330097
DropGeno4,genotype PCs,20,"(20000,50000]",11846,0.08092304851491933,0.04015521872838295,0.010045585007597502
DropGeno4,genotype PCs,20,"(50000,100000]",16493,0.08086705510104675,0.03984675759803993,0.011398775237979749
DropGeno4,genotype PCs,20,"(100000,500000]",114292,0.07977410448275303,0.039758288216860074,0.009834459104749239
DropGeno4,genotype PCs,20,"(500000,1000000]",136019,0.0792918675902266,0.039905220716119245,0.009086965791543828
DropGeno4,genotype PCs,20,"(1000000,5000000]",1007819,0.07789893170833449,0.03911136625185048,0.008574952446818327
DropGeno4,genotype PCs,20,"(5000000,10000000]",1096600,0.07492355138420861,0.03753552469161359,0.0070855371147182196
DropGeno4,genotype PCs,20,"(10000000,Inf]",5125932,0.06772416956116789,0.03398497402466312,0.004206844725993243
DropGeno4,genotype PCs,20,other chromosome,200000,0.062559058323918,0.03147217777874874,0.00271
