sampleSet,oysters,bin,pairs,meanR,meanR2
All,24,"[0,250]",64029,0.4001995061044873,0.27581387171995947
All,24,"(250,500]",30508,0.20505256502370275,0.13521843062151206
All,24,"(500,1000]",49207,0.17973469707851109,0.12392569110336554
All,24,"(1000,2000]",82397,0.1521720318621071,0.11087206406075104
All,24,"(2000,5000]",209320,0.12848530217173987,0.10187288795490963
All,24,"(5000,10000]",294570,0.10521902173737131,0.09178606726944863
All,24,"(10000,20000]",491517,0.08436600994724193,0.08411866927123611
All,24,"(20000,50000]",1127905,0.05600012766450891,0.07484250846135225
All,24,"(50000,100000]",1366469,0.03978999863646709,0.07055166244591803
All,24,"same chromosome, > 1,000,000",189245,0.026413048143486707,0.06617311925932376
All,24,other chromosome,200000,0.025464899641354427,0.06456120516638854
DropGeno4,20,"[0,250]",68474,0.3630310419106411,0.26246904231149987
DropGeno4,20,"(250,500]",34459,0.1640958740485929,0.13337909668211545
DropGeno4,20,"(500,1000]",54275,0.13717577472655793,0.12435906537030313
DropGeno4,20,"(1000,2000]",92838,0.11201922802456503,0.11434899008092242
DropGeno4,20,"(2000,5000]",234446,0.0848897029648294,0.10306747035843129
DropGeno4,20,"(5000,10000]",331593,0.067202702879814,0.09716698253877892
DropGeno4,20,"(10000,20000]",559045,0.05140873453459287,0.09157517107339476
DropGeno4,20,"(20000,50000]",1298931,0.03555861613392478,0.08720488316137293
DropGeno4,20,"(50000,100000]",1643655,0.025261614077797315,0.08440628578270391
DropGeno4,20,"same chromosome, > 1,000,000",189174,0.011144101675519132,0.08004844534456027
DropGeno4,20,other chromosome,200000,0.010634232711005238,0.07779993742905868
