setting,model,perm,term,fdr,minDiff,CpGsTested,DML,mitoCpGsTested,mitoDML,hypermethylated,DMR
cov5-hiperc99.9-cell5-All,interaction,0,ploidy,0.05,0,3530054,20,393,0,14,NA
cov5-hiperc99.9-cell5-All,interaction,0,ploidy,0.05,10,3530054,20,393,0,14,NA
cov5-hiperc99.9-cell5-All,interaction,0,ploidy,0.05,25,3530054,15,393,0,12,NA
cov5-hiperc99.9-cell5-All,interaction,0,ploidy,0.05,50,3530054,0,393,0,0,NA
cov5-hiperc99.9-cell5-All,interaction,0,ploidy,0.01,0,3530054,10,393,0,9,NA
cov5-hiperc99.9-cell5-All,interaction,0,ploidy,0.01,10,3530054,10,393,0,9,NA
cov5-hiperc99.9-cell5-All,interaction,0,ploidy,0.01,25,3530054,8,393,0,8,NA
cov5-hiperc99.9-cell5-All,interaction,0,ploidy,0.01,50,3530054,0,393,0,0,NA
cov5-hiperc99.9-cell5-All,interaction,0,ploidy,NA,NA,3530054,NA,NA,NA,NA,0
cov5-hiperc99.9-cell5-All,interaction,0,pH,0.05,0,3530054,37,393,0,18,NA
cov5-hiperc99.9-cell5-All,interaction,0,pH,0.05,10,3530054,36,393,0,18,NA
cov5-hiperc99.9-cell5-All,interaction,0,pH,0.05,25,3530054,19,393,0,7,NA
cov5-hiperc99.9-cell5-All,interaction,0,pH,0.05,50,3530054,0,393,0,0,NA
cov5-hiperc99.9-cell5-All,interaction,0,pH,0.01,0,3530054,13,393,0,5,NA
cov5-hiperc99.9-cell5-All,interaction,0,pH,0.01,10,3530054,12,393,0,5,NA
cov5-hiperc99.9-cell5-All,interaction,0,pH,0.01,25,3530054,4,393,0,0,NA
cov5-hiperc99.9-cell5-All,interaction,0,pH,0.01,50,3530054,0,393,0,0,NA
cov5-hiperc99.9-cell5-All,interaction,0,pH,NA,NA,3530054,NA,NA,NA,NA,0
cov5-hiperc99.9-cell5-All,interaction,0,interaction,0.05,0,3530054,56,393,0,15,NA
cov5-hiperc99.9-cell5-All,interaction,0,interaction,0.05,10,3530054,56,393,0,15,NA
cov5-hiperc99.9-cell5-All,interaction,0,interaction,0.05,25,3530054,54,393,0,13,NA
cov5-hiperc99.9-cell5-All,interaction,0,interaction,0.05,50,3530054,37,393,0,13,NA
cov5-hiperc99.9-cell5-All,interaction,0,interaction,0.01,0,3530054,28,393,0,11,NA
cov5-hiperc99.9-cell5-All,interaction,0,interaction,0.01,10,3530054,28,393,0,11,NA
cov5-hiperc99.9-cell5-All,interaction,0,interaction,0.01,25,3530054,27,393,0,10,NA
cov5-hiperc99.9-cell5-All,interaction,0,interaction,0.01,50,3530054,22,393,0,10,NA
