sampleID,PC1,PC2,PC3,PC4,PC5,ploidy,pH
2H-3,-4.7664305796164745,-4.690517973685442,-6.703438454589996,8.407014497121722,9.139508681091801,2N,high
2H-4,8.806689107597098,-0.6620218766134391,0.8469411391140654,-0.41994207636654496,-3.5983291518273597,2N,high
2H-5,-0.8458577248930353,7.896404470480279,7.972961061989396,5.976882802220218,4.248915925576779,2N,high
2H-6,1.0546397279483328,7.190932743465837,-8.988772120707802,-1.7393515259935368,-1.171883731960004,2N,high
2L-1,-0.7920165731417959,5.438680465226219,21.714754839524417,1.476583063749176,1.7188560114321918,2N,low
2L-2,13.129964004358975,-2.778657936263437,-3.5937483208079066,3.9649136759816237,11.006646658612011,2N,low
2L-3,14.411879633170837,-5.61283272040202,0.7662784488823252,-8.444700211978283,7.449616444032763,2N,low
2L-4,-10.32034671379483,9.120885783434467,-6.438388366090614,-6.0909899242813506,14.04139556961254,2N,low
2L-5,-5.7707045689246455,-4.984924046306309,8.144175094713985,-8.920840985275804,-3.6659765427797555,2N,low
2L-6,-2.1293226073872784,12.729618288938903,-14.914231516816093,-4.655487354887841,-4.916725199042523,2N,low
3H-1,-11.77520484685375,-13.04634948697156,4.236597769273053,-3.421181931302574,5.072618700442051,3N,high
3H-3,14.07739363766769,-0.9060875385233931,1.6277051109039304,4.294574373309783,-8.027074006963018,3N,high
3H-4,-6.433996400323885,-13.056334314566685,-5.737107429981384,2.4765116899367414,4.7151123423479655,3N,high
3H-6,12.503071838935194,-5.578213285011972,-2.3530321372773693,-10.728951661162535,-2.6384852762189044,3N,high
3L-1,-4.775847799005696,0.23882724761700422,-0.42302248495804184,10.992665153466161,-10.8297640825461,3N,low
3L-2,-0.9093341927705926,12.544996134022885,3.5373231936515612,-3.2302479808144637,-6.24817497461411,3N,low
3L-3,-2.816374156828651,-8.929904196257317,1.3023508763114802,10.479097183098672,-5.582828495228795,3N,low
3L-4,-6.638219720912976,4.78758560900248,6.658935144579185,-10.85248969680167,0.7738387868998192,3N,low
3L-5,1.2596375128637867,7.379096295790839,-0.9568912843021894,15.177947503257522,3.2137892101701966,3N,low
3L-6,-7.2696195780883,-7.081183663377334,-6.699390563412015,-4.742006593277014,-14.701056869037537,3N,low
