,chr,start,end,strand,pvalue,qvalue,meth.diff
1062,NC_047559.1,544387,544389,*,1.04781500807786e-09,1.79065960919131e-06,-25.2747252747253
20819,NC_047559.1,5388594,5388596,*,3.22141822351919e-09,4.17847425261012e-06,25.0824249264859
22680,NC_047559.1,5997457,5997459,*,4.46328133109341e-06,0.000872559912282889,-27.1353746978243
23270,NC_047559.1,6067052,6067054,*,1.02749246452272e-35,1.29562510403011e-30,31.0389510134763
23271,NC_047559.1,6067185,6067187,*,6.89395977968734e-30,5.29138855713507e-25,32.2171233309132
23817,NC_047559.1,6381131,6381133,*,9.0716607539693e-06,0.0014553416672923,25.9386973180077
25565,NC_047559.1,6663520,6663522,*,7.29232885190736e-11,2.13909449540683e-07,-35.1495040319703
28240,NC_047559.1,7274258,7274260,*,1.05334860477166e-06,0.000303992163558914,-25.5701754385965
39673,NC_047559.1,9489962,9489964,*,5.61496554275157e-08,3.62292836463154e-05,-26.5922619047619
43046,NC_047559.1,10057923,10057925,*,4.95546262224774e-12,2.3579741493413e-08,-32.9610046265697
49166,NC_047559.1,11486486,11486488,*,1.19424256766233e-08,1.13897678666001e-05,26.028681958501
57959,NC_047559.1,13400277,13400279,*,1.11202261750066e-07,5.95962276075161e-05,-26.9191919191919
65711,NC_047559.1,15506083,15506085,*,4.80722185793089e-07,0.000171742821586367,25.0079744816587
66338,NC_047559.1,15616915,15616917,*,6.25838023780027e-10,1.18797620475876e-06,26.6499791405924
67785,NC_047559.1,16214772,16214774,*,2.11887927251734e-07,9.56906019693063e-05,27.9209023812839
72181,NC_047559.1,17519209,17519211,*,5.48945731361092e-10,1.06375050638482e-06,30.1312741312741
77146,NC_047559.1,18788237,18788239,*,3.16916948202286e-08,2.36093030292653e-05,-25.3237069906161
80090,NC_047559.1,19934304,19934306,*,2.11054985807154e-11,7.92732206282035e-08,-27.3503767704265
82469,NC_047559.1,20546211,20546213,*,1.94197092149215e-07,8.99093093991765e-05,27.0718232044199
95725,NC_047559.1,23852145,23852147,*,5.1183659715394e-11,1.62804759389189e-07,-30.9847385319083
95735,NC_047559.1,23855033,23855035,*,2.40305128533253e-08,1.91262682332223e-05,-27.6144274922234
95773,NC_047559.1,23863995,23863997,*,1.05244694514804e-11,4.41313141873476e-08,-28.5464709993012
96231,NC_047559.1,23963237,23963239,*,4.23165631131788e-07,0.000157038443035492,29.8795840175151
96902,NC_047559.1,24080915,24080917,*,2.73962483559077e-07,0.00011514180540211,-25.0813008130081
96903,NC_047559.1,24080948,24080950,*,2.92659064277758e-10,6.42591054452151e-07,-27.7762392689006
97421,NC_047559.1,24203500,24203502,*,8.65139212215589e-07,0.000262552209500563,26.3413742690058
99125,NC_047559.1,24583416,24583418,*,5.47321500350069e-09,6.37761972816495e-06,26.0648954703833
100314,NC_047559.1,24855949,24855951,*,1.13972299736168e-09,1.91395145793275e-06,-30.1075268817204
100622,NC_047559.1,24959440,24959442,*,1.60567517504002e-10,4.00362303844928e-07,33.4327970939284
105412,NC_047559.1,26158086,26158088,*,3.25531049261402e-10,7.01677031605318e-07,-26.3770712046574
118834,NC_047559.1,30379008,30379010,*,5.38605711873045e-07,0.00018661885087911,25.3029022259791
120356,NC_047559.1,30648755,30648757,*,9.42967387019173e-12,4.03065257588034e-08,-32.1653746770026
124587,NC_047559.1,31891071,31891073,*,3.17817382453769e-09,4.14504388272235e-06,-25.2490784623486
124602,NC_047559.1,31894091,31894093,*,2.47841689392717e-08,1.95236605749243e-05,29.6264855687606
124663,NC_047559.1,31911317,31911319,*,5.87461592194763e-09,6.73859883686968e-06,-25.7270408163265
124736,NC_047559.1,31933501,31933503,*,4.74849483439397e-08,3.18734420437131e-05,-25.697307785593
137914,NC_047559.1,35395585,35395587,*,6.90749404372531e-10,1.27964907229007e-06,28.2778218345229
138860,NC_047559.1,35556352,35556354,*,6.11861911073022e-07,0.000204313185123351,28.4993639513971
139134,NC_047559.1,35581826,35581828,*,5.36940441959638e-11,1.6839637072762e-07,-28.2419687592101
139153,NC_047559.1,35584754,35584756,*,2.72051576760364e-09,3.70497576138161e-06,27.0470782194541
139166,NC_047559.1,35593508,35593510,*,8.64945266784482e-07,0.00026253848396419,26.8055756175069
139338,NC_047559.1,35664718,35664720,*,5.85666463750539e-12,2.72079301619499e-08,26.3552188552189
141983,NC_047559.1,36307965,36307967,*,2.35120879215246e-08,1.88269434719713e-05,-25.5283797545245
143705,NC_047559.1,36689243,36689245,*,2.43903242460134e-10,5.55577457354343e-07,27.1423717295277
148155,NC_047559.1,37688227,37688229,*,6.00979601370789e-11,1.8291970074846e-07,28.9450275751646
154159,NC_047559.1,39305760,39305762,*,2.78596005757346e-08,2.13833524424016e-05,26.5610096118571
154648,NC_047559.1,39398340,39398342,*,1.16514732252738e-06,0.00032883820732244,-26.9613170712072
156360,NC_047559.1,39751870,39751872,*,1.60040669194371e-10,3.99613074834147e-07,26.199494949495
156523,NC_047559.1,39850583,39850585,*,3.27114059495776e-10,7.03371550102759e-07,-27.1852165161968
160655,NC_047559.1,40513306,40513308,*,1.37693332080715e-09,2.19580633283647e-06,-30.1763921649062
162850,NC_047559.1,41010750,41010752,*,1.57680331506513e-07,7.7091139525736e-05,-25.2127659574468
162851,NC_047559.1,41010761,41010763,*,1.5496365691311e-07,7.62176608546685e-05,-27.0250849229161
164182,NC_047559.1,41273193,41273195,*,2.5074121013032e-06,0.000576284179056557,-26
167305,NC_047559.1,41920528,41920530,*,3.53384145891939e-12,1.79223190390532e-08,35.4679802955665
168328,NC_047559.1,42392662,42392664,*,5.16160405987275e-12,2.4363620695769e-08,31.9784850837307
168329,NC_047559.1,42392685,42392687,*,3.91520266219823e-09,4.89495039518432e-06,-27.3248792270531
168473,NC_047559.1,42447430,42447432,*,6.25335413667091e-08,3.93476618369858e-05,33.4728533843578
168562,NC_047559.1,42456628,42456630,*,1.53745223398471e-12,8.84080885451115e-09,-27.686055961918
168731,NC_047559.1,42504442,42504444,*,6.80449100661946e-11,2.02226443407228e-07,27.4532663849181
175012,NC_047559.1,43862055,43862057,*,9.41456782392653e-12,4.03065257588034e-08,-30.9354994148826
175016,NC_047559.1,43862228,43862230,*,3.61730346104667e-08,2.60866020023042e-05,-27.4914350970689
175102,NC_047559.1,43873125,43873127,*,5.69037057018289e-10,1.10077552879292e-06,-25.0808015513898
176635,NC_047559.1,44017991,44017993,*,1.68872822518171e-08,1.47218869726067e-05,-27.3833572662886
183727,NC_047559.1,46002252,46002254,*,1.6456793629457e-09,2.50231366626033e-06,32.8156703605432
183927,NC_047559.1,46038428,46038430,*,2.7682007202594e-06,0.000618819775306157,-26.1146496815287
186149,NC_047559.1,46757528,46757530,*,1.28488408439325e-11,5.26278252494512e-08,27.7397260273973
186225,NC_047559.1,46783365,46783367,*,9.11086989595319e-08,5.15903467522627e-05,-25.5427841634738
187483,NC_047559.1,46928428,46928430,*,1.39804057534711e-07,7.06763781217943e-05,26.0481512037801
189703,NC_047559.1,47317218,47317220,*,5.44480286553721e-11,1.69822204246304e-07,-26.6417910447761
191755,NC_047559.1,47883583,47883585,*,5.1570725032186e-10,1.01493805963709e-06,-30.3989197757361
191814,NC_047559.1,47891163,47891165,*,3.89795105150787e-07,0.000147951300209596,26.788311934729
191832,NC_047559.1,47895401,47895403,*,1.51003179780262e-13,1.22844326399595e-09,27.1959633405417
194920,NC_047559.1,48663002,48663004,*,1.98649595186188e-10,4.77121612757097e-07,27.2183720614214
194967,NC_047559.1,48677320,48677322,*,6.04506086929556e-15,6.71169632605674e-11,33.2807269249163
196331,NC_047559.1,49423943,49423945,*,2.77923613412981e-10,6.20265618240319e-07,26.3425925925926
196449,NC_047559.1,49482149,49482151,*,1.52281270963328e-12,8.78524365243066e-09,-28.5173190650521
196492,NC_047559.1,49488628,49488630,*,3.26166254179567e-06,0.00069693354071541,-25.5559422980237
197521,NC_047559.1,49717897,49717899,*,2.17731145443981e-07,9.74074604640064e-05,26.75
203721,NC_047559.1,50592530,50592532,*,7.16348595970692e-08,4.33379007789903e-05,-25.4831827309237
203996,NC_047559.1,50644452,50644454,*,1.02946610155813e-09,1.76442649428771e-06,-26.3161858853657
205179,NC_047559.1,50896256,50896258,*,1.40000565798232e-08,1.2812276651369e-05,-25.377255506325
205475,NC_047559.1,51087102,51087104,*,4.01558732048786e-09,4.97814829130562e-06,28.717684740334
205572,NC_047559.1,51120991,51120993,*,4.88310217262801e-17,9.53860967081868e-13,33.0973986690865
205608,NC_047559.1,51137144,51137146,*,6.39279686071181e-10,1.20700213416467e-06,28.4478037024866
206277,NC_047559.1,51424503,51424505,*,1.00296197784067e-10,2.74082114260732e-07,-28.8713910761155
207856,NC_047559.1,51852742,51852744,*,9.07345049656914e-10,1.59857676785127e-06,-26.8699673382272
207861,NC_047559.1,51853212,51853214,*,9.70393996133307e-13,6.01079595310786e-09,-33.5879884284725
207918,NC_047559.1,51868725,51868727,*,2.74554478664675e-08,2.11559332366059e-05,25.7312764696847
207980,NC_047559.1,51889107,51889109,*,5.87912758234927e-08,3.75630410117048e-05,25.4303755400465
209220,NC_047559.1,52044066,52044068,*,6.03462919790072e-17,1.12138754688663e-12,32.0327498588368
210949,NC_047559.1,52302867,52302869,*,2.14419469931761e-09,3.03547394218711e-06,27.5032175032175
211050,NC_047559.1,52340455,52340457,*,3.55331331997935e-12,1.79223190390532e-08,29.079285881344
212270,NC_047559.1,52543738,52543740,*,3.61250851723009e-10,7.59203738721982e-07,-26.6330720418066
212705,NC_047559.1,52618523,52618525,*,3.00410177823245e-08,2.2702336071199e-05,26.5346534653465
213854,NC_047559.1,52771672,52771674,*,3.90863038465046e-08,2.75671899453877e-05,-27.7854911489066
214759,NC_047559.1,52924698,52924700,*,1.56920179650283e-12,8.9940816247366e-09,29.9565217391304
220217,NC_047559.1,53771128,53771130,*,1.04382279254098e-08,1.02772099961441e-05,-30.1789630948218
220947,NC_047559.1,53898471,53898473,*,2.85333113369055e-09,3.8340881997053e-06,-26.4268819415878
243631,NC_047560.1,8378060,8378062,*,2.970346413919e-08,2.24761078392054e-05,25.0929259511531
243730,NC_047560.1,8407043,8407045,*,2.35215041292269e-08,1.88269434719713e-05,-25.9123174884097
288375,NC_047560.1,47093928,47093930,*,1.41798524659237e-09,2.23902350713255e-06,25.984126984127
289315,NC_047560.1,47693091,47693093,*,6.34336478564363e-07,0.000210176528869077,30.5186249850281
302169,NC_047560.1,53353659,53353661,*,9.33341291398770e-11,2.58660308826081e-07,-27.0378171842853
306726,NC_047560.1,55875245,55875247,*,1.23906933032713e-06,0.000343333947424403,25.6264867859354
312634,NC_047560.1,62336102,62336104,*,7.41062380272249e-07,0.000234659769534262,29.7924297924298
317023,NC_047560.1,63528461,63528463,*,7.40635820967239e-11,2.16111602030822e-07,31.3439443915613
335515,NC_047561.1,786972,786974,*,1.10508430556226e-08,1.07353662709865e-05,26.7756617558989
335648,NC_047561.1,810321,810323,*,1.41395623066543e-09,2.23666280621002e-06,28.3492822966507
335915,NC_047561.1,870129,870131,*,7.87944809495711e-08,4.65526009266092e-05,-27.8957100591716
338267,NC_047561.1,1961240,1961242,*,2.75964038338548e-09,3.73310946144034e-06,-25.3109452736318
340829,NC_047561.1,2519353,2519355,*,9.52319730171181e-11,2.62272947557978e-07,33.152403778373
348631,NC_047561.1,3763217,3763219,*,1.14125848807069e-06,0.000323336709135241,-25.2527049058841
355654,NC_047561.1,5117793,5117795,*,6.92614954585136e-09,7.59988248424078e-06,28.8541666666667
355709,NC_047561.1,5134188,5134190,*,2.00281725681051e-14,1.90089060840397e-10,40.5384104861457
355783,NC_047561.1,5166031,5166033,*,5.95567037603752e-12,2.75230167696602e-08,31.0201761864166
357394,NC_047561.1,5316923,5316925,*,4.56220756747722e-09,5.52390576401753e-06,-26.6297043010753
357396,NC_047561.1,5317013,5317015,*,6.21164873921646e-10,1.18292142911036e-06,-30.1221517500587
368894,NC_047561.1,7716871,7716873,*,5.23593207198154e-08,3.43486007756786e-05,26.2594799566631
369658,NC_047561.1,7840575,7840577,*,1.19719512649218e-12,7.09477692138665e-09,-27.9903264258207
370939,NC_047561.1,8182460,8182462,*,9.6789484835473e-10,1.68507396174433e-06,-28.7337594518946
371800,NC_047561.1,8476219,8476221,*,4.56611129201152e-07,0.000165620423486324,25.3036109461867
374067,NC_047561.1,8826192,8826194,*,1.18563112933015e-09,1.95586486473314e-06,-25.4226961157654
374074,NC_047561.1,8829933,8829935,*,2.62008083005248e-16,4.36352600774162e-12,-30.6665162115399
377024,NC_047561.1,9340318,9340320,*,1.35308396886548e-09,2.16559869301385e-06,30.4514998162336
377086,NC_047561.1,9370360,9370362,*,2.58417635406176e-10,5.84794233678124e-07,29.5276208411802
381590,NC_047561.1,10146283,10146285,*,3.31850158705521e-10,7.12687196326718e-07,-27.5186861774924
381646,NC_047561.1,10160422,10160424,*,9.94519626102677e-13,6.09606536032857e-09,-29.6189153745275
382173,NC_047561.1,10236415,10236417,*,5.24643977652671e-10,1.02680245634392e-06,-27.4245374878286
383479,NC_047561.1,10762955,10762957,*,4.214918182551e-07,0.000156727576658569,-25.4156960398426
383480,NC_047561.1,10762958,10762960,*,1.82018869487418e-07,8.58699824161897e-05,-26.7667645066606
383527,NC_047561.1,10789450,10789452,*,3.89822177819491e-09,4.88063326086463e-06,29.6304267617759
384090,NC_047561.1,10860106,10860108,*,2.6890603232304e-11,9.76771591356847e-08,-25.9990527499852
384464,NC_047561.1,10930200,10930202,*,3.33693885388427e-08,2.45247161828053e-05,28.7604846225536
384671,NC_047561.1,10987582,10987584,*,8.45892225075681e-14,7.07719761349503e-10,-34.5985951823485
384896,NC_047561.1,11056371,11056373,*,5.3720134204135e-11,1.6839637072762e-07,-26.9856043683296
389763,NC_047561.1,12301204,12301206,*,4.31580723742791e-17,8.56053242921224e-13,-32.2134387351779
389883,NC_047561.1,12328419,12328421,*,3.19568661099286e-06,0.000687147183059462,25.1412429378531
390779,NC_047561.1,12475979,12475981,*,2.80520713038655e-13,2.09836810136107e-09,27.4703557312253
390839,NC_047561.1,12502813,12502815,*,3.99990188019118e-10,8.2394317470785e-07,28.2794605183846
390861,NC_047561.1,12520730,12520732,*,3.93398563428112e-11,1.32788304381549e-07,32.9263746505126
393897,NC_047561.1,12972318,12972320,*,6.98936373508961e-08,4.26351563526146e-05,-26.0128827483196
396151,NC_047561.1,13498307,13498309,*,1.58268961279722e-09,2.42744373850309e-06,25.4076367389061
396355,NC_047561.1,13536051,13536053,*,3.44494047261557e-08,2.51301511269564e-05,-28.4385586695411
399836,NC_047561.1,14164550,14164552,*,3.44257871051488e-09,4.40645370129002e-06,27.5255503144654
399879,NC_047561.1,14174594,14174596,*,3.39907331168766e-11,1.18353557544419e-07,-30.8398106481211
412766,NC_047561.1,17023723,17023725,*,1.2279096982611e-14,1.20426667600556e-10,28.2245866583216
415737,NC_047561.1,17995208,17995210,*,1.38143740409549e-08,1.2694996646791e-05,-31.1027796712868
419442,NC_047561.1,18982717,18982719,*,5.72206597403714e-06,0.00104030904712649,-25.2431053722302
419663,NC_047561.1,19056315,19056317,*,3.53226767680606e-09,4.49903240635744e-06,27.660214622405
420896,NC_047561.1,19462793,19462795,*,5.48200737734696e-11,1.70380553364308e-07,27.6423902894491
421969,NC_047561.1,19775224,19775226,*,4.94905534307997e-10,9.81659894144192e-07,29.9947400718857
421973,NC_047561.1,19775688,19775690,*,1.15416273106541e-07,6.13205488561091e-05,28.9686783804431
422337,NC_047561.1,19828911,19828913,*,7.65877568685564e-10,1.3895534413859e-06,26.3348247576435
423753,NC_047561.1,20246339,20246341,*,5.03496143164843e-10,9.96460386312607e-07,-28.3935000486523
425721,NC_047561.1,21013583,21013585,*,2.52409982673849e-09,3.4764599275474e-06,25.5707762557078
425734,NC_047561.1,21020357,21020359,*,1.24187220024245e-08,1.17111570607756e-05,26.9929311675042
426015,NC_047561.1,21129860,21129862,*,8.49239415667429e-10,1.51128793456999e-06,-29.1180654338549
427833,NC_047561.1,21579541,21579543,*,2.04901713237874e-06,0.000498331895437035,-25.0860829739578
430214,NC_047561.1,21940360,21940362,*,3.72047771904619e-09,4.69472046029362e-06,25.8962264150943
430234,NC_047561.1,21943585,21943587,*,4.66708917764374e-12,2.26346331559838e-08,25.0937897769143
430998,NC_047561.1,22116256,22116258,*,4.03197998226031e-12,1.98868808436036e-08,26.2746426733928
434092,NC_047561.1,22966709,22966711,*,2.16955971083916e-08,1.77069529117127e-05,-28.3926908752328
434848,NC_047561.1,23173510,23173512,*,3.39572597305248e-08,2.48430011251921e-05,25.5437228138593
434853,NC_047561.1,23173670,23173672,*,3.36558725154946e-12,1.71717081907753e-08,27.641975308642
436500,NC_047561.1,23941097,23941099,*,6.24563901265224e-10,1.18683380947621e-06,26.5193370165746
436675,NC_047561.1,23974976,23974978,*,4.86753815023937e-13,3.33056874801146e-09,-35.3144710758695
440658,NC_047561.1,24872345,24872347,*,2.52270106778517e-09,3.4764599275474e-06,28.279804028307
443904,NC_047561.1,25732160,25732162,*,3.12566917144367e-09,4.1026140770406e-06,30.8133338233673
444414,NC_047561.1,25988492,25988494,*,1.12457406187276e-08,1.08941180589459e-05,-25.611646003693
444415,NC_047561.1,25988497,25988499,*,2.94184528558419e-10,6.45029352139312e-07,-28.0475898929393
447347,NC_047561.1,27079360,27079362,*,1.26641983866008e-08,1.18615536123986e-05,28.8810422500913
450981,NC_047561.1,27935595,27935597,*,4.81286771171961e-11,1.54688874100358e-07,28.2487995198079
451055,NC_047561.1,27985757,27985759,*,1.8528462921384e-12,1.02858696716004e-08,-25.1785331714633
453352,NC_047561.1,28332941,28332943,*,8.11314839467497e-11,2.31738042742717e-07,27.5101419878296
454472,NC_047561.1,28623159,28623161,*,4.48086300092493e-12,2.1791332397477e-08,-26.7361111111111
455271,NC_047561.1,29064468,29064470,*,9.66336973094742e-09,9.70372477402683e-06,28.4640790231191
458114,NC_047561.1,29829302,29829304,*,1.04273742304678e-07,5.70433128118186e-05,26.1959615124001
458409,NC_047561.1,29905876,29905878,*,9.95314443170492e-10,1.71756593096139e-06,28.9364640883978
460790,NC_047561.1,30422719,30422721,*,6.54445500651951e-09,7.28908415234857e-06,29.56936226167
461542,NC_047561.1,30573338,30573340,*,2.24337643044731e-07,9.95464721162253e-05,29.4735465876406
463634,NC_047561.1,31009196,31009198,*,1.0480877942038e-10,2.83343481926267e-07,27.5193798449612
463851,NC_047561.1,31072407,31072409,*,4.87124066945889e-10,9.70587311614901e-07,26.1702127659574
464951,NC_047561.1,31284231,31284233,*,5.55049078964958e-17,1.05360344566632e-12,-33.1518943939654
466692,NC_047561.1,31920450,31920452,*,3.95860108793723e-06,0.000799391787051362,-25.5268817204301
466759,NC_047561.1,31942050,31942052,*,1.42139868197096e-10,3.65248058267137e-07,27.6088272892417
466997,NC_047561.1,32030149,32030151,*,8.84180962860622e-15,9.24847150730622e-11,35.2453580901857
466999,NC_047561.1,32030173,32030175,*,3.04609188353882e-12,1.57694797186263e-08,28.6816874400767
468589,NC_047561.1,32474247,32474249,*,4.09245168222697e-11,1.37413996820949e-07,-26.2492981471084
470463,NC_047561.1,33410743,33410745,*,1.03374218302811e-06,0.000299558114482966,28.1971131745886
470465,NC_047561.1,33411690,33411692,*,2.61871138638257e-10,5.91166244550849e-07,27.0360049964997
472886,NC_047561.1,34793491,34793493,*,2.79748934392956e-08,2.14625127773259e-05,27.8368794326241
473808,NC_047561.1,35080814,35080816,*,3.36128738887782e-08,2.46523485988817e-05,29.6987951807229
478548,NC_047561.1,36312955,36312957,*,9.2906343102434e-13,5.81600809409322e-09,32.4868408902022
478594,NC_047561.1,36332893,36332895,*,4.31993750155801e-13,3.02625602734254e-09,27.9111827769546
481579,NC_047561.1,37605276,37605278,*,3.05819594486939e-09,4.03796588370188e-06,-28.4403031778041
484985,NC_047561.1,38673556,38673558,*,4.22650062051051e-11,1.41529465431887e-07,26.5265584011888
485530,NC_047561.1,38840994,38840996,*,5.71514402398808e-08,3.67413737856196e-05,30.104838355924
487177,NC_047561.1,39170981,39170983,*,9.06643390839856e-10,1.59857676785127e-06,-31.801716670604
492085,NC_047561.1,40871322,40871324,*,1.49542567531588e-05,0.00207304902397958,27.0529197080292
492196,NC_047561.1,40931697,40931699,*,8.87073905468098e-11,2.47782979141106e-07,27.9105016239625
492305,NC_047561.1,40947636,40947638,*,1.6968062905058e-07,8.16641945571961e-05,27.3743016759777
494450,NC_047561.1,41705514,41705516,*,1.18591845643145e-08,1.13431390320991e-05,26.6243218208284
496070,NC_047561.1,41914553,41914555,*,2.76735565602739e-14,2.55776331863186e-10,29.4052242025955
496198,NC_047561.1,41940189,41940191,*,7.72077221371413e-08,4.58606999658419e-05,26.1271623113728
497063,NC_047561.1,42176408,42176410,*,6.52411077024534e-08,4.05808644734499e-05,28.1655004563432
497095,NC_047561.1,42187259,42187261,*,2.86954097149945e-20,1.01314398447145e-15,35.9663571927723
501101,NC_047561.1,43479508,43479510,*,5.90735915337639e-12,2.7371408391199e-08,-27.2495777575679
513588,NC_047561.1,45848860,45848862,*,6.95098289288562e-09,7.6216515234576e-06,26.2572193266657
516451,NC_047561.1,46291782,46291784,*,1.47709315539602e-07,7.3660280470262e-05,25.2631578947368
517681,NC_047561.1,46520398,46520400,*,2.31891108979253e-11,8.59799058526017e-08,-29.5191023243388
521526,NC_047561.1,47168797,47168799,*,5.2005882388626e-10,1.02054481448919e-06,-32.3780174627632
521671,NC_047561.1,47194043,47194045,*,4.86164205353045e-09,5.80680564636924e-06,30.6338899196042
521681,NC_047561.1,47199493,47199495,*,4.29232227201921e-09,5.26575043546361e-06,-28.6116034503131
523273,NC_047561.1,47549708,47549710,*,1.60453665067294e-08,1.41685304701164e-05,25.6651208201123
526098,NC_047561.1,48080999,48081001,*,1.05013946354226e-09,1.79084573213477e-06,26.3576228200905
530043,NC_047561.1,48858930,48858932,*,3.97883060727787e-07,0.000150181633815351,26.8411442483262
534127,NC_047561.1,49490893,49490895,*,9.04950164649999e-08,5.13020594529057e-05,-27.9551846139889
534555,NC_047561.1,49560716,49560718,*,3.44571206155529e-06,0.000725358775428397,-25.0929457776061
534882,NC_047561.1,49639273,49639275,*,1.03309337883228e-10,2.81011197599681e-07,-34.762125424776
538434,NC_047561.1,50234031,50234033,*,5.01220950502536e-08,3.32017325492375e-05,27.4468199398367
544503,NC_047561.1,51342869,51342871,*,7.97984874639637e-15,8.58935415321182e-11,-32.3714560686619
548199,NC_047561.1,52119350,52119352,*,3.46833017363815e-07,0.000136791496512749,-25.3162055335968
549108,NC_047561.1,52217316,52217318,*,9.76480799600466e-07,0.000286921127452866,25.0082080241644
553168,NC_047561.1,52705244,52705246,*,2.30471765881606e-08,1.85866325122462e-05,-30.2145763965964
557109,NC_047561.1,53401034,53401036,*,1.23375480973592e-07,6.43046541184928e-05,26.4950009432183
563003,NC_047561.1,54595005,54595007,*,4.07303746044285e-12,1.99730619062617e-08,30.5442176870748
564993,NC_047561.1,55114558,55114560,*,4.92063510274035e-08,3.2767263774398e-05,-25.5656108597285
565174,NC_047561.1,55150920,55150922,*,3.54785236997619e-11,1.23048550524464e-07,29.6795791487327
565348,NC_047561.1,55232115,55232117,*,1.07799305159205e-08,1.05372421405072e-05,28.86874430081
565384,NC_047561.1,55238971,55238973,*,8.02698391473084e-11,2.30038445948869e-07,-26.7225922131148
565749,NC_047561.1,55292768,55292770,*,9.89286437006647e-08,5.48529810739641e-05,-25.5630399012752
571566,NC_047561.1,56441935,56441937,*,1.40256733419901e-07,7.07836020447766e-05,25.2548095298764
571568,NC_047561.1,56442917,56442919,*,9.49378636854067e-10,1.66172609498424e-06,-32.3930481283422
571613,NC_047561.1,56451932,56451934,*,2.52509793440229e-09,3.4764599275474e-06,29.5357064587834
572306,NC_047561.1,56766701,56766703,*,3.05509097196785e-16,4.99377689705319e-12,-31.6386865167353
574439,NC_047561.1,57232708,57232710,*,5.26512769473268e-06,0.000978806730709563,25.2733947820653
574920,NC_047561.1,57359603,57359605,*,6.4275054288795e-07,0.000212128293740136,28.0605170866977
577826,NC_047561.1,57925615,57925617,*,1.07248973140078e-08,1.05008912409784e-05,-25.1885960615264
579078,NC_047561.1,58301231,58301233,*,1.03293463298311e-08,1.02047505986624e-05,-25.4821641918416
586017,NC_047562.1,4556109,4556111,*,1.98991150369691e-08,1.66480196415023e-05,26.2279387279387
589569,NC_047562.1,6874133,6874135,*,2.71153743862982e-10,6.08232492993378e-07,-31.4483804571552
602576,NC_047562.1,12158513,12158515,*,3.53516729430396e-08,2.56324310964496e-05,29.8512508451657
604690,NC_047562.1,13256600,13256602,*,1.59433210656385e-11,6.29651168025411e-08,30.0724637681159
612672,NC_047562.1,15113958,15113960,*,9.2858141519386e-08,5.22989761445693e-05,26.2160302717578
612674,NC_047562.1,15113975,15113977,*,1.80342894053879e-08,1.54322251634738e-05,27.31737262124
614542,NC_047562.1,16560932,16560934,*,2.12492241546941e-06,0.000511203848781634,26.220154494382
628272,NC_047562.1,20801233,20801235,*,1.71271793662239e-09,2.57980558572087e-06,34.0261078667125
628880,NC_047562.1,20994690,20994692,*,2.26198258664011e-09,3.16563830256609e-06,-34.0265969042947
629883,NC_047562.1,21179249,21179251,*,1.38000467314429e-08,1.26904036967419e-05,-27.5510204081633
629918,NC_047562.1,21216941,21216943,*,3.04655141100397e-08,2.29445554905363e-05,-27.4062418043535
629946,NC_047562.1,21231815,21231817,*,1.20190502436523e-07,6.30541719269822e-05,-25.1585447263017
632319,NC_047562.1,21890811,21890813,*,3.19460858659385e-11,1.12464466479819e-07,-33.4253587553562
633250,NC_047562.1,22111209,22111211,*,5.84079138030761e-10,1.12233427014019e-06,-29.0929526806789
634177,NC_047562.1,22395184,22395186,*,3.74590469213534e-07,0.000143881662667038,25.5431061313414
634711,NC_047562.1,22530941,22530943,*,5.82384589297153e-09,6.69340961459257e-06,31.9695599758891
637637,NC_047562.1,23147906,23147908,*,1.67752511841206e-09,2.54178156462638e-06,29.2352941176471
641185,NC_047562.1,23729825,23729827,*,1.8639140501422e-07,8.7231667461095e-05,-25.4285714285714
642759,NC_047562.1,24055493,24055495,*,3.04430833624964e-05,0.00343139063587388,-26.1144009891326
643024,NC_047562.1,24151810,24151812,*,9.92734109159307e-08,5.50240118215493e-05,-26.3361344537815
643084,NC_047562.1,24160275,24160277,*,1.02539169426859e-07,5.62687773893026e-05,-26.4910848819689
647254,NC_047562.1,26654082,26654084,*,1.46816706795666e-05,0.00204595542750398,-25.1388888888889
657314,NC_047562.1,28890553,28890555,*,5.63451666052191e-07,0.000192805706654185,-25.7953673876361
659363,NC_047562.1,29428325,29428327,*,1.83765912341749e-06,0.000460743646572174,26.7732267732268
664479,NC_047562.1,30592418,30592420,*,3.7264334722826e-06,0.00076660055071637,26.4508487958942
669320,NC_047562.1,32034491,32034493,*,9.25999701820918e-06,0.0014766489483393,27.0135746606335
669327,NC_047562.1,32039496,32039498,*,2.85869100494572e-12,1.50195417426296e-08,33.3999333999334
669328,NC_047562.1,32039598,32039600,*,1.08999806660509e-07,5.88086455517474e-05,26.797385620915
673401,NC_047562.1,33116962,33116964,*,2.82290493453986e-09,3.8099322540719e-06,-30.5855855855856
673488,NC_047562.1,33135054,33135056,*,3.83000297540645e-06,0.000781197389992654,25.8024691358025
688901,NC_047562.1,37016920,37016922,*,8.99231727145273e-09,9.18663851853902e-06,-25.7374185312101
689233,NC_047562.1,37138244,37138246,*,4.10718838014477e-10,8.40161103588002e-07,25.2852941176471
696783,NC_047562.1,38717613,38717615,*,2.08197365491644e-17,4.59424326324485e-13,33.6079525137667
705839,NC_047562.1,41788783,41788785,*,7.7313035405871e-09,8.17758623056453e-06,25.6090314913844
707851,NC_047562.1,42212193,42212195,*,2.9014996065732e-07,0.00012032616555683,-25.4048711255291
716160,NC_047562.1,46004618,46004620,*,4.01286524507135e-10,8.25650090206185e-07,31.9032585409855
722056,NC_047562.1,47179525,47179527,*,2.56521283807149e-07,0.000109568759300561,28.7300955414013
734275,NC_047562.1,50111930,50111932,*,1.40648786772633e-09,2.23277744881147e-06,27.270787901773
739235,NC_047562.1,51581478,51581480,*,4.73212260658868e-08,3.18020739842762e-05,25.7396262274311
747580,NC_047563.1,1459600,1459602,*,3.85700333651489e-10,8.01993906933587e-07,-26.9214285714286
748416,NC_047563.1,1715102,1715104,*,6.207078267806e-08,3.91483144149472e-05,25.273631840796
757764,NC_047563.1,4155669,4155671,*,7.54802997462574e-07,0.000237519625254648,26.0240152620357
760499,NC_047563.1,5025152,5025154,*,1.24819530626678e-09,2.03274081513113e-06,25.2926421404682
762953,NC_047563.1,5594934,5594936,*,1.32412725168305e-12,7.76590319680949e-09,-27.763194252556
763393,NC_047563.1,5747294,5747296,*,1.0716816562672e-06,0.000307873744855182,-25.4270101483216
765144,NC_047563.1,5972299,5972301,*,1.32906513778155e-10,3.440255011387e-07,25.4417293233083
766120,NC_047563.1,6150452,6150454,*,6.15059753956465e-11,1.86561948936275e-07,-26.1065032104984
770055,NC_047563.1,7238213,7238215,*,7.24310103068189e-12,3.24531655851523e-08,27.1044175329056
774732,NC_047563.1,8594188,8594190,*,8.19174108862804e-07,0.000252721690881156,27.2228189521423
774933,NC_047563.1,8645247,8645249,*,1.31692809361751e-10,3.41384418405513e-07,-25.968753438222
776141,NC_047563.1,9072435,9072437,*,1.22382631393328e-07,6.39381902565491e-05,-26.0212714527435
778324,NC_047563.1,9659186,9659188,*,4.21419000709811e-06,0.000836931571890792,25.5906743858551
778402,NC_047563.1,9680994,9680996,*,5.35808761820978e-08,3.48953120040638e-05,-26.8343815513627
792760,NC_047563.1,14064374,14064376,*,1.07165138694686e-06,0.000307873744855182,25.3971886237332
796867,NC_047563.1,15548078,15548080,*,2.82191297902503e-10,6.26621414847102e-07,-37.0574136616189
803104,NC_047563.1,19112377,19112379,*,5.16317266599386e-08,3.39722820193348e-05,-27.9602750190985
808696,NC_047563.1,20867531,20867533,*,1.25764115727007e-09,2.04435193085251e-06,25.6503215763385
814666,NC_047563.1,23999282,23999284,*,6.97721536384592e-09,7.63153355312716e-06,-26.9554455445545
816755,NC_047563.1,25044411,25044413,*,1.03323180216235e-11,4.3532387515006e-08,32.8097854157863
816779,NC_047563.1,25050612,25050614,*,2.02110640055142e-08,1.68378627517354e-05,-25.5776433304523
820141,NC_047563.1,26397358,26397360,*,1.69913636741943e-08,1.47907102463571e-05,-25.1748251748252
822548,NC_047563.1,27477736,27477738,*,3.07155132716418e-09,4.05256890722327e-06,30.7168911335578
822817,NC_047563.1,28011895,28011897,*,1.84310263469522e-08,1.56729560317023e-05,-29.4067252088242
822818,NC_047563.1,28011907,28011909,*,1.44824481276633e-10,3.71066291813379e-07,-33.61229661243
822870,NC_047563.1,28054120,28054122,*,1.10814613904917e-06,0.000315932885802961,27.2727272727273
823301,NC_047563.1,28480073,28480075,*,3.92399501124719e-10,8.13050640510252e-07,-27.5949655015543
824091,NC_047563.1,28990399,28990401,*,1.47288572749353e-11,5.88268412065383e-08,-32.7215424545792
825932,NC_047563.1,30170523,30170525,*,1.27801564374043e-08,1.19344128294116e-05,-26.7326732673267
825955,NC_047563.1,30171729,30171731,*,6.60326555214733e-10,1.23650702267005e-06,-31.75834421033
826031,NC_047563.1,30182846,30182848,*,3.40741076367531e-10,7.29120462783432e-07,26.5116279069767
826060,NC_047563.1,30189137,30189139,*,1.17719265990769e-10,3.1203410231682e-07,31.0842366590468
828671,NC_047563.1,33206701,33206703,*,9.83735564879015e-07,0.000288620426077042,26.7487215047239
828672,NC_047563.1,33206705,33206707,*,5.71114372977765e-08,3.67290322620292e-05,30.2856881237982
829920,NC_047563.1,34838819,34838821,*,9.68194159436359e-09,9.71132604260899e-06,25.1207729468599
831491,NC_047563.1,36581622,36581624,*,1.30724566125665e-07,6.71829720272506e-05,-26.0358659745163
832499,NC_047563.1,37099726,37099728,*,2.86599435938289e-09,3.84165447274596e-06,-26.5820895522388
836297,NC_047563.1,38411066,38411068,*,7.24841393283191e-10,1.32811926000364e-06,26.531042479182
837012,NC_047563.1,38936507,38936509,*,7.49470843214101e-09,8.01956417226445e-06,-27.9475197699497
837206,NC_047563.1,38989138,38989140,*,2.77158170140803e-08,2.13193392248931e-05,-27.1885228776377
837382,NC_047563.1,39074702,39074704,*,1.28925322109816e-07,6.64905722126331e-05,27.0328988206083
837488,NC_047563.1,39154698,39154700,*,1.52926342668146e-09,2.35681662002506e-06,27.1604938271605
842309,NC_047563.1,40299847,40299849,*,8.64649158714712e-08,4.96875355096104e-05,-26.6845132995386
842465,NC_047563.1,40362865,40362867,*,2.09675997240031e-07,9.50564332640928e-05,-25.3318584070796
842760,NC_047563.1,40487933,40487935,*,6.30974053699161e-09,7.07852420647193e-06,-28.5977761146156
842868,NC_047563.1,40526669,40526671,*,1.29226803917525e-08,1.20321438316053e-05,-25.4837869890949
844208,NC_047563.1,41396696,41396698,*,1.20265361434696e-08,1.14576060569119e-05,-26.9489940289202
844689,NC_047563.1,41477416,41477418,*,1.45894505283244e-08,1.32350273845698e-05,30.8248043347381
846396,NC_047563.1,42672858,42672860,*,3.25835714516244e-08,2.41077672724083e-05,-27.3070510934589
846397,NC_047563.1,42672871,42672873,*,6.99299661801104e-11,2.06438587418634e-07,-29.6377233877234
846947,NC_047563.1,42964348,42964350,*,9.248898737544e-11,2.56927197380954e-07,26.3796814464055
864371,NC_047563.1,57397993,57397995,*,5.80199545456403e-12,2.70250756756895e-08,29.2647058823529
864579,NC_047563.1,57453436,57453438,*,5.18118513075513e-09,6.07744944740768e-06,26.5087025917762
870729,NC_047563.1,61895324,61895326,*,3.17224020345733e-07,0.00012829524525469,-25.3419374742904
870782,NC_047563.1,61930364,61930366,*,4.05189644217833e-13,2.86119246727404e-09,-31.1933843314596
871446,NC_047563.1,62105797,62105799,*,1.23692943881149e-11,5.10187602715871e-08,27.007299270073
885108,NC_047563.1,67069984,67069986,*,3.811715587158e-10,7.94448633290301e-07,33.496698659043
885118,NC_047563.1,67072096,67072098,*,7.26795214025304e-09,7.8511029879413e-06,28.7345542806708
887553,NC_047563.1,69251531,69251533,*,1.63007198911227e-11,6.39474182428221e-08,32.4786324786325
892148,NC_047564.1,666313,666315,*,2.32320000413656e-11,8.59799058526017e-08,29.9100171041868
892417,NC_047564.1,707841,707843,*,2.24602216016848e-13,1.71644859482427e-09,-29.0013417672992
893618,NC_047564.1,1090921,1090923,*,3.82585789727476e-09,4.80707895495339e-06,29.8882681564246
898808,NC_047564.1,2385193,2385195,*,1.24563229894645e-09,2.03231650672122e-06,27.2474352286559
899705,NC_047564.1,3347357,3347359,*,1.44825025337641e-07,7.26322828161717e-05,30.6387322574373
900912,NC_047564.1,3507702,3507704,*,3.19808719141051e-11,1.12464466479819e-07,-30.0786369593709
902541,NC_047564.1,3898351,3898353,*,3.02183979673528e-16,4.98558819383957e-12,28.4976686599405
902840,NC_047564.1,3969286,3969288,*,1.6683652524789e-08,1.45875904410398e-05,25.1084546418587
903543,NC_047564.1,4062341,4062343,*,2.36681557176324e-15,2.94242104448566e-11,25.9207527751231
905368,NC_047564.1,4229506,4229508,*,1.5867245692171e-09,2.43151980838535e-06,29.0277814144694
906796,NC_047564.1,4434541,4434543,*,1.30218204339354e-08,1.20925621993733e-05,25.0178890876565
910026,NC_047564.1,5667950,5667952,*,1.38021874696518e-08,1.26904036967419e-05,27.948202162434
913210,NC_047564.1,6119824,6119826,*,1.31883640024326e-08,1.22150928768558e-05,28.9473684210526
913423,NC_047564.1,6147690,6147692,*,8.58803935694921e-09,8.9076514439301e-06,28.5288519334803
913814,NC_047564.1,6371692,6371694,*,7.8904318590016e-09,8.30846199672744e-06,-29.1852955787382
914498,NC_047564.1,6540934,6540936,*,2.76253231649023e-07,0.000115866312588866,30.4687904687905
916500,NC_047564.1,6954015,6954017,*,8.86059728245966e-11,2.47782979141106e-07,-30.2675585284281
917087,NC_047564.1,7056803,7056805,*,3.63591494206992e-08,2.61984968967403e-05,26.3859803813513
917426,NC_047564.1,7099040,7099042,*,1.41075887571022e-06,0.000378583457082526,-25.0687509046172
917584,NC_047564.1,7155769,7155771,*,1.92558067047626e-10,4.64386280897032e-07,29.8418101722066
917585,NC_047564.1,7155821,7155823,*,6.66568466337825e-11,1.98770441427212e-07,29.2813852813853
918185,NC_047564.1,7278365,7278367,*,4.73150784920691e-08,3.18020739842762e-05,-25.1082251082251
918778,NC_047564.1,7366809,7366811,*,5.41481918668553e-16,8.53482618399597e-12,-28.2345796366709
924174,NC_047564.1,8258002,8258004,*,3.10693706862767e-07,0.000126521732022321,-25.5313230221431
924258,NC_047564.1,8295587,8295589,*,3.81810208435093e-09,4.800750906594e-06,-25.6093544137022
928249,NC_047564.1,8663524,8663526,*,3.46093562823243e-08,2.52051711453031e-05,26.392118112067
931626,NC_047564.1,9320667,9320669,*,2.69601600450054e-07,0.000113752129234887,-26.5343743222728
931753,NC_047564.1,9392267,9392269,*,2.09129879764091e-06,0.000505485793524644,25.9685252126922
931883,NC_047564.1,9426370,9426372,*,2.88735961533564e-09,3.86149690514007e-06,26.5217391304348
933115,NC_047564.1,9724391,9724393,*,7.92510103683773e-07,0.000245973297020947,26.0399201596806
935967,NC_047564.1,10640462,10640464,*,3.38091608111572e-10,7.24329084203837e-07,-32.1786283891547
936493,NC_047564.1,10948662,10948664,*,7.59118347817684e-09,8.08264876349356e-06,-28.7106637788253
937850,NC_047564.1,11122452,11122454,*,2.44936895791646e-10,5.57212990502283e-07,29.6179491800324
943169,NC_047564.1,13929088,13929090,*,6.60070865963128e-09,7.33784968070685e-06,26.3136479888398
943232,NC_047564.1,13956118,13956120,*,1.20427850731934e-10,3.1778219632784e-07,-33.1214689265537
944790,NC_047564.1,14197678,14197680,*,9.76522003240971e-06,0.00153426029924852,28.2640197072888
945040,NC_047564.1,14282393,14282395,*,1.49488013812152e-08,1.34803311280456e-05,-28.7209944751381
947145,NC_047564.1,15023491,15023493,*,5.05165434190826e-08,3.34003570564543e-05,27.0509370015949
950103,NC_047564.1,15993319,15993321,*,9.51660077757799e-10,1.66172609498424e-06,27.1357103152545
950305,NC_047564.1,16036683,16036685,*,1.28598204414283e-14,1.2542527857589e-10,33.46795070933
950716,NC_047564.1,16170731,16170733,*,8.39809181539143e-09,8.73115457543078e-06,-27.2970136437363
953870,NC_047564.1,16769941,16769943,*,1.81927459129313e-08,1.55376924865801e-05,-27.7520843165015
957867,NC_047564.1,17542789,17542791,*,3.10450273126001e-08,2.32619171512267e-05,-28.2212606046803
964410,NC_047564.1,18792439,18792441,*,5.20290439065327e-10,1.02054481448919e-06,26.3775522275061
966907,NC_047564.1,19322864,19322866,*,1.83683150172475e-09,2.70444952506107e-06,29.4278594811159
967464,NC_047564.1,19504829,19504831,*,3.02476915404287e-11,1.07223909309126e-07,28.5696148963182
969027,NC_047564.1,19872011,19872013,*,2.1608898297117e-09,3.05421025890106e-06,27.5551866475233
977470,NC_047564.1,22008959,22008961,*,1.82691545052419e-06,0.00045876668041207,26.1234383740444
977623,NC_047564.1,22054193,22054195,*,4.98611584957332e-09,5.92341689775637e-06,26.6133447594563
980376,NC_047564.1,22793142,22793144,*,7.1713608929222e-10,1.31666380007702e-06,26.3420524972658
980484,NC_047564.1,22833399,22833401,*,3.65188467679576e-65,2.14894125868137e-59,-68.6905796898225
980485,NC_047564.1,22833461,22833463,*,5.17498244859193e-30,4.15255071171362e-25,-37.2983389610833
981129,NC_047564.1,23049723,23049725,*,4.01778312162919e-11,1.35358005836292e-07,28.7190720512783
981130,NC_047564.1,23049729,23049731,*,6.28595433494172e-10,1.18937367671996e-06,27.1853133469094
981131,NC_047564.1,23049738,23049740,*,2.4646819964333e-10,5.59974974199915e-07,29.2845880961766
981814,NC_047564.1,23329824,23329826,*,1.1447731559253e-11,4.73282347503374e-08,31.7176186645213
987747,NC_047564.1,24659205,24659207,*,4.03857351043107e-10,8.29007167805795e-07,26.9465020576132
987965,NC_047564.1,24796320,24796322,*,1.76684982325029e-10,4.34291260285056e-07,-32.0891265597148
989495,NC_047564.1,25194399,25194401,*,1.22889578584499e-10,3.23311594366505e-07,29.9728260869565
990169,NC_047564.1,25317339,25317341,*,3.65673325686489e-09,4.63415877668742e-06,27.0404966679957
990633,NC_047564.1,25380963,25380965,*,7.70134871568911e-08,4.57607233982847e-05,-28.6796536796537
990662,NC_047564.1,25396289,25396291,*,6.39087676633955e-08,3.99790231468948e-05,26.363287250384
992384,NC_047564.1,25908539,25908541,*,1.28696844076845e-09,2.07862659577042e-06,-30.4463865194411
992388,NC_047564.1,25909766,25909768,*,2.30702533670336e-07,0.000101260260979661,-29.2586975068727
993150,NC_047564.1,26054676,26054678,*,5.84263816264296e-10,1.12233427014019e-06,-29.7835879357618
993154,NC_047564.1,26056228,26056230,*,4.3086835784289e-07,0.000159018364231522,-25.3873417721519
999560,NC_047564.1,27611643,27611645,*,8.16073338409336e-08,4.77193831293458e-05,26.9460759560954
1000629,NC_047564.1,27774218,27774220,*,9.60438382321686e-10,1.6737431272093e-06,-26.7675685966541
1000668,NC_047564.1,27789139,27789141,*,7.05313998406649e-12,3.17632681403648e-08,28.4712739149409
1001534,NC_047564.1,28041877,28041879,*,4.31912757254733e-13,3.02625602734254e-09,-33.5304224782697
1002418,NC_047564.1,28176660,28176662,*,2.11772673856921e-11,7.93739068982455e-08,26.5993528517407
1004335,NC_047564.1,28726207,28726209,*,2.98988801234951e-07,0.000123005675941691,-25.5321976240466
1005616,NC_047564.1,28971040,28971042,*,1.79328794890443e-16,3.07355896823104e-12,33.5455486542443
1005917,NC_047564.1,29078345,29078347,*,2.91555781259757e-10,6.41110841647464e-07,26.5978470019242
1006151,NC_047564.1,29147830,29147832,*,2.41579541760399e-08,1.91714175634446e-05,25.9328165374677
1006268,NC_047564.1,29164286,29164288,*,1.12225829275664e-11,4.65063192551672e-08,30.8477348694972
1007321,NC_047564.1,29369060,29369062,*,1.76881020651377e-10,4.34291260285056e-07,-34.6792316056542
1007752,NC_047564.1,29533513,29533515,*,4.91656956948603e-10,9.76831872918284e-07,-25.4226108298819
1007915,NC_047564.1,29741648,29741650,*,1.90869142963389e-07,8.87409085453106e-05,-25.6816450875857
1009843,NC_047564.1,30251944,30251946,*,2.6474769161667e-13,1.98880894360985e-09,28.8948899044454
1011540,NC_047564.1,30794707,30794709,*,2.26679311423307e-38,3.63787643854803e-33,29.8082188308067
1025250,NC_047564.1,33519280,33519282,*,6.57299931294944e-11,1.96670997148945e-07,-36.0984271943176
1034156,NC_047564.1,35642601,35642603,*,1.92357267944682e-09,2.7943200147668e-06,32.5573911177859
1037287,NC_047564.1,36407372,36407374,*,1.51328582403818e-06,0.000399143336412331,26.8120805369127
1037735,NC_047564.1,36476942,36476944,*,3.07986892836132e-08,2.31461073005559e-05,25.2710247887202
1048394,NC_047564.1,38521652,38521654,*,2.79507442232628e-11,1.00481101692519e-07,25.7768118436908
1057173,NC_047564.1,40480676,40480678,*,4.74016314515824e-07,0.000170063707144882,-25.6746532156368
1064468,NC_047564.1,41979621,41979623,*,1.68344634299457e-09,2.54657907955128e-06,25.4115351786368
1066988,NC_047564.1,42493903,42493905,*,1.31050650093562e-10,3.4021935072461e-07,-31.5569792273345
1069874,NC_047564.1,43069570,43069572,*,2.72237745088537e-05,0.00317474305981988,-25.3028890959925
1073740,NC_047564.1,43986846,43986848,*,6.36664108325673e-07,0.000210749973252959,27.6846846846847
1084878,NC_047564.1,46524701,46524703,*,1.15795313195455e-10,3.08323195056572e-07,-28.3741960442961
1090599,NC_047564.1,47253261,47253263,*,1.88353906370646e-10,4.56743101740827e-07,27.6008492569002
1098969,NC_047564.1,49441916,49441918,*,1.08081913018369e-07,5.84384858689307e-05,27.9937304075235
1099145,NC_047564.1,49501864,49501866,*,7.12870279458959e-08,4.32313913904694e-05,27.2740482417902
1099227,NC_047564.1,49516463,49516465,*,1.50673209653163e-09,2.34145843582449e-06,27.1841019872516
1112808,NC_047564.1,52064735,52064737,*,1.3424587581397e-07,6.84545994327991e-05,25.4799146818343
1116722,NC_047564.1,52725213,52725215,*,4.37129303656737e-13,3.05012855690237e-09,26.9332128604774
1133889,NC_047564.1,56252129,56252131,*,2.09372588502512e-09,2.98316489973945e-06,-32.4453551912568
1147608,NC_047565.1,334901,334903,*,3.08734770755462e-08,2.31727177066128e-05,25.1590797846304
1147618,NC_047565.1,335679,335681,*,1.27895238955935e-08,1.19344128294116e-05,29.5318352059925
1147951,NC_047565.1,393280,393282,*,3.19653165031181e-09,4.15229592048861e-06,-28.1926203877423
1148003,NC_047565.1,403342,403344,*,7.3738448608528e-09,7.91328556661593e-06,26.3617782319877
1148110,NC_047565.1,446098,446100,*,1.00233184801203e-10,2.74082114260732e-07,-31.8165659438322
1149283,NC_047565.1,700596,700598,*,1.48110135161552e-07,7.38184574815465e-05,-25.7510253852123
1152661,NC_047565.1,1554700,1554702,*,8.21141293955769e-11,2.33429122254875e-07,-30.1484211963412
1157030,NC_047565.1,2478669,2478671,*,9.87383673307587e-12,4.2001673006433e-08,-28.7750320745245
1157203,NC_047565.1,2521959,2521961,*,1.96026107899512e-08,1.64395740735784e-05,31.1728516007681
1158555,NC_047565.1,2740753,2740755,*,4.20338234366664e-10,8.58843232079075e-07,29.6517412935323
1161070,NC_047565.1,3452976,3452978,*,3.53557471773289e-08,2.56324310964496e-05,-27.7692895339954
1162817,NC_047565.1,3733804,3733806,*,2.10531883511172e-10,4.99543928402758e-07,-25.3022227191969
1163633,NC_047565.1,4150438,4150440,*,1.56874148757717e-07,7.68840793432541e-05,27.5647124438175
1163944,NC_047565.1,4209841,4209843,*,8.0849380836938e-11,2.31323779144868e-07,25.7066401743366
1165718,NC_047565.1,4703460,4703462,*,6.92945678544434e-08,4.23722134422282e-05,-28.6255676435035
1166160,NC_047565.1,4786841,4786843,*,4.09737809885661e-07,0.000153507466611519,26.88127090301
1169626,NC_047565.1,5465234,5465236,*,2.27290016737047e-07,0.000100336339327868,-25.5065856129686
1172489,NC_047565.1,6322535,6322537,*,4.7549860330013e-12,2.29977381921738e-08,28.4833831128811
1173688,NC_047565.1,6445761,6445763,*,1.53485887795578e-08,1.37190700228018e-05,-28.3293994230265
1173980,NC_047565.1,6518481,6518483,*,4.25330424873576e-09,5.2360772236501e-06,-32.0083359061439
1174680,NC_047565.1,6688083,6688085,*,5.38001004913119e-11,1.6839637072762e-07,-25.6193260501616
1175049,NC_047565.1,6756969,6756971,*,5.39679257246551e-10,1.04809485092265e-06,26.2794520547945
1175836,NC_047565.1,6825270,6825272,*,1.00057958930579e-06,0.000292396081549778,-25.1788908765653
1175849,NC_047565.1,6825842,6825844,*,9.86642839085928e-13,6.06885576421498e-09,36.0829554547879
1175851,NC_047565.1,6825884,6825886,*,1.47218668581696e-09,2.29788888948567e-06,32.6388888888889
1175859,NC_047565.1,6828764,6828766,*,4.41764857549047e-14,3.89932930407706e-10,36.7463830103768
1175863,NC_047565.1,6832793,6832795,*,1.22061837535357e-10,3.21613185296473e-07,31.2832446808511
1176222,NC_047565.1,6930601,6930603,*,1.49057462223816e-08,1.34734937137406e-05,27.4781919111816
1176223,NC_047565.1,6930603,6930605,*,3.97633341410394e-09,4.95383670759475e-06,29.1167863793562
1176347,NC_047565.1,6980363,6980365,*,6.57560870649012e-15,7.21005919418628e-11,-31.6176470588235
1176684,NC_047565.1,7091496,7091498,*,7.47578865432615e-16,1.13770003207178e-11,31.1656746031746
1178722,NC_047565.1,7628615,7628617,*,3.45199191461043e-10,7.35983668635697e-07,28.3104783837538
1179687,NC_047565.1,7724535,7724537,*,1.0829493270179e-12,6.56967508434923e-09,31.7097514722028
1179708,NC_047565.1,7736184,7736186,*,2.44123999312635e-09,3.38540644693644e-06,-31.9337670017741
1180310,NC_047565.1,7911174,7911176,*,4.33599674146759e-08,2.97493790612756e-05,-30.0813008130081
1182262,NC_047565.1,8387714,8387716,*,1.82525256954934e-09,2.69189157093568e-06,-29.1414141414141
1182392,NC_047565.1,8417843,8417845,*,1.42956364515942e-09,2.24725566261033e-06,26.3802936536828
1182648,NC_047565.1,8487824,8487826,*,2.12966693538662e-08,1.74854966115891e-05,25.4781111211819
1183492,NC_047565.1,8672721,8672723,*,3.95316466644649e-14,3.54248013280807e-10,-30.5050505050505
1184326,NC_047565.1,8845155,8845157,*,4.76931592916173e-11,1.53639992724859e-07,-26.9938045620952
1187176,NC_047565.1,9301225,9301227,*,1.04617609280579e-08,1.02946384116991e-05,26.4555898010647
1188470,NC_047565.1,9537654,9537656,*,5.68952541592934e-08,3.66188708548006e-05,-28.2119815668203
1191473,NC_047565.1,10089409,10089411,*,2.33114532448363e-09,3.25317605798418e-06,25.4338549075391
1192815,NC_047565.1,10222758,10222760,*,7.72582842899694e-10,1.39884368992828e-06,-25.4772771888496
1192858,NC_047565.1,10229560,10229562,*,2.06252794388383e-09,2.94369745373369e-06,27.1440329218107
1192860,NC_047565.1,10230265,10230267,*,1.74290549616953e-08,1.50253805893025e-05,27.8702570379437
1192861,NC_047565.1,10230284,10230286,*,1.43982339270136e-09,2.25735352379812e-06,29.0964912280702
1192943,NC_047565.1,10261545,10261547,*,1.24840894975736e-08,1.17539637191154e-05,-31.8484258357676
1193860,NC_047565.1,10445648,10445650,*,3.08363715925901e-09,4.06244240260836e-06,31.1631856002717
1193866,NC_047565.1,10446912,10446914,*,1.42104198504785e-11,5.7274531241875e-08,31.1607772072888
1193878,NC_047565.1,10448249,10448251,*,2.46438531919737e-13,1.85918026191459e-09,32.0512820512821
1196107,NC_047565.1,11105693,11105695,*,2.61469096831713e-07,0.000110993438331125,-28.655272236983
1196525,NC_047565.1,11190335,11190337,*,1.31437366330205e-05,0.00189676975995658,-26.2086513994911
1196529,NC_047565.1,11192191,11192193,*,1.58541060614411e-07,7.7378800819594e-05,-28.7667487011211
1196821,NC_047565.1,11230018,11230020,*,1.05411179115087e-09,1.79447188921864e-06,-29.1337063476751
1197359,NC_047565.1,11306992,11306994,*,3.58482796182255e-09,4.5495656150416e-06,28.045967369878
1198179,NC_047565.1,11431610,11431612,*,1.34864066079748e-11,5.48574055764445e-08,-28.2482059940903
1198194,NC_047565.1,11433794,11433796,*,5.77599699405706e-07,0.000196088606122556,-25.6387350366268
1205201,NC_047565.1,12503099,12503101,*,2.82555568530469e-06,0.000628062310350619,-26.5053027711255
1205393,NC_047565.1,12524022,12524024,*,3.3718278080993e-18,8.38370105326124e-14,38.9235029421945
1206993,NC_047565.1,12897911,12897913,*,4.55607110471776e-07,0.000165392178721451,-25.3619022733211
1209287,NC_047565.1,13232180,13232182,*,1.06000246745004e-08,1.04074883469465e-05,27.9310344827586
1209513,NC_047565.1,13330102,13330104,*,2.26303829152267e-09,3.16563830256609e-06,25.5639702432813
1209579,NC_047565.1,13400251,13400253,*,6.37197841939339e-07,0.000210887107140201,25.5948372615039
1209831,NC_047565.1,13452900,13452902,*,1.52142365148181e-15,2.01942285380896e-11,28.6314796587927
1214129,NC_047565.1,14246756,14246758,*,5.97391443995263e-11,1.82811631171571e-07,-27.5983433926527
1224019,NC_047565.1,16288109,16288111,*,6.54303509666624e-07,0.000214856617477741,25.8784194528875
1224020,NC_047565.1,16288112,16288114,*,7.93268808191114e-08,4.67576090759867e-05,25.8050344857883
1228593,NC_047565.1,17191166,17191168,*,3.33479840015775e-09,4.30655317863836e-06,-28.912379610054
1231932,NC_047565.1,17714651,17714653,*,5.60499483418244e-06,0.00102387523794045,26.0005703964255
1241354,NC_047565.1,19971526,19971528,*,1.83907508310844e-10,4.47806299034222e-07,-29.0042372881356
1245079,NC_047565.1,21276587,21276589,*,4.28174695778895e-06,0.000845591882196934,25.140562248996
1254248,NC_047565.1,23077870,23077872,*,4.18358580959867e-08,2.89966936824383e-05,-25.6020408163265
1260330,NC_047565.1,24213106,24213108,*,2.75595385412549e-07,0.000115700353481123,26.2156389559236
1266705,NC_047565.1,26129374,26129376,*,5.28802158631576e-08,3.4598683905722e-05,-28.5714285714286
1271844,NC_047565.1,27610828,27610830,*,1.75819846260691e-07,8.37341890414785e-05,25.3257025870091
1283556,NC_047565.1,31404680,31404682,*,4.10820942332612e-09,5.08226546175369e-06,-25.0232558139535
1283592,NC_047565.1,31422640,31422642,*,1.44927882123618e-07,7.26429617581506e-05,26.525974025974
1298116,NC_047565.1,34984740,34984742,*,8.26685452426797e-07,0.000254380718588507,26.0130718954248
1304078,NC_047565.1,36197016,36197018,*,1.10952198890697e-07,5.94983376008541e-05,-25.6171171171171
1304156,NC_047565.1,36228719,36228721,*,2.41213770610369e-06,0.000560642250329015,25.1584761187473
1307249,NC_047565.1,36719417,36719419,*,4.96124586641558e-07,0.000175892481819239,25.5210594876248
1308638,NC_047565.1,37380403,37380405,*,1.3230759978234e-07,6.77204508464478e-05,-25.5970473295701
1309989,NC_047565.1,37606244,37606246,*,3.13095219978576e-06,0.000676772379911824,-25.4328950632597
1325729,NC_047565.1,42923570,42923572,*,3.19439383755494e-07,0.000128925381487113,-25.1096054204862
1338328,NC_047565.1,46295072,46295074,*,6.85322021352988e-08,4.20078973344361e-05,26.3463410980451
1348101,NC_047565.1,48372388,48372390,*,5.35761983537466e-08,3.48953120040638e-05,-27.7485380116959
1348815,NC_047565.1,48576507,48576509,*,1.18468229490003e-07,6.24289219497895e-05,26.4752791068581
1351402,NC_047565.1,49271236,49271238,*,5.76914844757754e-07,0.000195970602385986,27.2250529995909
1354250,NC_047565.1,51384050,51384052,*,5.14963244343084e-11,1.63211133720387e-07,-30.3574696516806
1356896,NC_047565.1,51908392,51908394,*,3.4361837292191e-07,0.000135887946454174,25.2204114346781
1358803,NC_047565.1,52369112,52369114,*,2.57687643668951e-09,3.53188436119559e-06,26.0037445392136
1397663,NC_047565.1,59326030,59326032,*,3.18461766625256e-11,1.1243875809584e-07,35.4118993135012
1398735,NC_047565.1,59534535,59534537,*,9.41669767059616e-10,1.65245404711795e-06,25.6020656437758
1400535,NC_047565.1,60026988,60026990,*,1.16156797079319e-07,6.16155110710201e-05,25.406162464986
1404774,NC_047565.1,60808993,60808995,*,1.08638810943631e-06,0.000311642196140616,26.6233766233766
1420979,NC_047566.1,4264270,4264272,*,1.81929876609486e-09,2.68760143410728e-06,32.0541155984194
1425449,NC_047566.1,5712365,5712367,*,4.62715915843711e-07,0.000167353336335966,25.6555944055944
1425916,NC_047566.1,5826710,5826712,*,2.78888228921103e-10,6.21632550340548e-07,-32.0018856065368
1425917,NC_047566.1,5826716,5826718,*,2.30087422304086e-09,3.21601653209868e-06,-29.4912021656208
1426900,NC_047566.1,5984507,5984509,*,3.37821311541266e-07,0.000134287322588623,25.7972419737126
1429571,NC_047566.1,6846915,6846917,*,1.1702886811499e-07,6.19106754818765e-05,25.6302521008403
1443694,NC_047566.1,11017597,11017599,*,5.00525421962569e-08,3.31681053679617e-05,-25.1085127114891
1461647,NC_047566.1,21346666,21346668,*,2.06599929827791e-12,1.13266907298094e-08,29.7220153884339
1461685,NC_047566.1,21369918,21369920,*,4.15077169372734e-09,5.12056586901508e-06,-26.3391682021585
1461687,NC_047566.1,21370124,21370126,*,5.72690721774957e-13,3.88844126780937e-09,-37.1305418719212
1463621,NC_047566.1,21971860,21971862,*,6.20184187672593e-07,0.000206456141541937,-27.5938189845475
1463962,NC_047566.1,22010023,22010025,*,2.89910508420943e-07,0.00012032616555683,25.8715858715859
1463975,NC_047566.1,22014345,22014347,*,4.477472917559e-08,3.04948649893575e-05,26.3821138211382
1464166,NC_047566.1,22068741,22068743,*,8.68729272083147e-09,8.97369154204744e-06,25.6118527508091
1464266,NC_047566.1,22112991,22112993,*,2.58322031400024e-07,0.000110124756519196,28.4551806407635
1464325,NC_047566.1,22131405,22131407,*,2.67704135143393e-08,2.07366930391703e-05,-25.0132314025287
1464434,NC_047566.1,22152323,22152325,*,8.03010712202392e-09,8.41298623030946e-06,26.3643517607712
1464436,NC_047566.1,22152363,22152365,*,8.4917395619341e-13,5.39238155670409e-09,-34.5765382870514
1464439,NC_047566.1,22154110,22154112,*,4.71697661573113e-07,0.000169559658650661,26.2103071317022
1464445,NC_047566.1,22154859,22154861,*,2.67832391405594e-14,2.48850342353745e-10,33.6946222259164
1464446,NC_047566.1,22154877,22154879,*,1.73319351410049e-08,1.50057799620449e-05,26.6542798023732
1464814,NC_047566.1,22276613,22276615,*,1.80899203763534e-09,2.68135081251619e-06,26.0126220932924
1464819,NC_047566.1,22278286,22278288,*,6.32180175675268e-20,2.06669247169993e-15,33.4838747032598
1464826,NC_047566.1,22282366,22282368,*,7.25246036731172e-10,1.32811926000364e-06,25.1113310242454
1466073,NC_047566.1,22514743,22514745,*,1.15514731165279e-08,1.11311656771231e-05,29.5307009707581
1471231,NC_047566.1,23492667,23492669,*,9.62296449106941e-09,9.68920274470132e-06,26.6755123934278
1471234,NC_047566.1,23492764,23492766,*,2.5412283897542e-07,0.00010896614230242,26.844262295082
1471235,NC_047566.1,23492766,23492768,*,2.32356373944503e-07,0.000101783712809538,26.984126984127
1472157,NC_047566.1,23701414,23701416,*,9.52756999952211e-07,0.00028171073899694,25.2797704447633
1472327,NC_047566.1,23744961,23744963,*,2.15922164746544e-13,1.65728856605473e-09,28.2694541231127
1473581,NC_047566.1,23915723,23915725,*,2.66384200317584e-06,0.000602124325946306,25.6472285884051
1473864,NC_047566.1,23946667,23946669,*,2.5021847296806e-08,1.96757714163995e-05,27.6398543528633
1475047,NC_047566.1,24099793,24099795,*,3.80662054099054e-08,2.70377765297926e-05,30.2294197031039
1475518,NC_047566.1,24179854,24179856,*,5.69803787581788e-07,0.000194414051938747,27.5472849298353
1475573,NC_047566.1,24205204,24205206,*,2.51659706589621e-07,0.000108278171557781,-25.7118572035699
1475752,NC_047566.1,24256281,24256283,*,2.33237983421186e-13,1.77476165718705e-09,-26.5530387979368
1475766,NC_047566.1,24258937,24258939,*,9.79144218042181e-11,2.6882176936109e-07,-29.5730991405626
1475809,NC_047566.1,24263778,24263780,*,3.00912308806188e-07,0.000123652933732246,-25.6530825496343
1475810,NC_047566.1,24264087,24264089,*,6.50224442136593e-12,2.95842326840633e-08,-31.2693498452012
1476311,NC_047566.1,24311947,24311949,*,9.82793126814473e-10,1.70428835685655e-06,-30.0333535476046
1476318,NC_047566.1,24312292,24312294,*,4.84811703773772e-10,9.68165438112589e-07,26.4515202126322
1476357,NC_047566.1,24316372,24316374,*,1.35503198270827e-09,2.16675205451245e-06,27.304347826087
1476595,NC_047566.1,24365142,24365144,*,3.3749559567616e-15,4.05302720995987e-11,-34.1712328767123
1476605,NC_047566.1,24369572,24369574,*,9.92209092892823e-10,1.71681249643757e-06,-25.3115736461288
1477030,NC_047566.1,24464231,24464233,*,2.38041931456886e-09,3.31146819200589e-06,28.3856022808268
1477058,NC_047566.1,24468482,24468484,*,2.14505656410363e-14,2.00357539239648e-10,-25.7712668857247
1478423,NC_047566.1,24881541,24881543,*,2.10920394605952e-12,1.15277565793208e-08,30.4478982228343
1481649,NC_047566.1,25965932,25965934,*,4.03159834611236e-07,0.000151589948790228,25.9748500230734
1481674,NC_047566.1,25975546,25975548,*,4.01389288372696e-12,1.98868808436036e-08,32.9073946346245
1482582,NC_047566.1,26678129,26678131,*,4.46355258531567e-16,7.0988242020407e-12,39.8252184769039
1482984,NC_047566.1,26796278,26796280,*,2.2278743398329e-10,5.1886004652545e-07,25.9988752435882
1483786,NC_047566.1,27160508,27160510,*,1.40527697165439e-06,0.000377341916620412,-25.6862034604584
1484563,NC_047566.1,27576490,27576492,*,7.85642988991811e-11,2.26802185827198e-07,-25.3799274859215
1489635,NC_047566.1,29622305,29622307,*,1.46082385239306e-10,3.73746819126987e-07,-28.9718873885658
1490709,NC_047566.1,30322883,30322885,*,1.82602814506578e-10,4.45243558853405e-07,30.4044968588119
1490832,NC_047566.1,30367649,30367651,*,2.3079497422122e-07,0.000101275654687073,-26.7658638258453
1490882,NC_047566.1,30413738,30413740,*,7.95984000174621e-09,8.35424276495599e-06,25.3523152142652
1492738,NC_047566.1,30918970,30918972,*,2.11641330564889e-10,5.01502329824521e-07,25.1137955182073
1493323,NC_047566.1,31695153,31695155,*,2.5180699363758e-18,6.44239637460772e-14,-26.1064076285536
1493430,NC_047566.1,31832459,31832461,*,4.81666159268582e-09,5.76087592724707e-06,-27.6246970276821
1495352,NC_047566.1,32622851,32622853,*,2.78317422699717e-11,1.00475523911438e-07,26.2281197063806
1498466,NC_047566.1,34417596,34417598,*,1.98042710981581e-09,2.84933192722626e-06,-26.9565217391304
1501559,NC_047566.1,36503748,36503750,*,8.08147045722863e-10,1.44985321424189e-06,26.7348635567301
1501561,NC_047566.1,36503910,36503912,*,6.24190800667507e-14,5.2976440337204e-10,25.797007156799
1502347,NC_047566.1,37105907,37105909,*,7.46064611651801e-13,4.853053521245e-09,35.2397908089463
1502435,NC_047566.1,37132387,37132389,*,1.49204024051701e-12,8.63593652178944e-09,27.5487451966412
1502438,NC_047566.1,37137764,37137766,*,1.7711463342309e-12,9.89455134426485e-09,33.7895149506397
1502499,NC_047566.1,37164555,37164557,*,1.27838815131688e-09,2.06855337089782e-06,-34.1602067183463
1502506,NC_047566.1,37166343,37166345,*,2.81757973640464e-12,1.48477331187056e-08,-30.073719362359
1503755,NC_047566.1,37410181,37410183,*,2.30542723317063e-10,5.35508749740206e-07,33.0740662882769
1509715,NC_047566.1,39572158,39572160,*,9.17130091162733e-07,0.000273823697287384,25.4485049833887
1509933,NC_047566.1,39626966,39626968,*,1.0771389599785e-08,1.05347266878556e-05,26.5406282007511
1510228,NC_047566.1,39900576,39900578,*,7.97811671415908e-10,1.43687850088992e-06,29.4440177504694
1510298,NC_047566.1,40018289,40018291,*,1.09267129172326e-08,1.06440617891108e-05,25.4528969081512
1510300,NC_047566.1,40018314,40018316,*,6.50373826791373e-13,4.36552069612358e-09,34.6276889134032
1512665,NC_047566.1,41073619,41073621,*,1.15222805785022e-09,1.92518686546489e-06,27.5106837606838
1513040,NC_047566.1,41274886,41274888,*,1.53130064528392e-09,2.35681662002506e-06,-32.4058919803601
1514059,NC_047566.1,41938001,41938003,*,7.64307339305104e-06,0.00128538011554863,25.1924651924652
1514690,NC_047566.1,42051386,42051388,*,3.77251534964698e-12,1.88388952918926e-08,25.0047476166964
1515260,NC_047566.1,42175017,42175019,*,7.18464177748827e-09,7.795541912465e-06,-25.902759400486
1515976,NC_047566.1,42801580,42801582,*,3.79289669987766e-14,3.4162031429712e-10,-34.6650524616626
1515983,NC_047566.1,42802890,42802892,*,2.468742784399e-19,7.38673597843642e-15,35.836627140975
1516673,NC_047566.1,43175182,43175184,*,6.66722904910831e-12,3.02569061717173e-08,28.0313930673643
1516703,NC_047566.1,43188242,43188244,*,1.49899865307971e-15,2.0047307681844e-11,33.9648982848025
1517301,NC_047566.1,43397515,43397517,*,1.40623097648251e-20,5.17182912394592e-16,45.239084159701
1519564,NC_047566.1,44179012,44179014,*,3.48452989154044e-12,1.77273355017632e-08,26.8066599305891
1519585,NC_047566.1,44188940,44188942,*,1.70931251122922e-09,2.57687481426469e-06,30.3860808887665
1520756,NC_047566.1,44623641,44623643,*,1.61321331523168e-12,9.21641586845962e-09,27.7867239219896
1525764,NC_047566.1,46036434,46036436,*,4.94726262391356e-12,2.3579741493413e-08,26.9591767499717
1525767,NC_047566.1,46036641,46036643,*,5.33186258455752e-10,1.04006172254489e-06,27.0990718756745
1527518,NC_047566.1,46447048,46447050,*,4.55897381407252e-07,0.000165463526411838,25.0310559006211
1527519,NC_047566.1,46447078,46447080,*,4.64357810349253e-18,1.13854186007822e-13,37.3155447746109
1527628,NC_047566.1,46471975,46471977,*,8.79077864039737e-09,9.03882379205017e-06,-26.661567227605
1528193,NC_047566.1,46701731,46701733,*,5.43539113448379e-10,1.0544309714728e-06,-27.9961464354528
1528215,NC_047566.1,46708598,46708600,*,3.0216683994802e-09,4.00471230684042e-06,-32.3792139195277
1529603,NC_047566.1,47161140,47161142,*,2.00276794190739e-08,1.67166405389295e-05,27.4640580998962
1529760,NC_047566.1,47205898,47205900,*,8.18824923919558e-12,3.62282121533787e-08,-29.2854468195953
1532894,NC_047566.1,48247071,48247073,*,8.85376362333961e-15,9.24847150730622e-11,-27.0054973022498
1533400,NC_047566.1,48532221,48532223,*,5.29940239556522e-09,6.19963901159836e-06,25.8793103448276
1534119,NC_047566.1,48814644,48814646,*,1.83680346134979e-08,1.56344526504777e-05,-26.0814668423364
1536122,NC_047566.1,49439048,49439050,*,6.08383349528588e-09,6.89348144179008e-06,26.7227547620027
1536323,NC_047566.1,49484224,49484226,*,3.77769675181533e-08,2.69210378214581e-05,-27.565543071161
1540318,NC_047566.1,50075510,50075512,*,5.39349007857833e-10,1.04809485092265e-06,26.9491008838769
1540334,NC_047566.1,50080079,50080081,*,4.44709941369107e-10,9.02373493870756e-07,-25.3867179286937
1544921,NC_047566.1,51462615,51462617,*,1.41035955493175e-08,1.28869892887984e-05,26.4235092864125
1544978,NC_047566.1,51488878,51488880,*,1.82852611629898e-06,0.000459040548708929,-25.6292006292006
1547224,NC_047566.1,52187166,52187168,*,1.38643928403344e-10,3.56919596458655e-07,-28.8188976377953
1547954,NC_047566.1,52504652,52504654,*,9.42136956053458e-15,9.72627789208061e-11,29.2924999468684
1549849,NC_047566.1,53186857,53186859,*,8.02815427314825e-15,8.58935415321182e-11,-28.5267964431627
1552048,NC_047566.1,53658599,53658601,*,3.01983034459678e-09,4.00471230684042e-06,-25.2940042413727
1554758,NC_047566.1,54500867,54500869,*,5.74457945337449e-06,0.00104289848089599,-25.1251956181534
1561175,NC_047566.1,57245696,57245698,*,5.44250774217701e-14,4.68446678038253e-10,27.1627937114763
1571828,NC_047567.1,5962804,5962806,*,3.47921626050834e-08,2.53069841180056e-05,-27.8671328671329
1579856,NC_047567.1,10753186,10753188,*,8.31599279684646e-15,8.84371545781549e-11,30.1851851851852
1579899,NC_047567.1,10770791,10770793,*,3.49992077916829e-10,7.4261485488199e-07,33.0696305982347
1580359,NC_047567.1,10915811,10915813,*,5.93793456481859e-09,6.77414690687435e-06,27.0977052965796
1582165,NC_047567.1,11895665,11895667,*,7.46650686157907e-08,4.46811350426651e-05,27.3241206030151
1583519,NC_047567.1,12616484,12616486,*,6.19469675109833e-12,2.84045599968282e-08,27.376839714164
1593998,NC_047567.1,16534230,16534232,*,8.24229192533708e-06,0.00135681279828586,25.4313349599164
1595154,NC_047567.1,16908579,16908581,*,8.79310148795421e-07,0.000265483623377851,26.6451756336149
1599191,NC_047567.1,18001285,18001287,*,1.05479671240178e-07,5.74360416121602e-05,29.1306203204407
1599192,NC_047567.1,18001332,18001334,*,5.40670744813256e-06,0.000997103832281628,26.8553067993366
1610685,NC_047567.1,21647629,21647631,*,8.94970144356023e-07,0.000269061305656206,25.0496469549868
1612690,NC_047567.1,22275011,22275013,*,4.94381010208535e-08,3.28472465787979e-05,-29.8185231539424
1612725,NC_047567.1,22295485,22295487,*,4.26681774926911e-15,4.93564238207883e-11,-35.4291381175622
1613024,NC_047567.1,22371238,22371240,*,4.8526773073153e-12,2.33423239953818e-08,30.1278801194299
1613815,NC_047567.1,22720195,22720197,*,1.95583732479536e-09,2.82778124927753e-06,27.9197587205842
1613817,NC_047567.1,22720216,22720218,*,4.62815598756193e-11,1.50977491931189e-07,30.6254367575122
1618495,NC_047567.1,24199492,24199494,*,1.21282002567804e-14,1.19611262052481e-10,-34.2577561327561
1618505,NC_047567.1,24206129,24206131,*,5.00784922612233e-11,1.59865539653354e-07,-31.1843911945786
1619001,NC_047567.1,24447905,24447907,*,9.40370303524079e-13,5.86598860219592e-09,25.4619941642842
1621649,NC_047567.1,25582419,25582421,*,3.57702012825789e-16,5.79326814447e-12,37.0749822714888
1621650,NC_047567.1,25582443,25582445,*,4.73037505041207e-11,1.52856651718826e-07,27.1385719642188
1621676,NC_047567.1,25599000,25599002,*,1.16081631885059e-10,3.08620073197888e-07,-30.3439906260462
1624545,NC_047567.1,26909505,26909507,*,1.12446258507408e-07,6.00987141719256e-05,25.3340938722295
1624548,NC_047567.1,26910394,26910396,*,8.66874232168203e-09,8.95977228036793e-06,-25.1477153361345
1625831,NC_047567.1,27549714,27549716,*,3.75995809491609e-06,0.000771008278789971,-26.1463659988264
1626140,NC_047567.1,27640858,27640860,*,8.48518806425503e-10,1.51128793456999e-06,-28.3505154639175
1626342,NC_047567.1,27752196,27752198,*,8.71216246485215e-11,2.45294137766424e-07,26.9137910010974
1626467,NC_047567.1,27806067,27806069,*,1.23140598132946e-08,1.16435573144112e-05,-26.0471066559181
1632866,NC_047567.1,30526029,30526031,*,4.59102831070109e-07,0.000166253154856444,25.323899066266
1635111,NC_047567.1,31561309,31561311,*,1.32797269717881e-15,1.83150420857261e-11,-32.4820439154525
1635112,NC_047567.1,31561537,31561539,*,2.1682072022836e-40,4.25291808360676e-35,-35.2572094091401
1635113,NC_047567.1,31561547,31561549,*,4.50842914197508e-50,1.59178346292126e-44,-36.7752712651155
1635114,NC_047567.1,31561569,31561571,*,6.2325502217864e-74,1.10025799036065e-67,-35.0736027640575
1635115,NC_047567.1,31561573,31561575,*,7.2162690143112e-72,6.36958978351573e-66,-33.3768106223176
1635122,NC_047567.1,31561694,31561696,*,1.57621500483279e-31,1.54586547140084e-26,-27.5110854058223
1637046,NC_047567.1,32333823,32333825,*,8.43912291667175e-09,8.768648838871e-06,30.7491289198606
1638223,NC_047567.1,32930230,32930232,*,8.38776054806443e-18,1.87433699411994e-13,25.9047092288243
1639392,NC_047567.1,33342153,33342155,*,1.23629396721766e-10,3.24291398991377e-07,-26.3415903865342
1648569,NC_047568.1,1059604,1059606,*,3.9447256932343e-08,2.77331270073046e-05,26.5603328710125
1649650,NC_047568.1,1495525,1495527,*,2.67955337834215e-07,0.000113246993754289,-27.087586273938
1656014,NC_047568.1,3179991,3179993,*,1.81083882394928e-11,7.01041453142764e-08,26.2928880134066
1660496,NC_047568.1,3958773,3958775,*,7.98473136791602e-10,1.43687850088992e-06,-27.4985108642167
1662254,NC_047568.1,4215588,4215590,*,4.03683202582955e-10,8.29007167805795e-07,28.2453567937439
1666151,NC_047568.1,4923875,4923877,*,6.02334110017061e-12,2.77630661812451e-08,27.0858591425107
1669386,NC_047568.1,5739795,5739797,*,1.2517355686276e-06,0.000345866460457859,25.6336405529954
1672600,NC_047568.1,6744340,6744342,*,1.52182211362165e-09,2.35248320257416e-06,25.1326708974379
1678797,NC_047568.1,8386708,8386710,*,7.64834094230121e-10,1.38908787001042e-06,-27.5512569971184
1703068,NC_047568.1,16260936,16260938,*,5.46636515592086e-14,4.68446678038253e-10,-30.7378898473789
1703069,NC_047568.1,16260940,16260942,*,1.42294019645966e-12,8.29034805241127e-09,-28.0054151624549
1734249,NC_047568.1,23941889,23941891,*,1.08291023440029e-05,0.00165229597037444,26.0588947156111
1754358,NC_047568.1,29412914,29412916,*,9.22754108674349e-08,5.20605999872948e-05,26.1429506357517
1758132,NC_047568.1,30849397,30849399,*,5.08138878182051e-09,6.00427495079086e-06,28.4950648254519
1773571,NC_047568.1,34869778,34869780,*,2.53022812618607e-06,0.000579867175930381,25.5807027992853
1794918,NC_047568.1,39567192,39567194,*,3.81628991273611e-11,1.29808384797698e-07,27.8994278169014
1811922,NC_047568.1,42557504,42557506,*,2.71771786218125e-12,1.43812076271386e-08,31.7649864260034
1813854,NC_047568.1,42867563,42867565,*,4.24829512794937e-07,0.000157490380714683,26.7528534824132
1832900,NC_047568.1,46583284,46583286,*,1.9203127194548e-15,2.42143417379675e-11,-33.1582332761578
1833236,NC_047568.1,46617599,46617601,*,2.7584873790239e-06,0.000617351977772112,25.1703229322796
1841027,NC_047568.1,47784419,47784421,*,1.08458042573681e-08,1.05881760845369e-05,-26.8374141993648
1841219,NC_047568.1,47851064,47851066,*,1.79451614563477e-08,1.5363404093135e-05,25.7335439705108
1842358,NC_047568.1,48032900,48032902,*,7.44886893650739e-08,4.46058329943209e-05,31.4628482972136
1854920,NC_047568.1,50229609,50229611,*,8.7618525484823e-09,9.02430712222061e-06,-26.4893953782843
1857877,NC_047568.1,50911935,50911937,*,3.51416911158935e-08,2.5498186460906e-05,-29.8736087530655
1858356,NC_047568.1,51032312,51032314,*,1.70204574036216e-11,6.64754883831337e-08,26.7454545454545
1862871,NC_047568.1,51780459,51780461,*,1.72697156688207e-07,8.27325135123409e-05,28.0163599182004
1894329,NC_047568.1,56663715,56663717,*,6.53712376576841e-10,1.22763929518692e-06,29.2254723423628
1931230,NW_022994904.1,2441,2443,*,2.86491374546924e-07,0.000119310009152139,27.5659824046921
1931240,NW_022994904.1,7297,7299,*,1.4491007939647e-11,5.81399511312373e-08,31.5375982042649
1931446,NW_022994904.1,59408,59410,*,2.56756931099079e-07,0.000109616367629049,-25.1565140803161
1932195,NW_022994908.1,21948,21950,*,1.09191008140472e-07,5.88868775318631e-05,26.5063594110935
1933181,NW_022994913.1,18230,18232,*,3.6625561295589e-20,1.24339664135866e-15,-40.9828339405804
1933182,NW_022994913.1,18239,18241,*,4.74479309201324e-13,3.27194547572027e-09,-31.4353933563387
1933183,NW_022994913.1,18283,18285,*,1.17908422663114e-09,1.94895728723973e-06,-29.1936413246111
1933839,NW_022994917.1,821,823,*,1.40675683557288e-09,2.23277744881147e-06,25.8942273639476
1933841,NW_022994917.1,847,849,*,3.86436739910073e-09,4.84511957071495e-06,25.7325106560553
1933842,NW_022994917.1,849,851,*,1.9741885205437e-09,2.84499349699309e-06,25.9841047218326
1934903,NW_022994918.1,389712,389714,*,7.97239313568576e-08,4.68976904353613e-05,25.7792207792208
1935623,NW_022994919.1,122745,122747,*,3.68391532331632e-07,0.000142150137866627,25.8177008177008
1936343,NW_022994920.1,27440,27442,*,4.62034870502552e-08,3.12629113458752e-05,-25.5271317829457
1936724,NW_022994921.1,213568,213570,*,6.46197198680092e-22,2.71609230455608e-17,36.8057759441447
1936725,NW_022994921.1,213589,213591,*,1.41500248035068e-22,6.93878522160345e-18,37.8651041106691
1937226,NW_022994922.1,26527,26529,*,3.64190601520921e-07,0.000141209562023888,25.1103265666372
1938220,NW_022994924.1,52965,52967,*,6.33952840230507e-07,0.000210113469620933,25.9027777777778
1939119,NW_022994927.1,39947,39949,*,1.60187599478792e-06,0.000416428400070273,-28.4425403225806
1939535,NW_022994928.1,19673,19675,*,1.47900285785784e-18,3.89693314292815e-14,-34.3106862998364
1939536,NW_022994928.1,19694,19696,*,2.31736207161955e-10,5.3708728764403e-07,-26.1368119944762
1945956,NW_022994939.1,52015,52017,*,3.47994155209819e-17,7.31343503907551e-13,-37.9285745168403
1947245,NW_022994939.1,253344,253346,*,4.46347388079529e-16,7.0988242020407e-12,28.5943494942449
1962266,NW_022994958.1,6785,6787,*,2.16562586710295e-10,5.10149014069758e-07,26.9855391741513
1962385,NW_022994958.1,20779,20781,*,7.8973370990661e-12,3.51171218116169e-08,34.2430183880028
1963900,NW_022994960.1,90470,90472,*,6.97728726544987e-09,7.63153355312716e-06,-26.3690112130479
1972563,NW_022994972.1,187440,187442,*,4.23997414611246e-08,2.92813680037789e-05,-27.8947368421053
1976080,NW_022994982.1,150153,150155,*,1.70580833927381e-12,9.59023677430975e-09,30.0191611667022
1977492,NW_022994985.1,171710,171712,*,6.43320944614e-08,4.01300776355599e-05,27.2401433691756
1981874,NW_022994991.1,225592,225594,*,2.43385577505163e-13,1.84402864374572e-09,-36.486712351663
1981875,NW_022994991.1,225727,225729,*,8.74413461615751e-14,7.24712873487073e-10,27.8143133462282
1984463,NW_022994998.1,11682,11684,*,3.9694993064348e-09,4.94881502852988e-06,26.3055428309666
