nSpiked,delta,term,reps,realizedDelta,powerFDR,powerFDRdiff10,powerFDRdiff25,powerEmpiricalFDR,correctSign,falseHitsFDR,totalHitsFDR,fractionExperimentDetected,permP95
1000,5,ploidy,10,5.0564933661022655,0.0018,0.0018,0.0012000000000000001,0,NA,186.6,188.4,0,539.3499999999999
1000,10,ploidy,10,10.042005383720243,0.0103,0.0103,0.006,0,1,197.3,207.6,0,539.3499999999999
1000,15,ploidy,10,15.074893918291288,0.0567,0.0567,0.0313,0,1,257.5,314.2,0,539.3499999999999
1000,20,ploidy,10,20.038704510225056,0.2044,0.2044,0.1315,0,1,367.7,572.1,0.9,539.3499999999999
1000,25,ploidy,10,25.034032790443945,0.4612,0.4612,0.3654,0.083,1,490.9,952.1,1,539.3499999999999
1000,30,ploidy,10,29.974448914792838,0.7102999999999999,0.7102999999999999,0.6515,0.349,1,603.3,1313.6,1,539.3499999999999
1000,40,ploidy,10,40.10711412108673,0.9641,0.9641,0.9616,0.838,1,691.1,1655.2,1,539.3499999999999
1000,5,pH,10,4.993900372004005,0.0013,0.0013,9e-4,0,NA,184.9,186.2,0,536.0999999999999
1000,10,pH,10,10.021803564217468,0.009899999999999999,0.009899999999999999,0.0049,0,1,190.4,200.3,0,536.0999999999999
1000,15,pH,10,15.04406574574061,0.0551,0.0551,0.03,0,1,246.5,301.6,0,536.0999999999999
1000,20,pH,10,19.99948405607327,0.2031,0.2031,0.1302,0.0029,1,336.1,539.2,0.7,536.0999999999999
1000,25,pH,10,25.098449629744135,0.4709,0.4709,0.3696,0.088,1,474.9,945.8,1,536.0999999999999
1000,30,pH,10,30.092429418199217,0.7216,0.7216,0.6637000000000001,0.372,1,552,1273.6,1,536.0999999999999
1000,40,pH,10,40.06600791085613,0.9599,0.9599,0.9557,0.8502,1,630.6,1590.5,1,536.0999999999999
