run,delta,nSpiked,rep,term,realizedDelta,powerFDR,powerFDRdiff10,powerFDRdiff25,correctSign,falseHitsFDR,empiricalCutoff,powerEmpiricalFDR,totalHitsFDR,permP95,experimentEmpiricalP,experimentDetected
DSS-cov5-hiperc99.9-cell5-meth10-All-interaction-simD10-n1000-rep1,10,1000,1,ploidy,9.998323448112416,0.006,0.006,0.003,1,189,0,0,195,539.3499999999999,0.42574257425742573,FALSE
DSS-cov5-hiperc99.9-cell5-meth10-All-interaction-simD10-n1000-rep1,10,1000,1,pH,9.859579383776763,0.016,0.016,0.006,1,203,0,0,219,536.0999999999999,0.3069306930693069,FALSE
DSS-cov5-hiperc99.9-cell5-meth10-All-interaction-simD10-n1000-rep10,10,1000,10,ploidy,10.007212472622905,0.015,0.015,0.006,1,199,0,0,214,539.3499999999999,0.40594059405940597,FALSE
DSS-cov5-hiperc99.9-cell5-meth10-All-interaction-simD10-n1000-rep10,10,1000,10,pH,10.060146741017514,0.008,0.008,0.004,1,187,0,0,195,536.0999999999999,0.3564356435643564,FALSE
DSS-cov5-hiperc99.9-cell5-meth10-All-interaction-simD10-n1000-rep2,10,1000,2,ploidy,10.135122885797351,0.008,0.008,0.003,1,188,0,0,196,539.3499999999999,0.42574257425742573,FALSE
DSS-cov5-hiperc99.9-cell5-meth10-All-interaction-simD10-n1000-rep2,10,1000,2,pH,10.065637174097818,0.008,0.008,0.005,1,186,0,0,194,536.0999999999999,0.3564356435643564,FALSE
DSS-cov5-hiperc99.9-cell5-meth10-All-interaction-simD10-n1000-rep3,10,1000,3,ploidy,10.082032121523348,0.008,0.008,0.007,1,198,0,0,206,539.3499999999999,0.40594059405940597,FALSE
DSS-cov5-hiperc99.9-cell5-meth10-All-interaction-simD10-n1000-rep3,10,1000,3,pH,10.162744390099496,0.008,0.008,0.005,1,187,0,0,195,536.0999999999999,0.3564356435643564,FALSE
DSS-cov5-hiperc99.9-cell5-meth10-All-interaction-simD10-n1000-rep4,10,1000,4,ploidy,10.162891914033102,0.017,0.017,0.012,1,206,0,0,223,539.3499999999999,0.39603960396039606,FALSE
DSS-cov5-hiperc99.9-cell5-meth10-All-interaction-simD10-n1000-rep4,10,1000,4,pH,10.020574709574591,0.008,0.008,0.004,1,187,0,0,195,536.0999999999999,0.3564356435643564,FALSE
DSS-cov5-hiperc99.9-cell5-meth10-All-interaction-simD10-n1000-rep5,10,1000,5,ploidy,10.214490822514799,0.013,0.013,0.008,1,197,0,0,210,539.3499999999999,0.40594059405940597,FALSE
DSS-cov5-hiperc99.9-cell5-meth10-All-interaction-simD10-n1000-rep5,10,1000,5,pH,10.336412564069203,0.011,0.011,0.005,1,190,0,0,201,536.0999999999999,0.3564356435643564,FALSE
DSS-cov5-hiperc99.9-cell5-meth10-All-interaction-simD10-n1000-rep6,10,1000,6,ploidy,10.177387667878241,0.008,0.008,0.004,1,198,0,0,206,539.3499999999999,0.40594059405940597,FALSE
DSS-cov5-hiperc99.9-cell5-meth10-All-interaction-simD10-n1000-rep6,10,1000,6,pH,9.85202117556093,0.013,0.013,0.005,1,194,0,0,207,536.0999999999999,0.3465346534653465,FALSE
DSS-cov5-hiperc99.9-cell5-meth10-All-interaction-simD10-n1000-rep7,10,1000,7,ploidy,9.917404533821422,0.01,0.01,0.007,1,200,0,0,210,539.3499999999999,0.40594059405940597,FALSE
DSS-cov5-hiperc99.9-cell5-meth10-All-interaction-simD10-n1000-rep7,10,1000,7,pH,9.850321580738406,0.009,0.009,0.005,1,186,0,0,195,536.0999999999999,0.3564356435643564,FALSE
DSS-cov5-hiperc99.9-cell5-meth10-All-interaction-simD10-n1000-rep8,10,1000,8,ploidy,10.014319922525342,0.008,0.008,0.005,1,198,0,0,206,539.3499999999999,0.40594059405940597,FALSE
DSS-cov5-hiperc99.9-cell5-meth10-All-interaction-simD10-n1000-rep8,10,1000,8,pH,10.122211039228253,0.011,0.011,0.006,1,196,0,0,207,536.0999999999999,0.3465346534653465,FALSE
DSS-cov5-hiperc99.9-cell5-meth10-All-interaction-simD10-n1000-rep9,10,1000,9,ploidy,9.710868048373502,0.01,0.01,0.005,1,200,0,0,210,539.3499999999999,0.40594059405940597,FALSE
DSS-cov5-hiperc99.9-cell5-meth10-All-interaction-simD10-n1000-rep9,10,1000,9,pH,9.888386884011707,0.007,0.007,0.004,1,188,0,0,195,536.0999999999999,0.3564356435643564,FALSE
DSS-cov5-hiperc99.9-cell5-meth10-All-interaction-simD15-n1000-rep1,15,1000,1,ploidy,15.128988414020153,0.064,0.064,0.036,1,262,0,0,326,539.3499999999999,0.19801980198019803,FALSE
DSS-cov5-hiperc99.9-cell5-meth10-All-interaction-simD15-n1000-rep1,15,1000,1,pH,14.911441166505066,0.073,0.073,0.037,1,272,0,0,345,536.0999999999999,0.1485148514851485,FALSE
DSS-cov5-hiperc99.9-cell5-meth10-All-interaction-simD15-n1000-rep10,15,1000,10,ploidy,14.988948127060974,0.055,0.055,0.028,1,257,0,0,312,539.3499999999999,0.2079207920792079,FALSE
DSS-cov5-hiperc99.9-cell5-meth10-All-interaction-simD15-n1000-rep10,15,1000,10,pH,15.165241601731164,0.058,0.058,0.034,1,245,0,0,303,536.0999999999999,0.1782178217821782,FALSE
DSS-cov5-hiperc99.9-cell5-meth10-All-interaction-simD15-n1000-rep2,15,1000,2,ploidy,15.321808573568896,0.061,0.061,0.032,1,257,0,0,318,539.3499999999999,0.19801980198019803,FALSE
DSS-cov5-hiperc99.9-cell5-meth10-All-interaction-simD15-n1000-rep2,15,1000,2,pH,15.069359830110601,0.054,0.054,0.031,1,240,0,0,294,536.0999999999999,0.2079207920792079,FALSE
DSS-cov5-hiperc99.9-cell5-meth10-All-interaction-simD15-n1000-rep3,15,1000,3,ploidy,15.234305578246953,0.062,0.062,0.042,1,261,0,0,323,539.3499999999999,0.19801980198019803,FALSE
DSS-cov5-hiperc99.9-cell5-meth10-All-interaction-simD15-n1000-rep3,15,1000,3,pH,15.006268626217606,0.042,0.042,0.023,1,235,0,0,277,536.0999999999999,0.2376237623762376,FALSE
DSS-cov5-hiperc99.9-cell5-meth10-All-interaction-simD15-n1000-rep4,15,1000,4,ploidy,15.01441519735654,0.058,0.058,0.034,1,257,0,0,315,539.3499999999999,0.2079207920792079,FALSE
DSS-cov5-hiperc99.9-cell5-meth10-All-interaction-simD15-n1000-rep4,15,1000,4,pH,15.08361422429828,0.059,0.059,0.021,1,250,0,0,309,536.0999999999999,0.16831683168316833,FALSE
DSS-cov5-hiperc99.9-cell5-meth10-All-interaction-simD15-n1000-rep5,15,1000,5,ploidy,15.257129009090423,0.057,0.057,0.032,1,256,0,0,313,539.3499999999999,0.2079207920792079,FALSE
DSS-cov5-hiperc99.9-cell5-meth10-All-interaction-simD15-n1000-rep5,15,1000,5,pH,15.259663074847701,0.041,0.041,0.02,1,236,0,0,277,536.0999999999999,0.2376237623762376,FALSE
DSS-cov5-hiperc99.9-cell5-meth10-All-interaction-simD15-n1000-rep6,15,1000,6,ploidy,15.218178213841178,0.054,0.054,0.03,1,259,0,0,313,539.3499999999999,0.2079207920792079,FALSE
DSS-cov5-hiperc99.9-cell5-meth10-All-interaction-simD15-n1000-rep6,15,1000,6,pH,14.976829471194613,0.064,0.064,0.038,1,259,0,0,323,536.0999999999999,0.15841584158415842,FALSE
DSS-cov5-hiperc99.9-cell5-meth10-All-interaction-simD15-n1000-rep7,15,1000,7,ploidy,14.833281850008458,0.054,0.054,0.024,1,257,0,0,311,539.3499999999999,0.2079207920792079,FALSE
DSS-cov5-hiperc99.9-cell5-meth10-All-interaction-simD15-n1000-rep7,15,1000,7,pH,15.045194683010049,0.054,0.054,0.032,1,240,0,0,294,536.0999999999999,0.2079207920792079,FALSE
DSS-cov5-hiperc99.9-cell5-meth10-All-interaction-simD15-n1000-rep8,15,1000,8,ploidy,15.074898129448604,0.051,0.051,0.027,1,257,0,0,308,539.3499999999999,0.2079207920792079,FALSE
DSS-cov5-hiperc99.9-cell5-meth10-All-interaction-simD15-n1000-rep8,15,1000,8,pH,15.12736039984749,0.049,0.049,0.031,1,242,0,0,291,536.0999999999999,0.2079207920792079,FALSE
DSS-cov5-hiperc99.9-cell5-meth10-All-interaction-simD15-n1000-rep9,15,1000,9,ploidy,14.676986090270702,0.051,0.051,0.028,1,252,0,0,303,539.3499999999999,0.2079207920792079,FALSE
DSS-cov5-hiperc99.9-cell5-meth10-All-interaction-simD15-n1000-rep9,15,1000,9,pH,14.795684379643538,0.057,0.057,0.033,1,246,0,0,303,536.0999999999999,0.1782178217821782,FALSE
DSS-cov5-hiperc99.9-cell5-meth10-All-interaction-simD20-n1000-rep1,20,1000,1,ploidy,20.176237981810782,0.215,0.215,0.147,1,379,0,0,594,539.3499999999999,0.039603960396039604,TRUE
DSS-cov5-hiperc99.9-cell5-meth10-All-interaction-simD20-n1000-rep1,20,1000,1,pH,19.85418097552156,0.223,0.223,0.155,1,345,3.6307805477010174e-12,0.009,568,536.0999999999999,0.0594059405940594,TRUE
DSS-cov5-hiperc99.9-cell5-meth10-All-interaction-simD20-n1000-rep10,20,1000,10,ploidy,19.942063352797888,0.179,0.179,0.115,1,357,0,0,536,539.3499999999999,0.06930693069306931,FALSE
DSS-cov5-hiperc99.9-cell5-meth10-All-interaction-simD20-n1000-rep10,20,1000,10,pH,20.118127201152042,0.214,0.214,0.151,1,341,0,0,555,536.0999999999999,0.0594059405940594,TRUE
DSS-cov5-hiperc99.9-cell5-meth10-All-interaction-simD20-n1000-rep2,20,1000,2,ploidy,20.164453558866466,0.199,0.199,0.123,1,361,0,0,560,539.3499999999999,0.0594059405940594,TRUE
DSS-cov5-hiperc99.9-cell5-meth10-All-interaction-simD20-n1000-rep2,20,1000,2,pH,19.926904608003074,0.207,0.207,0.125,1,335,2.1877616239495518e-12,0.007,542,536.0999999999999,0.0594059405940594,TRUE
DSS-cov5-hiperc99.9-cell5-meth10-All-interaction-simD20-n1000-rep3,20,1000,3,ploidy,19.99765545430821,0.2,0.2,0.123,1,363,0,0,563,539.3499999999999,0.0594059405940594,TRUE
DSS-cov5-hiperc99.9-cell5-meth10-All-interaction-simD20-n1000-rep3,20,1000,3,pH,20.137823291979668,0.21,0.21,0.137,1,337,0,0,547,536.0999999999999,0.0594059405940594,TRUE
DSS-cov5-hiperc99.9-cell5-meth10-All-interaction-simD20-n1000-rep4,20,1000,4,ploidy,20.082728289154705,0.213,0.213,0.125,1,377,0,0,590,539.3499999999999,0.04950495049504951,TRUE
DSS-cov5-hiperc99.9-cell5-meth10-All-interaction-simD20-n1000-rep4,20,1000,4,pH,20.0356579969735,0.206,0.206,0.118,1,338,0,0,544,536.0999999999999,0.0594059405940594,TRUE
DSS-cov5-hiperc99.9-cell5-meth10-All-interaction-simD20-n1000-rep5,20,1000,5,ploidy,20.31267255437484,0.208,0.208,0.146,1,365,0,0,573,539.3499999999999,0.0594059405940594,TRUE
DSS-cov5-hiperc99.9-cell5-meth10-All-interaction-simD20-n1000-rep5,20,1000,5,pH,20.24476943984292,0.173,0.173,0.111,1,325,0,0,498,536.0999999999999,0.06930693069306931,FALSE
DSS-cov5-hiperc99.9-cell5-meth10-All-interaction-simD20-n1000-rep6,20,1000,6,ploidy,20.21365490594529,0.211,0.211,0.139,1,372,0,0,583,539.3499999999999,0.0594059405940594,TRUE
DSS-cov5-hiperc99.9-cell5-meth10-All-interaction-simD20-n1000-rep6,20,1000,6,pH,19.876727720061357,0.194,0.194,0.113,1,332,1.659586907437563e-12,0.006,526,536.0999999999999,0.06930693069306931,FALSE
DSS-cov5-hiperc99.9-cell5-meth10-All-interaction-simD20-n1000-rep7,20,1000,7,ploidy,19.888907098703953,0.218,0.218,0.142,1,377,0,0,595,539.3499999999999,0.039603960396039604,TRUE
DSS-cov5-hiperc99.9-cell5-meth10-All-interaction-simD20-n1000-rep7,20,1000,7,pH,19.94872373608532,0.191,0.191,0.119,1,332,0,0,523,536.0999999999999,0.06930693069306931,FALSE
DSS-cov5-hiperc99.9-cell5-meth10-All-interaction-simD20-n1000-rep8,20,1000,8,ploidy,19.958010593636775,0.199,0.199,0.123,1,364,0,0,563,539.3499999999999,0.0594059405940594,TRUE
DSS-cov5-hiperc99.9-cell5-meth10-All-interaction-simD20-n1000-rep8,20,1000,8,pH,20.10381890581306,0.205,0.205,0.14,1,337,0,0,542,536.0999999999999,0.0594059405940594,TRUE
DSS-cov5-hiperc99.9-cell5-meth10-All-interaction-simD20-n1000-rep9,20,1000,9,ploidy,19.650661312651664,0.202,0.202,0.132,1,362,0,0,564,539.3499999999999,0.0594059405940594,TRUE
DSS-cov5-hiperc99.9-cell5-meth10-All-interaction-simD20-n1000-rep9,20,1000,9,pH,19.748106685300193,0.208,0.208,0.133,1,339,2.1877616239495518e-12,0.007,547,536.0999999999999,0.0594059405940594,TRUE
DSS-cov5-hiperc99.9-cell5-meth10-All-interaction-simD25-n1000-rep1,25,1000,1,ploidy,25.153692905341806,0.465,0.465,0.371,1,485,2.1877616239495518e-9,0.081,950,539.3499999999999,0.0297029702970297,TRUE
DSS-cov5-hiperc99.9-cell5-meth10-All-interaction-simD25-n1000-rep1,25,1000,1,pH,24.86829179007446,0.477,0.477,0.362,1,476,1e-8,0.117,953,536.0999999999999,0.009900990099009901,TRUE
DSS-cov5-hiperc99.9-cell5-meth10-All-interaction-simD25-n1000-rep10,25,1000,10,ploidy,25.04844003894666,0.465,0.465,0.354,1,496,1.148153621496884e-9,0.065,961,539.3499999999999,0.0297029702970297,TRUE
DSS-cov5-hiperc99.9-cell5-meth10-All-interaction-simD25-n1000-rep10,25,1000,10,pH,25.369984022758988,0.51,0.51,0.402,1,486,5.754399373371567e-9,0.096,996,536.0999999999999,0.009900990099009901,TRUE
DSS-cov5-hiperc99.9-cell5-meth10-All-interaction-simD25-n1000-rep2,25,1000,2,ploidy,25.368768901695464,0.475,0.475,0.381,1,499,1.7378008287493762e-9,0.076,974,539.3499999999999,0.0297029702970297,TRUE
DSS-cov5-hiperc99.9-cell5-meth10-All-interaction-simD25-n1000-rep2,25,1000,2,pH,25.26564065601095,0.469,0.469,0.371,1,478,6.025595860743593e-9,0.097,947,536.0999999999999,0.009900990099009901,TRUE
DSS-cov5-hiperc99.9-cell5-meth10-All-interaction-simD25-n1000-rep3,25,1000,3,ploidy,25.101582165265675,0.459,0.459,0.359,1,488,2.511886431509582e-9,0.085,947,539.3499999999999,0.0297029702970297,TRUE
DSS-cov5-hiperc99.9-cell5-meth10-All-interaction-simD25-n1000-rep3,25,1000,3,pH,24.89885013637044,0.447,0.447,0.344,1,465,2.089296130854041e-9,0.064,912,536.0999999999999,0.009900990099009901,TRUE
DSS-cov5-hiperc99.9-cell5-meth10-All-interaction-simD25-n1000-rep4,25,1000,4,ploidy,24.943858475545078,0.473,0.473,0.376,1,503,4.168693834703363e-9,0.1,976,539.3499999999999,0.0297029702970297,TRUE
DSS-cov5-hiperc99.9-cell5-meth10-All-interaction-simD25-n1000-rep4,25,1000,4,pH,25.010887252857213,0.471,0.471,0.359,1,476,3.3113112148259078e-9,0.075,947,536.0999999999999,0.009900990099009901,TRUE
DSS-cov5-hiperc99.9-cell5-meth10-All-interaction-simD25-n1000-rep5,25,1000,5,ploidy,25.19425624502363,0.477,0.477,0.383,1,500,3.6307805477010177e-9,0.097,977,539.3499999999999,0.0297029702970297,TRUE
DSS-cov5-hiperc99.9-cell5-meth10-All-interaction-simD25-n1000-rep5,25,1000,5,pH,25.41591327774855,0.45,0.45,0.352,1,463,3.3113112148259078e-9,0.075,913,536.0999999999999,0.009900990099009901,TRUE
DSS-cov5-hiperc99.9-cell5-meth10-All-interaction-simD25-n1000-rep6,25,1000,6,ploidy,25.16497551383602,0.453,0.453,0.361,1,487,1.8197008586099825e-9,0.077,940,539.3499999999999,0.0297029702970297,TRUE
DSS-cov5-hiperc99.9-cell5-meth10-All-interaction-simD25-n1000-rep6,25,1000,6,pH,24.959323597868067,0.458,0.458,0.355,1,474,5.248074602497734e-9,0.091,932,536.0999999999999,0.009900990099009901,TRUE
DSS-cov5-hiperc99.9-cell5-meth10-All-interaction-simD25-n1000-rep7,25,1000,7,ploidy,24.682636697982126,0.445,0.445,0.351,1,484,2.29086765276777e-9,0.082,929,539.3499999999999,0.0297029702970297,TRUE
DSS-cov5-hiperc99.9-cell5-meth10-All-interaction-simD25-n1000-rep7,25,1000,7,pH,25.030039105506802,0.475,0.475,0.391,1,477,2.7542287033381634e-9,0.07,952,536.0999999999999,0.009900990099009901,TRUE
DSS-cov5-hiperc99.9-cell5-meth10-All-interaction-simD25-n1000-rep8,25,1000,8,ploidy,24.982415052439777,0.462,0.462,0.363,1,487,1.3803842646028867e-9,0.07,949,539.3499999999999,0.0297029702970297,TRUE
DSS-cov5-hiperc99.9-cell5-meth10-All-interaction-simD25-n1000-rep8,25,1000,8,pH,25.017272364111786,0.464,0.464,0.376,1,476,5.495408738576248e-9,0.094,940,536.0999999999999,0.009900990099009901,TRUE
DSS-cov5-hiperc99.9-cell5-meth10-All-interaction-simD25-n1000-rep9,25,1000,9,ploidy,24.6997019083632,0.438,0.438,0.355,1,480,3.6307805477010177e-9,0.097,918,539.3499999999999,0.0297029702970297,TRUE
DSS-cov5-hiperc99.9-cell5-meth10-All-interaction-simD25-n1000-rep9,25,1000,9,pH,25.14829409413408,0.488,0.488,0.384,1,478,6.606934480075964e-9,0.101,966,536.0999999999999,0.009900990099009901,TRUE
DSS-cov5-hiperc99.9-cell5-meth10-All-interaction-simD30-n1000-rep1,30,1000,1,ploidy,29.95290306634978,0.71,0.71,0.647,1,603,8.709635899560814e-8,0.329,1313,539.3499999999999,0.009900990099009901,TRUE
DSS-cov5-hiperc99.9-cell5-meth10-All-interaction-simD30-n1000-rep1,30,1000,1,pH,30.14947572825224,0.736,0.736,0.675,1,559,1.7378008287493765e-7,0.372,1295,536.0999999999999,0.009900990099009901,TRUE
DSS-cov5-hiperc99.9-cell5-meth10-All-interaction-simD30-n1000-rep10,30,1000,10,ploidy,29.9055094093262,0.707,0.707,0.641,1,604,9.549925860214369e-8,0.339,1311,539.3499999999999,0.009900990099009901,TRUE
DSS-cov5-hiperc99.9-cell5-meth10-All-interaction-simD30-n1000-rep10,30,1000,10,pH,30.138453184641627,0.717,0.717,0.657,1,553,2.0892961308540409e-7,0.402,1270,536.0999999999999,0.009900990099009901,TRUE
DSS-cov5-hiperc99.9-cell5-meth10-All-interaction-simD30-n1000-rep2,30,1000,2,ploidy,29.97701974236907,0.728,0.728,0.673,1,604,1e-7,0.347,1332,539.3499999999999,0.009900990099009901,TRUE
DSS-cov5-hiperc99.9-cell5-meth10-All-interaction-simD30-n1000-rep2,30,1000,2,pH,29.999656980934326,0.717,0.717,0.656,1,542,1.5135612484362072e-7,0.347,1259,536.0999999999999,0.009900990099009901,TRUE
DSS-cov5-hiperc99.9-cell5-meth10-All-interaction-simD30-n1000-rep3,30,1000,3,ploidy,29.940342757820748,0.716,0.716,0.66,1,605,1.0471285480509007e-7,0.357,1321,539.3499999999999,0.009900990099009901,TRUE
DSS-cov5-hiperc99.9-cell5-meth10-All-interaction-simD30-n1000-rep3,30,1000,3,pH,30.16917960552546,0.725,0.725,0.674,1,559,1.7378008287493765e-7,0.372,1284,536.0999999999999,0.009900990099009901,TRUE
DSS-cov5-hiperc99.9-cell5-meth10-All-interaction-simD30-n1000-rep4,30,1000,4,ploidy,29.938263265718913,0.705,0.705,0.646,1,603,1.148153621496884e-7,0.368,1308,539.3499999999999,0.009900990099009901,TRUE
DSS-cov5-hiperc99.9-cell5-meth10-All-interaction-simD30-n1000-rep4,30,1000,4,pH,30.10962779851838,0.736,0.736,0.683,1,561,1.8197008586099824e-7,0.382,1297,536.0999999999999,0.009900990099009901,TRUE
DSS-cov5-hiperc99.9-cell5-meth10-All-interaction-simD30-n1000-rep5,30,1000,5,ploidy,30.26979629878194,0.713,0.713,0.659,1,601,1.0964781961431852e-7,0.361,1314,539.3499999999999,0.009900990099009901,TRUE
DSS-cov5-hiperc99.9-cell5-meth10-All-interaction-simD30-n1000-rep5,30,1000,5,pH,30.07233041561811,0.712,0.712,0.658,1,543,1.2589254117941688e-7,0.318,1255,536.0999999999999,0.009900990099009901,TRUE
DSS-cov5-hiperc99.9-cell5-meth10-All-interaction-simD30-n1000-rep6,30,1000,6,ploidy,29.953756565059354,0.694,0.694,0.648,1,602,8.317637711026709e-8,0.323,1296,539.3499999999999,0.009900990099009901,TRUE
DSS-cov5-hiperc99.9-cell5-meth10-All-interaction-simD30-n1000-rep6,30,1000,6,pH,30.063116643416958,0.709,0.709,0.655,1,546,1.7378008287493765e-7,0.37,1255,536.0999999999999,0.009900990099009901,TRUE
DSS-cov5-hiperc99.9-cell5-meth10-All-interaction-simD30-n1000-rep7,30,1000,7,ploidy,29.836970919868023,0.7,0.7,0.64,1,603,9.549925860214369e-8,0.342,1303,539.3499999999999,0.009900990099009901,TRUE
DSS-cov5-hiperc99.9-cell5-meth10-All-interaction-simD30-n1000-rep7,30,1000,7,pH,30.164930631301218,0.729,0.729,0.668,1,560,1.7378008287493765e-7,0.373,1289,536.0999999999999,0.009900990099009901,TRUE
DSS-cov5-hiperc99.9-cell5-meth10-All-interaction-simD30-n1000-rep8,30,1000,8,ploidy,30.058101062085697,0.719,0.719,0.65,1,606,1e-7,0.35,1325,539.3499999999999,0.009900990099009901,TRUE
DSS-cov5-hiperc99.9-cell5-meth10-All-interaction-simD30-n1000-rep8,30,1000,8,pH,30.099103110076978,0.715,0.715,0.655,1,545,2.187761623949552e-7,0.405,1260,536.0999999999999,0.009900990099009901,TRUE
DSS-cov5-hiperc99.9-cell5-meth10-All-interaction-simD30-n1000-rep9,30,1000,9,ploidy,29.91182606054867,0.711,0.711,0.651,1,602,1.2022644346174132e-7,0.374,1313,539.3499999999999,0.009900990099009901,TRUE
DSS-cov5-hiperc99.9-cell5-meth10-All-interaction-simD30-n1000-rep9,30,1000,9,pH,29.958420083706866,0.72,0.72,0.656,1,552,1.8197008586099824e-7,0.379,1272,536.0999999999999,0.009900990099009901,TRUE
DSS-cov5-hiperc99.9-cell5-meth10-All-interaction-simD40-n1000-rep1,40,1000,1,ploidy,40.231545597669395,0.966,0.966,0.965,1,691,7.585775750291836e-7,0.837,1657,539.3499999999999,0.009900990099009901,TRUE
DSS-cov5-hiperc99.9-cell5-meth10-All-interaction-simD40-n1000-rep1,40,1000,1,pH,40.04786540052452,0.964,0.964,0.957,1,631,1.096478196143185e-6,0.856,1595,536.0999999999999,0.009900990099009901,TRUE
DSS-cov5-hiperc99.9-cell5-meth10-All-interaction-simD40-n1000-rep10,40,1000,10,ploidy,40.313371465229416,0.966,0.966,0.963,1,694,7.585775750291836e-7,0.841,1660,539.3499999999999,0.009900990099009901,TRUE
DSS-cov5-hiperc99.9-cell5-meth10-All-interaction-simD40-n1000-rep10,40,1000,10,pH,40.08600586613185,0.958,0.958,0.954,1,633,1.096478196143185e-6,0.861,1591,536.0999999999999,0.009900990099009901,TRUE
DSS-cov5-hiperc99.9-cell5-meth10-All-interaction-simD40-n1000-rep2,40,1000,2,ploidy,40.24054375522213,0.962,0.962,0.96,1,688,7.943282347242822e-7,0.849,1650,539.3499999999999,0.009900990099009901,TRUE
DSS-cov5-hiperc99.9-cell5-meth10-All-interaction-simD40-n1000-rep2,40,1000,2,pH,40.270628750904486,0.967,0.967,0.964,1,629,1.096478196143185e-6,0.862,1596,536.0999999999999,0.009900990099009901,TRUE
DSS-cov5-hiperc99.9-cell5-meth10-All-interaction-simD40-n1000-rep3,40,1000,3,ploidy,40.232412226619026,0.969,0.969,0.965,1,693,7.943282347242822e-7,0.847,1662,539.3499999999999,0.009900990099009901,TRUE
DSS-cov5-hiperc99.9-cell5-meth10-All-interaction-simD40-n1000-rep3,40,1000,3,pH,40.081783060500634,0.965,0.965,0.962,1,634,1.096478196143185e-6,0.864,1599,536.0999999999999,0.009900990099009901,TRUE
DSS-cov5-hiperc99.9-cell5-meth10-All-interaction-simD40-n1000-rep4,40,1000,4,ploidy,39.97482735260079,0.962,0.962,0.96,1,690,7.585775750291836e-7,0.831,1652,539.3499999999999,0.009900990099009901,TRUE
DSS-cov5-hiperc99.9-cell5-meth10-All-interaction-simD40-n1000-rep4,40,1000,4,pH,40.111667232718766,0.955,0.955,0.951,1,630,1.0471285480509007e-6,0.842,1585,536.0999999999999,0.009900990099009901,TRUE
DSS-cov5-hiperc99.9-cell5-meth10-All-interaction-simD40-n1000-rep5,40,1000,5,ploidy,40.1874239289977,0.96,0.96,0.958,1,687,7.585775750291836e-7,0.84,1647,539.3499999999999,0.009900990099009901,TRUE
DSS-cov5-hiperc99.9-cell5-meth10-All-interaction-simD40-n1000-rep5,40,1000,5,pH,40.27021884962585,0.956,0.956,0.952,1,629,1.096478196143185e-6,0.853,1585,536.0999999999999,0.009900990099009901,TRUE
DSS-cov5-hiperc99.9-cell5-meth10-All-interaction-simD40-n1000-rep6,40,1000,6,ploidy,40.14786263445456,0.963,0.963,0.96,1,694,7.244359600749906e-7,0.825,1657,539.3499999999999,0.009900990099009901,TRUE
DSS-cov5-hiperc99.9-cell5-meth10-All-interaction-simD40-n1000-rep6,40,1000,6,pH,40.00285981048273,0.955,0.955,0.953,1,627,1e-6,0.822,1582,536.0999999999999,0.009900990099009901,TRUE
DSS-cov5-hiperc99.9-cell5-meth10-All-interaction-simD40-n1000-rep7,40,1000,7,ploidy,40.06800841973462,0.961,0.961,0.958,1,691,7.585775750291836e-7,0.837,1652,539.3499999999999,0.009900990099009901,TRUE
DSS-cov5-hiperc99.9-cell5-meth10-All-interaction-simD40-n1000-rep7,40,1000,7,pH,39.899344172452196,0.954,0.954,0.95,1,631,1.096478196143185e-6,0.86,1585,536.0999999999999,0.009900990099009901,TRUE
DSS-cov5-hiperc99.9-cell5-meth10-All-interaction-simD40-n1000-rep8,40,1000,8,ploidy,39.818932449880464,0.968,0.968,0.964,1,693,7.943282347242822e-7,0.849,1661,539.3499999999999,0.009900990099009901,TRUE
DSS-cov5-hiperc99.9-cell5-meth10-All-interaction-simD40-n1000-rep8,40,1000,8,pH,39.918520160916664,0.96,0.96,0.951,1,630,1.0471285480509007e-6,0.836,1590,536.0999999999999,0.009900990099009901,TRUE
DSS-cov5-hiperc99.9-cell5-meth10-All-interaction-simD40-n1000-rep9,40,1000,9,ploidy,39.8562133804592,0.964,0.964,0.963,1,690,7.244359600749906e-7,0.824,1654,539.3499999999999,0.009900990099009901,TRUE
DSS-cov5-hiperc99.9-cell5-meth10-All-interaction-simD40-n1000-rep9,40,1000,9,pH,39.97118580430357,0.965,0.965,0.963,1,632,1.0471285480509007e-6,0.846,1597,536.0999999999999,0.009900990099009901,TRUE
DSS-cov5-hiperc99.9-cell5-meth10-All-interaction-simD5-n1000-rep1,5,1000,1,ploidy,5.114037665989476,0.001,0.001,0.001,1,186,0,0,187,539.3499999999999,0.43564356435643564,FALSE
DSS-cov5-hiperc99.9-cell5-meth10-All-interaction-simD5-n1000-rep1,5,1000,1,pH,4.926196057626607,0.001,0.001,0.001,1,184,0,0,185,536.0999999999999,0.36633663366336633,FALSE
DSS-cov5-hiperc99.9-cell5-meth10-All-interaction-simD5-n1000-rep10,5,1000,10,ploidy,4.88995300281378,0.001,0.001,0.001,1,186,0,0,187,539.3499999999999,0.43564356435643564,FALSE
DSS-cov5-hiperc99.9-cell5-meth10-All-interaction-simD5-n1000-rep10,5,1000,10,pH,5.062541298493821,0.003,0.003,0.003,1,185,0,0,188,536.0999999999999,0.36633663366336633,FALSE
DSS-cov5-hiperc99.9-cell5-meth10-All-interaction-simD5-n1000-rep2,5,1000,2,ploidy,5.271035555112829,0.002,0.002,0.001,1,185,0,0,187,539.3499999999999,0.43564356435643564,FALSE
DSS-cov5-hiperc99.9-cell5-meth10-All-interaction-simD5-n1000-rep2,5,1000,2,pH,5.1547653901577135,0.002,0.002,0.002,1,185,0,0,187,536.0999999999999,0.36633663366336633,FALSE
DSS-cov5-hiperc99.9-cell5-meth10-All-interaction-simD5-n1000-rep3,5,1000,3,ploidy,5.131661372255419,0.003,0.003,0.002,1,188,0,0,191,539.3499999999999,0.42574257425742573,FALSE
DSS-cov5-hiperc99.9-cell5-meth10-All-interaction-simD5-n1000-rep3,5,1000,3,pH,4.956511770669628,0,0,0,NA,185,0,0,185,536.0999999999999,0.36633663366336633,FALSE
DSS-cov5-hiperc99.9-cell5-meth10-All-interaction-simD5-n1000-rep4,5,1000,4,ploidy,5.068605232857353,0.002,0.002,0.001,1,188,0,0,190,539.3499999999999,0.43564356435643564,FALSE
DSS-cov5-hiperc99.9-cell5-meth10-All-interaction-simD5-n1000-rep4,5,1000,4,pH,5.099106585748481,0,0,0,NA,185,0,0,185,536.0999999999999,0.36633663366336633,FALSE
DSS-cov5-hiperc99.9-cell5-meth10-All-interaction-simD5-n1000-rep5,5,1000,5,ploidy,5.2861760235882,0.003,0.003,0.002,1,184,0,0,187,539.3499999999999,0.43564356435643564,FALSE
DSS-cov5-hiperc99.9-cell5-meth10-All-interaction-simD5-n1000-rep5,5,1000,5,pH,5.23690234182736,0.001,0.001,0.001,1,186,0,0,187,536.0999999999999,0.36633663366336633,FALSE
DSS-cov5-hiperc99.9-cell5-meth10-All-interaction-simD5-n1000-rep6,5,1000,6,ploidy,5.145858578539978,0,0,0,NA,187,0,0,187,539.3499999999999,0.43564356435643564,FALSE
DSS-cov5-hiperc99.9-cell5-meth10-All-interaction-simD5-n1000-rep6,5,1000,6,pH,4.839366720788268,0.004,0.004,0.001,1,184,0,0,188,536.0999999999999,0.36633663366336633,FALSE
DSS-cov5-hiperc99.9-cell5-meth10-All-interaction-simD5-n1000-rep7,5,1000,7,ploidy,4.804941317318964,0.002,0.002,0,1,187,0,0,189,539.3499999999999,0.43564356435643564,FALSE
DSS-cov5-hiperc99.9-cell5-meth10-All-interaction-simD5-n1000-rep7,5,1000,7,pH,4.905892642103871,0.001,0.001,0.001,0,184,0,0,185,536.0999999999999,0.36633663366336633,FALSE
DSS-cov5-hiperc99.9-cell5-meth10-All-interaction-simD5-n1000-rep8,5,1000,8,ploidy,5.035519789259386,0.001,0.001,0.001,1,188,0,0,189,539.3499999999999,0.43564356435643564,FALSE
DSS-cov5-hiperc99.9-cell5-meth10-All-interaction-simD5-n1000-rep8,5,1000,8,pH,5.001888725693958,0.001,0.001,0,1,186,0,0,187,536.0999999999999,0.36633663366336633,FALSE
DSS-cov5-hiperc99.9-cell5-meth10-All-interaction-simD5-n1000-rep9,5,1000,9,ploidy,4.817145123287275,0.003,0.003,0.003,1,187,0,0,190,539.3499999999999,0.43564356435643564,FALSE
DSS-cov5-hiperc99.9-cell5-meth10-All-interaction-simD5-n1000-rep9,5,1000,9,pH,4.755832186930348,0,0,0,NA,185,0,0,185,536.0999999999999,0.36633663366336633,FALSE
