"","O01-1","O01-2","O04-1","O04-2","O06-1","O06-2","O08-1","O08-2","O10-1","O10-2","O100-1","O100-2","O101-1","O101-2","O102-1","O102-2","O103-1","O103-2","O106-1","O106-2","O118-1","O118-2","O121-1","O121-2","O122-1","O122-2","O124-1","O124-2","O128-1","O128-2","O131-1","O131-2","O137-1","O137-2","O14-1","O14-2","O140-1","O140-2","O145-1","O145-2","O147-1","O147-2","O17-1","O17-2","O21-1","O21-2","O22-1","O22-2","O24-1","O24-2","O26-1","O26-2","O30-1","O30-2","O31-1","O31-2","O32-1","O32-2","O35-1","O35-2","O40-1","O40-2","O43-1","O43-2","O46-1","O46-2","O49-1","O49-2","O51-1","O51-2","O52-1","O52-2","O56-1","O56-2","O60-1","O60-2","O64-1","O64-2","O66-1","O66-2","O71-1","O71-2","O78-1","O78-2","O90-1","O90-2","O91-1","O91-2","O96-1","O96-2","O99-1","O99-2"
"CHOYP_ACAA2.1.1|m.30666 ELGLNNDITNMNGGAIALGHPLAASGTR y10",37858,39345,13440,14424,16511,25923,29744,34145,29165,24429,13358,18827,27427,29124,23875,30470,32029,49102,25429,24247,33391,29128,30150,41226,25273,40036,37307,43450,25723,43303,22719,25250,28330,30145,19013,49222,36535,43530,31947,46207,35937,42377,20860,21912,18640,18668,19806,28988,18655,28301,32533,36408,29915,27312,28114,23710,21101,25834,37351,46370,25689,33755,15875,22504,28450,40054,21694,43876,17080,17237,8107,15330,31215,22943,41513,53256,23764,39030,33318,34242,31323,52777,25990,38123,15265,14647,31046,38536,23224,26349,26011,37710
"CHOYP_ACAA2.1.1|m.30666 ELGLNNDITNMNGGAIALGHPLAASGTR y12",26786,26505,10110,11659,11966,15956,20161,23700,14667,13307,7137,13321,19684,23107,16213,15747,16353,32990,21923,18969,21128,24695,16066,18007,14053,34090,28144,21840,12928,27872,11991,15391,19769,19299,12290,21890,28258,19057,19233,28604,24060,28068,16919,14795,8536,11863,14538,19327,15094,20926,14925,21698,18042,20975,11105,15110,11622,17841,18759,18587,12206,18192,9729,14498,16852,19529,12741,28405,12228,9107,4300,11105,19689,16163,28905,27358,13683,16049,21781,24659,20995,35041,21650,21806,16008,10692,19264,24888,14199,16384,15885,21428
"CHOYP_ACAA2.1.1|m.30666 ELGLNNDITNMNGGAIALGHPLAASGTR y8",60132,79281,21083,25982,35743,46255,65826,57997,50016,39453,21968,28920,50053,50863,32058,49509,51697,73836,44720,41073,60345,69589,46928,76333,45217,85991,66636,64552,38989,73325,40043,34215,47391,56609,37497,74321,55241,80438,49366,89561,72243,81993,32801,35709,26623,41436,38788,46948,33266,58002,43128,70966,53316,51531,33335,43800,36584,41053,62143,79824,46072,47058,32487,39093,48543,53295,38699,86678,30640,29290,12346,24143,48999,56313,64775,79104,37965,61736,46637,61263,54341,105685,44705,57015,26681,28569,60873,61824,41464,35754,49483,43825
"CHOYP_ACAA2.1.1|m.30666 ITGHLAHELQR y5",23231,19621,17286,18172,9505,16453,31078,30765,20918,20861,14437,18220,21729,18343,23535,24648,19343,31202,18576,31469,21369,24328,30186,34330,22751,41591,28181,33579,14203,21957,16258,13237,16091,16510,11865,21549,40092,43584,23500,28786,20203,30453,16042,13569,15367,16273,22546,22133,13159,9289,13536,12748,18853,22586,10745,15226,13258,18752,12829,22872,17671,22170,8968,10333,12318,17019,17162,28211,11394,13468,4919,6997,19326,27125,31058,34728,17758,25565,17713,22313,20469,30474,26653,24349,5663,5058,23127,30170,17952,14425,23135,32531
"CHOYP_ACAA2.1.1|m.30666 ITGHLAHELQR y6",59311,64332,39498,48622,38536,34867,70064,70338,52835,56901,27031,37848,52638,54298,57176,61252,54464,82668,48210,62217,56861,65341,73047,93781,63347,83141,77256,66996,43560,56006,42371,49050,41150,52424,34645,59258,79938,109787,59431,90378,60214,73476,37209,33431,30867,36259,69357,51128,30963,40680,38470,37267,41404,56499,26917,35888,42130,51547,32241,53343,40627,47568,25840,26632,35426,53675,41224,70775,32672,43566,10795,14907,54603,60145,81486,83376,49481,53385,62026,59753,56459,86248,47394,76604,9464,14420,63331,83432,39338,38643,54057,80699
"CHOYP_ACAA2.1.1|m.30666 ITGHLAHELQR y7",40162,43287,32689,36934,26353,37013,46579,62024,35907,40778,18097,26032,39962,43826,34018,52172,39894,57532,40312,48929,41861,40260,55988,70267,42901,61044,51934,47842,37806,49730,30353,24701,32311,40645,17679,49174,66959,71379,41770,56696,41117,47426,30123,23773,22680,26985,48396,36202,22808,20419,27572,27465,37737,42540,20447,26147,29168,48331,26009,36927,28084,35907,12609,18780,26608,27568,36037,53848,29586,26011,5558,9139,36988,36702,63454,72902,28783,43472,50232,44404,34499,60251,36078,51411,12044,12552,50202,49326,29346,28322,36414,56254
"CHOYP_ACAA2.1.1|m.30666 QYNLTPLAR y4",364098,372581,150642,190459,68507,97771,100002,96057,197195,221225,188029,202406,300298,329752,239652,323628,344084,418337,323141,321417,374678,352498,422076,440299,227731,327126,132484,131482,238116,401796,255991,232386,187082,217969,140789,212428,379854,500723,337832,507768,243885,276411,218592,247578,172888,167930,191441,214757,183218,175122,103618,120801,373601,407598,153353,166128,301103,348393,402012,500546,180541,209811,209663,260575,196409,221741,180298,264457,156174,146267,140404,244612,179744,192466,419137,460301,323376,376092,203960,255166,258885,322322,335750,469882,62861,64637,336158,472178,94307,82423,90725,105256
"CHOYP_ACAA2.1.1|m.30666 QYNLTPLAR y5",338169,366731,151142,178022,73886,83776,81495,94223,197445,206978,155686,189364,290954,319368,244058,321559,320450,383825,315113,322827,380908,349955,397594,434516,231401,315157,113052,132727,240140,377375,234484,241227,171954,216576,110768,204865,408614,486577,346141,492368,254907,277857,230034,267006,165153,184811,201460,182559,159061,174244,84017,121813,336750,406629,149327,175555,290562,330272,392647,476879,171062,196031,206634,238652,184319,212028,168151,265767,166484,162945,127699,226929,165846,201584,384809,481146,311711,382477,222328,265790,230878,302086,361497,447454,64918,54773,321240,431515,98879,78257,102096,109060
"CHOYP_ACAA2.1.1|m.30666 QYNLTPLAR y6",169658,158051,66685,75639,33443,44555,44085,45165,87551,82896,63693,85576,117157,137226,102855,140000,119706,161860,129074,135992,146212,157044,163342,200185,86189,152312,45936,78245,104555,162017,110331,110789,85619,89597,52202,92571,171815,215679,139508,205159,113441,124002,88166,105027,74280,81164,85734,93479,84389,72062,37572,72975,146460,186703,54179,74396,118168,156504,160439,185746,76955,75473,85358,106429,88366,99446,77024,121153,64166,68871,49567,93240,70643,83267,162141,192205,145494,181193,80325,118502,95622,115511,131073,184799,28215,31136,145975,194963,44499,45171,43106,48391
"CHOYP_BRAFLDRAFT_119799.1.1|m.23765 VNSGELFGK y4",512321,490834,410772,521391,356417,431364,429386,568261,447087,432406,390785,512426,446761,570075,486044,661598,364597,651334,445331,472213,394638,498739,559250,733365,439339,624932,506879,660867,331179,632006,399617,488278,452169,609047,343322,618210,618919,891517,486942,696193,571039,706634,325705,343128,230995,324637,389629,584028,382417,432984,328883,421917,316861,478693,371447,487941,298383,365363,56682,86067,251339,338676,332200,354722,421082,516073,341498,558497,284426,308398,162500,270933,362732,365211,470122,603847,381675,497215,439694,553397,353768,604211,371518,565601,239618,263610,538946,668639,316677,283170,409751,499078
"CHOYP_BRAFLDRAFT_119799.1.1|m.23765 VNSGELFGK y5",355776,358198,295520,347569,245781,328614,331173,400664,314577,323616,285425,348150,311416,397803,334234,438582,283658,468499,318842,326282,280249,369064,389634,471394,305374,432268,363916,476080,257481,462336,272412,340129,321183,421208,236940,459852,476119,659637,377172,484378,395639,471853,211603,249461,177469,236592,294444,425591,271756,307140,226567,331816,228600,347283,263548,362437,197211,276709,37225,58026,173311,284272,211626,268372,319564,354204,263596,416116,225617,227102,125812,169189,244550,268944,358052,420304,296302,338094,309990,396926,270917,405989,256526,399405,187576,163810,386608,479972,218109,213395,286301,358043
"CHOYP_BRAFLDRAFT_119799.1.1|m.23765 VNSGELFGK y6",1313544,1300574,1093340,1241360,785065,1123063,1131146,1390079,1081923,1106648,985883,1262281,1074859,1419543,1240705,1583598,1048431,1592483,1196986,1238090,1019994,1287571,1422419,1703653,1114698,1497493,1250397,1640382,847339,1549956,985330,1251290,1094342,1479101,867546,1549747,1550794,2121956,1267819,1769121,1373404,1636107,793536,843302,621134,821826,1046390,1436093,951366,1090999,825042,1098726,783595,1222704,965823,1321181,781600,980777,169560,223088,638298,980706,800556,975584,1083896,1293244,1004088,1438778,769109,842709,432037,635233,900874,963391,1273553,1460537,1028451,1224846,1131629,1415005,979167,1514443,933323,1398695,644782,672779,1302823,1577422,825220,801585,1032115,1243747
"CHOYP_BRAFLDRAFT_119799.1.1|m.23765 VPAVDLFEK y4",350404,354764,276346,450001,167584,219342,253023,407312,195472,180849,138765,235014,195185,259094,222085,337171,185145,288913,217626,222084,198388,234125,401786,653734,244109,314608,251586,357900,192412,377562,185375,257066,216730,334671,246358,502650,344255,563254,216386,371450,186888,251583,135154,152532,128176,184312,354741,444894,240294,378708,222594,312116,237482,391700,168255,254025,171664,286827,0,0,258623,305115,150363,231647,327117,498453,212602,435939,138211,157650,95866,197437,134347,158245,206011,299166,278362,390023,322643,472874,304331,441797,238769,429997,190460,223743,181921,284221,110059,122435,190523,293890
"CHOYP_BRAFLDRAFT_119799.1.1|m.23765 VPAVDLFEK y5",832157,772155,616431,929749,357452,466675,593283,852279,430767,465632,312980,519202,420525,582353,502692,799047,414638,648899,491809,512916,436379,519232,900258,1412183,576613,728176,603641,813042,434935,873170,425715,572819,503116,689160,567669,1132668,743228,1240530,479038,857105,449176,572603,294035,309489,303767,430018,799517,1047062,578889,861381,485112,713324,531146,871258,419689,527142,478506,608896,0,0,598662,687634,326430,507284,717150,1056077,515791,946210,318828,321160,227828,496546,298167,392145,452604,678460,669399,916853,733569,1100904,685693,976966,614483,1026061,438839,507054,462407,680319,251848,305929,462737,654009
"CHOYP_BRAFLDRAFT_119799.1.1|m.23765 VPAVDLFEK y6",1622161,1537635,1248900,1843917,750117,964353,1195462,1710706,847459,909029,638118,1035632,836053,1202836,966215,1533203,825812,1341364,954886,1044336,826010,977161,1763075,2687019,1063935,1446389,1218066,1636304,867308,1615750,925081,1142596,937755,1392092,1066810,2151729,1500619,2384514,949101,1672952,935413,1168004,576274,662775,618649,862891,1493284,1972794,1196047,1665199,1022698,1409346,1122099,1674746,800920,1096728,865924,1241830,0,0,1194102,1336264,726682,1032477,1467427,2072143,1014757,1945683,641575,675716,476270,952934,625956,794012,947565,1289851,1356833,1732571,1419415,2153470,1280271,1853882,1164738,2007662,883852,1018903,865417,1339871,521192,549828,910374,1241854
"CHOYP_BRAFLDRAFT_122807.1.1|m.3729 DAIQDYIGSLNWGYR y11",18773,25691,17050,20189,8701,12932,21618,21788,15709,18466,3009,5173,14091,18401,14171,11827,14878,41088,18425,12227,23308,24495,18830,23756,21505,35825,23308,21810,16421,23784,16072,18054,11011,14963,12631,17591,28743,28928,21044,32998,12789,17917,5169,5260,4160,5186,19274,16743,4217,8111,10005,8648,9242,24563,7599,6772,10431,11672,2195,2065,4316,7325,5500,4539,8288,7518,15441,27351,8602,9427,1201,4767,11768,11969,17441,30368,11400,6878,13092,16942,15983,32968,9953,25903,2333,2561,18373,22969,4719,4229,12659,18164
"CHOYP_BRAFLDRAFT_122807.1.1|m.3729 DAIQDYIGSLNWGYR y8",156287,162556,100390,152722,68400,95439,132427,141060,112987,119424,24905,29117,114725,116607,90983,104711,124181,241428,106037,98637,163289,145761,136118,176408,140690,213844,141818,192053,104006,194426,124911,165586,102424,124775,69007,125534,204628,179343,162602,208407,127140,115352,45574,46618,32338,46072,132756,132189,50634,71251,59044,58957,111548,172723,60478,67894,81833,87257,15182,20440,60825,58420,35485,63051,36655,49025,97910,174778,70085,68026,11645,24175,85309,84428,126100,191367,58909,68450,77628,110270,129657,196450,109753,171433,24507,17984,122819,182246,45663,50171,76261,80855
"CHOYP_BRAFLDRAFT_122807.1.1|m.3729 DAIQDYIGSLNWGYR y9",71055,74299,48130,62864,35615,43602,66560,78041,51974,57074,13965,11676,48631,49559,42812,50033,56633,102724,47057,49253,76015,69649,66017,80626,54737,92759,68528,67175,49575,97845,63262,80204,41411,48890,33004,53501,78047,87304,79124,95995,53399,56410,20660,26555,15359,22521,60116,58701,18988,30147,26660,25025,45015,82514,26664,39624,41151,35913,9318,8816,22002,28519,21195,25964,16182,25722,43373,80290,33553,27473,5466,10556,43728,34379,62963,95936,32566,30530,40761,40288,58202,106550,55635,84310,13565,9310,53073,85241,19938,27467,39435,40936
"CHOYP_BRAFLDRAFT_122807.1.1|m.3729 IGDYMEVEGVK y6",82892,113317,38544,46131,44270,52377,74117,97820,49920,53151,34942,53818,65198,79901,42440,65833,68900,97460,53069,53392,88307,81359,65122,72167,46435,82105,78586,111527,49456,114661,67436,80531,59074,61369,49504,95129,104122,105502,82916,130678,63081,81570,38414,42911,35461,42351,58743,56724,47669,48839,58648,67643,56106,69827,37074,51976,53635,57315,24627,40287,40128,47410,29835,45007,52279,82952,60277,107680,40455,34516,18101,21998,43767,48238,66847,98290,58160,70248,65601,80217,71782,97623,54832,83668,17460,23464,57244,74685,38711,45632,37919,55591
"CHOYP_BRAFLDRAFT_122807.1.1|m.3729 IGDYMEVEGVK y7",210843,222214,70067,108389,73561,130108,152557,200455,111920,121393,72239,100355,143886,186896,92645,137408,153920,209001,112493,98334,173499,187932,121579,155268,109032,175617,189880,218697,138706,221035,140479,157215,144066,145107,112434,201281,182761,239008,174919,260509,148041,160788,87070,88938,69259,84830,130365,132521,86996,115049,109116,133572,121604,153027,94311,100948,114419,130733,63516,77437,76608,106829,60956,89815,116744,156384,127722,217412,92498,95681,37860,51167,90441,103597,157244,188381,120529,112199,119164,182933,142742,209341,139096,211466,38693,45216,116297,173127,89703,91604,106354,128853
"CHOYP_BRAFLDRAFT_122807.1.1|m.3729 IGDYMEVEGVK y8",135722,145043,47797,73351,66146,86779,97759,142609,82082,92666,50217,62564,97334,137002,55507,108159,78978,153408,88419,86534,115358,145783,98800,133696,63476,151233,126478,172985,64401,166987,104035,116770,102868,121786,62101,147908,142039,169911,118200,190033,100442,123649,50187,58194,39138,54398,106842,90882,60148,93957,73860,88887,69141,112360,60547,85669,82063,101483,56137,59240,61744,74384,43690,81672,80664,106512,78748,149063,67258,63935,15112,36780,52815,72160,93271,137927,89071,98484,82967,132089,93629,158116,97639,146240,18496,33404,94125,119085,83806,55902,64554,83058
"CHOYP_BRAFLDRAFT_122807.1.1|m.3729 VIGLHVLGPNAGEITQGYAVAMR y5",46098,49411,20367,24525,17333,22081,29979,43497,30697,26750,8996,15767,32096,33323,19281,35546,37094,49270,25953,24861,30487,51616,33365,40102,30141,44326,42165,40061,26833,59213,39271,38978,19206,39469,22747,48447,40023,50950,42364,69058,41427,42467,14125,11522,7372,11351,34297,32022,13114,23698,19978,30124,36302,36834,21115,21885,23549,24399,27707,31072,18846,19933,13355,19701,18206,28841,25193,42596,16315,18193,5620,3282,31329,15880,37246,38145,16671,29926,23625,29911,31039,44408,29527,45188,8120,10185,31808,39253,10399,16363,21919,25729
"CHOYP_BRAFLDRAFT_122807.1.1|m.3729 VIGLHVLGPNAGEITQGYAVAMR y7",190950,178854,78203,91909,88686,100621,168780,188052,133902,119270,38441,54267,124378,154016,97649,138200,146792,217298,110062,98667,189922,215015,131634,184549,147456,195249,139922,207726,108493,252722,148893,187182,126665,133093,96057,182975,196001,255414,177512,263880,135551,156121,63416,54749,33651,42954,154289,139115,50853,101449,72676,99781,122243,150032,84897,114572,87310,120110,104128,132070,65503,77963,52761,69656,81873,99779,124729,191269,102473,99350,18801,35460,111610,100871,143594,177381,79906,108995,103560,130456,143615,232433,130522,202361,31068,33100,154164,185010,57112,66665,100288,106598
"CHOYP_BRAFLDRAFT_122807.1.1|m.3729 VIGLHVLGPNAGEITQGYAVAMR y9",118160,138420,51047,63735,58456,58413,92726,128240,76051,73131,27366,33770,89052,90348,70648,89344,95534,162380,75493,68676,122492,129107,87647,109184,99389,120791,103520,133235,87802,158637,101575,126867,76654,93691,59157,127196,116786,151963,121763,178437,95164,102302,43283,32537,20603,34504,99094,92473,34037,62616,55580,69395,79307,96148,52056,67392,55540,70290,68555,86950,42002,45614,29212,46064,51862,66930,74181,133795,65044,55399,10276,23229,73840,62567,104476,130404,46127,79010,74060,87826,100154,134410,82131,123630,19347,25429,99246,113494,44928,37782,59019,68190
"CHOYP_BRAFLDRAFT_275870.1.1|m.12895 GMPEMVSGEDK y5",79934,74232,21042,19043,33876,47256,55753,84481,42395,41037,43110,41943,41220,48748,40524,41319,51617,63954,26225,32133,53555,68507,48876,62349,33143,50742,51884,59467,44668,60271,28603,39528,44481,66668,44331,78962,84283,85461,58893,63722,51257,45827,32319,35355,19699,23042,49360,52309,22484,35476,32068,46652,34272,49744,24171,26121,20298,38362,10728,20289,19235,28849,14693,24207,30619,34305,24082,40719,26131,23479,11506,7907,26296,23905,76470,78818,30855,41099,35395,42548,33588,61515,37032,36027,14333,7878,43672,42330,26944,29146,36432,39607
"CHOYP_BRAFLDRAFT_275870.1.1|m.12895 GMPEMVSGEDK y7",264413,206777,74569,76887,106109,119712,254002,386846,122634,127002,82654,122268,139937,187868,107727,130059,146076,155482,108256,126554,151051,193036,161727,211448,92480,163112,185603,213546,126953,176763,117728,146779,129343,182633,122242,360568,251449,274521,180838,234423,115149,139377,86755,114450,42211,88555,155604,191459,53244,107070,88314,98669,113976,198018,74083,77776,80317,90171,59103,38068,51313,38852,35412,73454,90371,91480,78099,137614,74360,87249,16806,32333,60801,73037,214230,226502,120562,112785,121916,177027,96253,147620,86653,127448,32720,38886,106175,104822,74723,61102,138707,221843
"CHOYP_BRAFLDRAFT_275870.1.1|m.12895 GMPEMVSGEDK y8",71313,86159,19045,20758,35578,54058,76590,87361,35725,42290,34920,51101,53854,48484,51135,45017,53681,79546,29988,32549,60158,71389,47505,62766,46992,63585,70129,73687,46016,77713,52535,41383,55840,61942,62024,104615,86075,87468,71173,80995,50039,46535,36556,38402,18089,29821,65975,67932,27513,35842,35166,41873,37377,58021,32601,38697,37785,40292,11842,27883,20110,26335,16634,28025,33370,44591,32777,43905,37345,25100,9970,8584,32242,31399,88590,95788,40380,43558,49046,46086,49892,80999,40831,54517,14794,15895,47687,45112,28911,30305,40583,50195
"CHOYP_BRAFLDRAFT_275870.1.1|m.12895 TGFLQLDEK y4",113343,96996,85429,110999,63793,111580,71761,84892,76211,83208,39103,60341,77375,85108,75469,96505,72757,102458,77349,66802,80637,102388,73338,128847,94764,106822,75817,115571,67094,112292,71857,90658,73716,96320,68519,120652,104675,133916,82527,134646,84643,92136,58970,63635,69226,96742,95027,116183,59526,71142,49896,66118,72112,123978,52802,74141,76541,78275,38869,48205,52053,59128,55346,64520,53050,70035,58756,116432,50285,65871,41495,62502,46513,56545,86576,105871,75193,80847,64606,82161,66714,92120,71834,89169,32894,40193,86177,116266,67404,62847,71005,99094
"CHOYP_BRAFLDRAFT_275870.1.1|m.12895 TGFLQLDEK y5",248337,266541,222996,290367,163101,235589,184874,229792,197382,201528,92175,135601,166209,209958,173562,246252,172118,224643,167277,170931,188031,243507,227486,270027,191757,254914,205850,262634,162461,270780,227519,213612,184392,238880,186512,278569,245464,305169,176235,285253,163372,203017,136956,150976,150727,206352,235595,288382,151560,201237,131632,165732,185575,244754,98861,134581,161690,210637,81626,109294,116887,137927,103929,150685,123183,185560,161492,251040,134872,135401,101860,132400,114025,130119,221296,252625,147864,160430,146487,214561,165299,211814,148833,234777,82811,74029,189601,254086,166877,123970,190589,243531
"CHOYP_BRAFLDRAFT_275870.1.1|m.12895 TGFLQLDEK y6",468536,497490,390638,481512,330673,463630,366082,397865,367434,350522,180849,279219,328305,378224,303917,441210,304752,414728,330520,346370,374690,433665,394779,481084,365530,468675,355673,468372,305852,527265,389229,424922,342364,400954,332412,568151,440406,548193,327982,559060,304209,399064,246315,270877,274481,431899,417043,507480,298451,332409,261116,296241,358699,469791,207671,275863,301781,365890,149946,221180,230318,257287,220591,287980,204373,325694,277777,474122,232218,264749,169201,261684,208288,262014,409624,485340,269284,305838,277442,370787,258515,406082,281625,420374,149168,152560,349564,482422,284636,247019,315096,407115
"CHOYP_CAH2.1.1|m.42306 IQEAGSSVK y4",62777,52879,45645,52041,67188,92407,86360,117254,77925,72209,39933,49966,74831,85002,56747,57131,117725,154558,85817,80040,47947,62720,103638,113263,54179,80998,61800,74476,105790,149202,59249,53749,74485,62183,94720,148570,111780,141988,91548,123883,90373,99696,69264,55999,116190,123656,119419,103307,110458,107926,67949,74444,144844,156326,34055,42369,132218,134683,55129,66854,112498,141225,61926,61212,77751,99293,159083,215059,64208,69699,44752,63828,76135,75421,121862,151522,84194,95502,66367,72168,116812,136358,108837,132042,34380,42897,85411,86355,43154,40687,181251,235396
"CHOYP_CAH2.1.1|m.42306 IQEAGSSVK y5",443969,387248,349531,365264,494797,648581,596913,737484,552127,529634,255204,293690,458477,546476,470451,430786,791410,1020474,697660,611728,330735,423591,804368,819453,445846,526333,510631,513471,787441,1029759,388451,330635,510756,503760,699585,930435,706896,909472,700233,860315,697422,734232,528412,434450,838431,863740,838216,729761,847689,846386,488395,604369,1066069,1080788,214306,246630,856055,896388,412480,471807,877437,940841,395952,461712,532512,664618,1236839,1530447,473193,527186,389149,483949,688571,618209,804719,1094146,609537,810166,426435,480860,848834,1031585,708875,958425,234507,221109,676484,641715,316024,304399,1165505,1635943
"CHOYP_CAH2.1.1|m.42306 IQEAGSSVK y6",1008367,899129,770783,817215,1100177,1411088,1324381,1590093,1238332,1174913,574562,634849,1100698,1208635,1009741,952262,1684754,2177425,1452181,1370537,740883,850820,1723468,1656372,942746,1121999,1081298,1064738,1629038,2154991,843101,743606,1057448,1162809,1537023,2053873,1572462,1892199,1470333,1727493,1430183,1590595,1137754,973559,1780171,1882755,1713369,1513954,1803198,1794761,1020192,1296275,2247583,2273875,486469,565923,1878455,2002959,824396,1066874,1874126,2021929,880644,987061,1137960,1376279,2610948,3032242,973790,1142018,855676,1053043,1489235,1447139,1748501,2294668,1392973,1670001,965462,1074665,1777535,2107671,1505458,2040139,523381,504465,1287683,1315138,676281,712973,2402596,3242256
"CHOYP_CAH2.1.1|m.42306 NAEVSNTGSSIK y7",361624,357790,194779,228333,178492,253482,642177,787183,250369,240001,254793,300537,348984,368028,221078,255677,325165,528852,308678,306975,405980,403079,461058,465026,282762,388285,377053,409513,491045,745137,215604,210497,303811,335173,393595,680238,535477,670249,353314,511875,545932,565113,261052,238487,320268,410908,360589,316049,436502,383364,375408,351396,549964,604105,157532,192898,515020,554391,306378,358721,356487,417549,184671,210091,356079,477359,557495,834180,326841,351046,143593,241831,334327,401615,894511,802353,402270,465080,606216,641450,456907,677818,480990,550867,152171,148256,224445,247954,141399,166229,432118,605636
"CHOYP_CAH2.1.1|m.42306 NAEVSNTGSSIK y8",3123996,3081104,1780025,2038883,1568294,2311888,5780993,6641313,2315684,2328338,2395005,2821566,3078020,3263806,1816369,2260460,2957969,4850805,2703579,2701984,3489356,3579796,4006216,4044813,2450987,3407239,3231571,3501009,4449512,6792629,1814436,1901176,2893894,2985515,3633501,6229410,4952226,5943031,3252538,4436441,4705322,5079575,2328301,2348856,2862183,3716801,3193888,3024597,3798192,3571458,3452016,3081239,5272271,5384417,1502668,1807539,4399312,4929665,3025356,3203644,3385499,3703921,1548405,2010092,3216193,4307795,4967298,7329866,3107614,3241358,1261901,1961275,3011172,3542777,7710271,6978965,3653769,4191997,5327699,5987602,4127509,6016006,4281866,5149793,1398020,1432843,2065838,2376463,1298547,1346249,3866567,5345950
"CHOYP_CAH2.1.1|m.42306 NAEVSNTGSSIK y9",2694648,2649051,1534730,1770918,1368423,2020653,4945640,5551249,1992767,2102496,2092098,2449162,2623363,2801416,1575951,2066041,2573015,4059035,2360003,2393132,3053115,3106054,3397775,3425685,2130998,3020521,2758922,2979296,3893199,5705293,1629783,1666263,2501776,2567899,3176469,5130959,4098898,4957612,2896022,3770523,4118526,4258023,2066862,2051309,2437262,3247630,2815748,2649473,3302747,3066961,2997113,2643981,4412560,4672987,1375025,1596097,3890701,4157791,2664189,2816777,2988083,3136575,1417026,1809835,2848775,3717399,4225989,6144930,2681119,2851215,1081345,1783771,2637096,3005304,6489998,5764261,3212473,3579600,4502858,5036895,3621091,5159370,3683627,4377930,1241854,1261015,1818568,2084223,1178342,1191063,3336222,4425355
"CHOYP_CAH2.1.1|m.42306 QSPIDISTK y4",1320763,1386506,672857,705701,588380,831845,2134640,2206775,902245,861359,733687,784811,1299143,1147786,788675,794696,1277646,1935813,905821,923083,1344646,1493465,1507888,1672227,929864,1255907,1379847,1598608,1489558,2312363,828051,840380,1037520,1137540,1504697,2389494,1985546,2114848,1078871,1586611,1782166,1801932,963934,1030604,1081662,1387606,1153774,1348385,1288472,1384119,1258233,1303137,1796376,2266371,773284,693830,1562595,1882806,1189051,1784906,1235651,1319421,661814,772738,1462139,1868813,1898874,2617402,1146967,1154311,617916,959808,1120512,1299236,2824960,3087658,1487418,1646423,2038504,2410571,1459249,2256332,1499828,1887679,655229,588653,962937,991394,550624,580627,1485997,1766951
"CHOYP_CAH2.1.1|m.42306 QSPIDISTK y5",2518610,2668856,1209430,1324741,1142998,1539323,3764451,3885300,1706817,1613603,1421228,1549843,2277525,2161725,1385525,1602189,2325511,3227863,1706519,1694014,2398342,2843503,2831386,3105655,1706013,2287518,2524120,2980889,2571190,4007784,1627122,1589752,1910703,2181198,2651971,4307903,3385495,3946499,2038765,2861029,3245538,3285166,1758765,1825524,1979284,2537490,2086955,2538752,2530304,2756546,2328385,2553497,3285713,4183998,1469815,1409687,2946435,3595081,2328768,3380877,2280232,2642203,1262234,1517429,2659625,3541400,3510874,4782416,2081285,2128283,1163241,1667438,2108721,2391400,4905522,5446249,2760514,3143394,3808466,4376278,2575247,3989692,2692700,3610519,1205126,1169962,1728127,1928234,1099316,1065463,2706976,3370462
"CHOYP_CAH2.1.1|m.42306 QSPIDISTK y6",1180897,1174847,567339,612683,506589,663656,1465187,1555209,642501,682552,527103,595942,914201,950778,583596,680500,1018706,1439757,773108,801753,1003254,1205823,1025681,1173991,652580,922500,1268935,1430270,1073744,1519234,723307,796078,889535,1003770,1129049,1708376,1384158,1674738,765890,1088400,1374022,1414660,797739,843282,803125,1054548,907960,986594,946060,949769,1117200,1150087,1112719,1347440,655038,691058,1028677,1236248,730961,1048287,987601,1072258,699885,818111,1088071,1407085,1173447,1558332,844730,849465,519489,780752,827814,957552,1776358,1910118,1186241,1338094,1444141,1726744,1017055,1527561,1054529,1369641,655772,679579,750210,827522,523941,515525,992562,1266979
"CHOYP_CATA.1.3|m.11120 IQIMTPEQAEK y6",465051,454610,224435,256935,334916,500553,392123,493741,224455,249197,281815,389296,316371,452663,451670,486124,433570,757934,208936,239882,414831,528438,476051,647348,378402,477165,404641,566184,284273,503069,233817,280816,462871,626019,266279,410622,638425,923089,425311,658091,419084,522129,220057,210947,211485,277171,512163,658053,300800,402810,272073,353861,342808,454775,146200,183273,267622,332126,161414,242831,244873,300250,238425,325385,294219,404181,296520,459142,247702,217312,101374,154119,267214,248167,432861,556361,270848,387601,435042,613891,347056,471851,349046,543539,144489,121582,484886,622501,269978,288725,261853,274096
"CHOYP_CATA.1.3|m.11120 IQIMTPEQAEK y7",518205,511806,240745,242224,354695,544866,423161,525503,250722,287371,308157,377776,341209,494091,469982,525346,466628,811057,238133,268228,448920,547056,471623,658261,419488,511929,447697,628733,281197,599246,219882,304850,511403,632007,289302,446883,652382,946964,473186,659875,474492,557686,252044,243691,225292,282372,564096,690655,316823,410504,304948,350105,341203,475133,155063,202336,272182,387308,190538,262209,246933,315647,250798,352155,315373,421114,311477,488637,234472,250684,109981,152067,273868,279535,439497,586332,290783,433504,457913,663025,362800,500467,394173,547487,147944,134172,510678,642042,324907,290969,259386,317868
"CHOYP_CATA.1.3|m.11120 IQIMTPEQAEK y8",878576,855483,398285,420473,609468,881812,721232,859492,396746,451004,523877,641158,585865,843093,805923,871969,795247,1389693,424426,454050,727371,959620,839114,1058930,740090,886511,782935,1066177,475659,929606,388304,503241,872443,1101955,512347,720378,1130948,1525768,783402,1166682,787648,957352,420316,397073,406908,494812,913504,1129954,584511,721037,521003,614034,612965,801059,265146,326907,480087,636032,301576,455636,390609,541808,387814,588846,557849,662440,554652,826504,415667,421274,191467,258728,457573,456585,724491,1011471,500225,704414,803309,1107849,599926,846161,632572,912733,245079,224410,859892,1134632,528339,524370,404923,502531
"CHOYP_CATA.1.3|m.11120 LQAHLDSVSNVSK y5",25015,20044,15535,16708,36829,29208,19235,24309,40401,25100,14867,13362,37392,21786,31154,32533,21788,16536,29113,28837,37139,26010,40947,36608,41266,34690,20641,29336,22688,22666,12559,11643,32993,28350,16455,28801,37528,59061,35317,29913,17850,24032,10652,14643,17632,17511,50906,32412,18992,14641,11346,13266,20821,27490,5117,6010,16257,25582,9133,9520,22211,20640,19769,19488,12673,13371,17515,24559,11225,10684,3019,11254,20512,22842,29760,26042,12591,13698,24871,23977,21585,21322,21296,24477,8850,8191,44003,32867,22036,20503,20691,14422
"CHOYP_CATA.1.3|m.11120 LQAHLDSVSNVSK y8",51335,57217,49148,42903,95613,78884,61010,63810,125069,70499,41918,49864,96212,77175,81766,81904,60305,60229,78202,88743,96523,70140,103337,112134,124872,89712,63901,73920,65931,65316,46705,40082,71963,89046,51858,60429,104921,128076,89994,82643,66950,59809,39759,31606,44642,44846,123263,97379,58853,51344,43560,41046,70309,64934,17393,14295,78459,64883,20569,24165,65398,53790,53470,43927,41609,40882,42972,75250,46024,38556,13546,26612,56944,47476,76050,64364,40212,41581,72575,59615,54395,56286,54812,70067,19292,14732,103113,83228,60800,52756,51234,50983
"CHOYP_CATA.1.3|m.11120 LQAHLDSVSNVSK y9",61820,60932,58496,54492,117914,109127,76833,75613,139242,89133,46518,44475,116094,91406,86690,96358,67068,74309,95793,91637,106314,100896,124850,125563,135128,114418,69918,78510,71251,78620,51368,44745,89349,89742,53308,77220,123236,137927,121780,105276,82514,69140,43651,42319,53581,42609,140770,106932,69121,56430,39017,50411,75694,72754,22639,23094,77369,71437,27319,33362,65677,67199,71405,57503,54310,43571,51950,90320,47304,44407,12773,25753,62334,61741,86275,62279,36372,52440,81376,79868,49209,79954,65922,83390,27600,19013,121964,102104,64223,59061,74437,58668
"CHOYP_CATA.1.3|m.11120 LVENIGNHLINTQK y4",40796,39741,25785,33348,32425,39111,33059,45286,27988,29307,13381,20290,39955,51762,30380,45319,31465,66384,26469,32125,50081,64404,41257,59004,31739,34839,32281,48680,18212,34700,17567,20705,29597,36854,25946,35094,46781,73909,30398,58959,33548,47697,15287,16628,15764,18553,42772,56682,22667,31106,26879,30622,28960,39822,13093,15899,16455,34139,23518,37205,21282,29736,18748,25151,21416,29899,21777,33088,16573,22205,9066,14312,17037,23851,36339,41074,24257,33790,35331,48979,26550,28296,30098,35632,11040,5727,34893,49293,16839,22330,22633,24637
"CHOYP_CATA.1.3|m.11120 LVENIGNHLINTQK y5",32601,42526,21896,30106,25729,35322,34131,41177,28784,21070,14339,18341,40589,42193,32043,33694,30094,54182,24329,28007,34142,59462,37808,52625,25132,30547,33751,37467,14532,30344,17963,21618,29360,43770,14751,38258,39969,66535,28088,45622,30991,42172,10055,15902,16827,15608,36378,56190,22819,29393,17085,24584,20511,34593,8989,17384,17545,30312,20408,41968,17621,20441,14469,20521,19541,24527,17862,31203,13195,18195,5766,9841,16450,21675,34716,46403,22893,22262,31663,37373,21016,26813,28888,33656,9802,7374,30100,47181,18824,21248,15427,30528
"CHOYP_CATA.1.3|m.11120 LVENIGNHLINTQK y9",77909,65453,52516,65812,50316,74771,57815,98453,58051,58692,29511,41351,69089,89833,54720,85833,60612,117337,56371,69696,80195,109373,72318,105105,48666,79053,70005,97431,31359,59333,39993,49098,62941,85676,29421,76862,95391,134717,56482,100775,59701,69077,32116,34379,26165,42947,71669,133243,35681,66353,36157,46879,47821,78577,22051,25697,32496,51526,58099,75629,32735,54238,29904,53772,41257,57341,34821,61875,25714,33479,12194,19354,31261,42294,62753,101083,45616,49674,61279,87842,41977,55343,51186,85907,18290,13021,58153,94904,28281,33085,32910,46675
"CHOYP_CATA.3.3|m.21642 TDQGIQNLSAAEANR y10",401417,472090,396963,410760,437843,562543,397874,527582,474642,475866,185717,204025,531438,546074,525415,545079,450019,612853,418716,437596,647751,710254,578850,745805,440327,617720,439914,569087,245745,441384,251664,309913,494100,640721,254117,540272,616478,815730,401051,572522,459383,457759,203634,241219,261526,326820,625021,663513,380371,453092,325822,363885,423739,500943,143979,163945,337516,492444,166129,257739,277551,357951,297299,332368,301743,421871,371495,560348,272549,274441,134732,187065,233740,305645,474454,460547,316624,354644,471552,527856,294642,439609,431222,551798,133970,148236,508152,643006,301393,342325,294751,340125
"CHOYP_CATA.3.3|m.21642 TDQGIQNLSAAEANR y7",389093,437319,340971,403867,413404,494538,360760,464593,429240,394248,176044,183831,463480,496814,431024,538973,406636,559567,376839,392011,584896,642555,544266,665596,413004,551294,404731,516381,227206,404447,231684,293219,448160,555506,226805,468175,554525,730819,362066,526004,409473,427316,183705,212147,240112,289365,541164,573135,337023,423053,290575,323718,386648,454891,150377,168640,325254,420522,145404,225228,241524,305506,294901,335204,295032,397064,316450,501635,263529,246603,126928,172278,237181,277556,413236,445399,280344,314474,411268,470059,294002,406620,375681,503307,112755,119418,490519,560217,292195,317900,264294,323841
"CHOYP_CATA.3.3|m.21642 TDQGIQNLSAAEANR y9",247803,276978,230257,258723,256842,349306,250425,314111,292430,266287,131240,120407,307963,357147,316184,377312,281696,352283,269575,256022,396730,429318,364664,430235,245450,371361,300016,340346,158680,283490,156120,177855,310978,382244,162039,331693,380395,492861,245897,364204,260423,279700,143236,138239,154393,211065,358638,398735,233377,287420,189766,216623,267106,321384,100098,111509,221718,272932,105459,167484,163937,238658,173409,207350,207576,244766,218690,323998,172961,174601,78330,108471,148548,188681,279331,275807,199527,199817,287763,304427,188997,254608,248878,360157,82460,82026,339210,375392,190577,211574,171886,221050
"CHOYP_G6PD.2.2|m.46923 SDELYEAWR y4",115662,134068,106880,101596,47970,67033,70866,77936,65927,57178,59688,58122,85562,101090,111233,101318,83032,102414,67167,62189,85679,107489,106058,107336,111458,101571,98829,119766,116983,90964,146611,131387,82162,78374,124103,91801,131231,177697,127070,123332,74572,77578,98685,95087,45085,52998,57050,65122,56552,64799,56503,59903,75734,94552,43897,43242,80995,92958,111610,142850,43008,52116,79739,84568,40497,52374,131193,79185,40073,45291,22534,37567,56304,58216,82556,84004,68173,87158,73786,107714,118828,100389,89045,101734,22200,26422,62189,78782,50528,51473,54977,62521
"CHOYP_G6PD.2.2|m.46923 SDELYEAWR y5",353854,398186,277438,322404,167450,200954,201650,234623,197777,194904,140019,150156,265513,291167,262249,305491,233101,304243,194524,188177,258492,315052,273429,331999,252562,304760,338041,370225,233880,328164,434040,449181,233823,242293,208905,269536,438251,559382,319121,354027,254498,230292,255004,289484,138798,165620,173310,214525,148185,217236,162611,167484,240157,309923,140901,133856,248814,292102,320938,426169,166559,167396,211358,252294,114549,151256,201042,208144,131146,113654,82649,103979,163634,168351,243856,265808,219486,264041,227209,299386,301794,333998,283310,314485,93735,85875,206664,216879,158274,134124,147874,188732
"CHOYP_G6PD.2.2|m.46923 SDELYEAWR y6",138456,158738,113495,121193,72273,74539,77954,81795,78859,69390,53706,58719,98707,133455,105970,123325,87073,123740,86411,72468,109145,123422,111510,128798,102752,119362,131198,158531,91167,137025,174611,191182,103563,106110,93329,108970,187512,206941,128865,138704,94144,92439,94382,112507,57332,70098,78995,87651,69402,79385,62130,65653,90785,126357,53206,53558,89216,104645,136217,190343,65003,71589,88747,104755,57280,58166,83511,90071,43840,45990,39165,42050,66774,67770,90925,106570,92221,105400,84601,127214,111936,144565,123657,131280,29867,33462,78248,100331,54315,49791,56540,72615
"CHOYP_G6PD.2.2|m.46923 TYFIGYAR y3",33896,38095,29840,44145,20532,22711,25505,27704,25517,18573,10498,17809,22905,34125,27663,27747,20498,36726,23084,19481,19207,37534,34609,43384,27002,41649,22313,31376,19675,32555,44140,47127,22486,29218,16741,22302,41920,58358,26154,53976,25862,29695,16204,25532,14810,16039,26716,29041,16340,18642,21490,21137,21185,23827,9350,17065,14395,22573,21180,21765,19639,18872,18520,28901,10925,16156,18131,23778,13761,14232,13824,14416,18024,27332,33971,30942,24083,26962,22479,33890,8861,37810,16411,30802,9610,9454,22812,26196,14786,10695,20890,29848
"CHOYP_G6PD.2.2|m.46923 TYFIGYAR y4",682620,805214,457714,696126,359448,466082,429136,544607,381033,392896,215643,268737,462804,605874,539986,654472,429701,664061,368836,406624,541445,653852,661993,794475,442680,586013,542707,711394,340012,795799,913933,935083,435052,541091,263410,496308,968206,1153648,477645,818723,426092,569241,270696,439312,235265,306826,446762,506061,308703,388977,281942,403106,456319,540581,244465,287623,373864,398296,324697,435180,257042,311093,340036,426441,248382,311979,327669,534177,238166,260866,165787,291923,305287,389318,548666,651770,410163,469340,389282,555295,226199,613306,419568,568222,165059,149918,404246,535377,300545,311202,311878,501837
"CHOYP_G6PD.2.2|m.46923 TYFIGYAR y5",628006,710493,407951,594425,325750,401935,374792,461571,336073,364154,159423,263653,395965,528241,460938,567460,373328,625709,366572,340641,444219,577116,610914,688670,385674,542519,484052,662433,301639,715883,770261,831225,371645,474074,244102,473846,849530,1006992,430039,714735,375398,531096,224221,390719,207247,256699,409651,430145,285262,362860,277821,358210,416558,515825,200271,245048,341501,366866,284599,394581,232483,266727,282100,362771,214765,281608,301074,496101,232909,223161,142927,238023,286931,345938,501886,573515,372942,439568,359502,500622,209238,537960,347845,513451,132612,121523,371253,481126,256304,281753,277938,464399
"CHOYP_HS12A.25.33|m.60352 APTTLLLEPDGK y4",205627,198985,209937,316137,218654,295588,204502,269871,198992,203511,111085,134470,165518,284867,301719,435664,186802,331248,198189,202804,93386,128107,269120,340493,214117,338739,325253,503242,0,3606,179656,268544,88760,121462,131977,233841,421630,638403,259206,457866,148049,225261,263829,237937,105328,156088,263605,358430,155677,232715,56407,99478,218111,271481,61927,131398,169766,222838,59151,82354,101885,136863,128524,183443,43641,74797,68619,136218,122949,135822,57215,128863,131769,138273,220625,302543,229128,307498,68465,153933,271745,363734,171922,275437,55599,73541,338302,512559,137329,169858,136948,183629
"CHOYP_HS12A.25.33|m.60352 APTTLLLEPDGK y6",156847,165266,174698,254288,190684,239453,176608,220781,159031,184827,85252,114751,145766,248667,265777,359809,152462,294713,157977,151158,84642,116997,205458,280087,175293,279281,257931,425581,0,4646,165158,213236,66025,104029,117284,214965,341226,523712,225587,376835,129978,188795,205880,211688,101369,136351,228592,287264,132573,187403,41658,75890,181796,233575,53252,108934,145498,182980,50522,87351,90868,109344,103223,156082,34985,46999,53880,86202,98932,104426,49640,101068,104911,121780,180965,242206,185502,266578,71488,133037,220067,298851,145036,224983,47105,53847,288799,434724,123526,128274,117100,159566
"CHOYP_HS12A.25.33|m.60352 APTTLLLEPDGK y7",246890,246489,259356,413156,296772,388286,264978,348522,247962,248652,136754,189164,204533,379734,358420,542358,211523,442740,239972,238943,115028,161052,323955,454913,274838,413677,425927,647029,0,6197,213019,304412,112170,155335,168621,296665,507896,770888,316648,548091,185046,271218,337687,303623,134597,202218,329775,423535,212984,258169,59354,99931,264408,358129,73849,179612,248398,269960,88263,106487,125170,154876,155934,225327,49316,91801,74908,140984,157844,167209,63438,149937,176957,181902,259868,364087,277946,373056,89627,193901,283892,436502,197604,324326,71708,94497,412545,655195,187453,188503,151426,244624
"CHOYP_HS12A.25.33|m.60352 GIAEAISSSK y4",166165,167379,189144,203584,172438,227523,78502,74790,68446,71985,106898,145933,265973,314562,81187,110685,82746,112631,143640,145385,151896,164632,242032,278964,119074,168588,145484,191590,81040,116526,127555,138178,182312,190602,46803,92320,165472,194910,193977,241285,160405,194795,48279,46855,97043,128306,213387,219553,176436,225214,91196,101676,167252,221127,117982,144363,138811,191194,52301,98678,60245,63247,119590,128625,81495,117148,83175,103935,110046,104088,55276,94419,96061,130177,118364,112788,119649,145093,136117,136889,165229,210352,74725,88159,68031,64844,189433,197956,58258,53875,69619,63109
"CHOYP_HS12A.25.33|m.60352 GIAEAISSSK y5",201378,210246,215357,246893,201828,254927,89308,97655,82941,89092,133183,179872,347965,376152,93149,127643,96811,125646,180976,184913,185890,193754,274375,335035,148401,227209,193171,228800,108383,131885,165125,151014,190255,200540,56670,85190,217405,248738,211801,302839,203050,227317,56302,41127,113464,159499,268651,275449,198581,240026,109247,131771,165797,279313,147763,163168,165372,229244,43753,105610,73394,78850,122514,155297,89085,146702,121785,122535,117637,128196,67373,104570,135296,149762,138319,135893,155886,173051,130301,168188,176671,268982,95494,85047,78059,58278,219492,265396,64895,69681,60410,67969
"CHOYP_HS12A.25.33|m.60352 GIAEAISSSK y6",515064,519094,558601,645007,515175,665530,232254,254714,221130,197065,332469,430183,869404,1023372,236316,306162,246595,340650,438395,433358,459624,570065,688358,808664,373920,552313,472964,565342,260869,326754,398686,389452,516179,547666,123420,206124,473834,594412,633310,817225,497187,559641,135374,114455,317721,443386,655279,690055,536452,623522,286294,325849,499134,672711,361644,431448,440028,589734,100131,285536,161953,181867,373382,427443,252244,336924,271838,275318,327362,337952,172568,275345,344065,417609,360051,370968,426150,442876,374817,406296,474582,715390,228899,247609,197525,169649,546992,636895,153307,172995,140527,173294
"CHOYP_LOC100633041.1.1|m.35428 AVVEAANNFGR y5",282810,247780,176666,222970,200317,291801,226235,311961,204722,212496,150967,199754,257949,272868,264721,370712,268507,390141,249646,283313,265482,324475,365478,486756,298609,451130,349794,448122,186571,319847,248679,335471,245206,280652,181876,301305,365892,425336,311170,433145,334816,383520,133235,164088,114649,168363,272213,312023,216514,237545,187927,221450,248728,315570,186481,207740,232303,290455,230447,322613,179553,219368,155689,210638,124130,194813,211388,367185,153424,183349,88946,161041,210282,233311,258843,299742,243950,287435,278206,358222,229931,370588,238144,350087,97256,102916,291879,355020,211417,229353,269424,413708
"CHOYP_LOC100633041.1.1|m.35428 AVVEAANNFGR y7",1051941,1074113,671660,837622,763427,1069972,894823,1219309,803941,839911,632216,800169,1056567,1177139,1084485,1506607,1080445,1585479,998853,1112028,1030151,1299717,1504822,1947333,1191646,1750065,1345797,1894689,784949,1286321,1015128,1320510,1008931,1220661,702021,1204297,1429350,1751709,1148199,1668590,1300349,1476593,528764,617580,430746,610586,1047783,1253452,845091,991592,669856,807935,969769,1368293,725531,800712,847903,1126018,858443,1307405,723865,891104,607309,816110,496871,751389,888289,1383912,597825,699893,350742,544020,764238,864540,987698,1208511,981445,1160968,1021836,1394868,875863,1516686,957480,1355492,356946,366163,1108035,1430215,827499,851037,1062179,1598349
"CHOYP_LOC100633041.1.1|m.35428 AVVEAANNFGR y8",949696,999507,611576,774510,727816,951162,844481,1036338,739345,786199,588741,758001,949082,1076928,1003826,1380299,976319,1441786,969680,1003577,872791,1160638,1332565,1756471,1053196,1555945,1267208,1680712,716821,1188017,943135,1188023,958232,1098895,658598,1078525,1270144,1561050,1074047,1418926,1171509,1376940,477411,554485,389220,570862,962418,1120817,816437,987803,657471,724083,923959,1267725,683421,778032,771278,1070911,797367,1236320,628274,836233,567428,694378,431701,674450,814699,1270057,574087,635295,321284,530132,711269,771744,896793,1069580,920245,1038257,954870,1261242,855887,1336854,891189,1240478,345036,320930,993153,1273591,738257,827664,965027,1440231
"CHOYP_LOC100633041.1.1|m.35428 SLTNVILGGYGTK y7",219671,187721,147838,201209,163465,192215,212738,253751,140419,134489,81736,92255,156359,200412,245415,302715,237341,387865,212619,170822,210374,249536,185117,265754,233153,261204,220440,256529,137933,261998,161712,224410,166777,207063,143376,266224,246375,284996,256025,349528,158745,184142,102629,116866,93356,132172,183595,198375,166285,216925,122460,138489,146792,200406,127401,146749,133741,170663,112453,155869,163397,148828,132719,194069,104900,121855,134400,246560,104165,107824,73799,164247,148842,140021,196190,241382,202411,227732,163676,214834,198124,312020,170263,227908,86978,90537,202094,238568,124145,129845,206260,248680
"CHOYP_LOC100633041.1.1|m.35428 SLTNVILGGYGTK y8",452716,460394,351326,472693,362457,455694,483458,578255,301085,330428,170669,228709,370091,444951,497312,678850,526055,890900,499880,412243,475611,610682,486364,576539,502983,622996,464676,590804,321382,640452,408806,550432,392649,472703,349820,662012,542355,672614,580166,803280,343786,412737,258563,275489,199843,314463,413103,507635,382300,483129,284132,330834,350830,495364,308790,370780,318717,365610,266735,398217,338987,369237,289683,426702,250963,279613,324150,567081,252529,237154,202188,378318,318451,366023,435447,599751,447642,557140,348107,533755,465896,706003,352632,547011,182957,184469,440752,585700,318258,294275,473467,570029
"CHOYP_LOC100633041.1.1|m.35428 SLTNVILGGYGTK y9",113070,113545,84454,113452,85619,99699,110732,136700,63248,82927,31325,45155,82238,93559,110554,139622,123235,214566,107177,87231,112735,134527,105543,132039,88447,143419,104647,130790,80034,134358,81628,121931,87527,90432,73522,145809,119718,157980,124526,195215,77123,81902,48040,61561,47868,79085,92390,107470,86435,110036,66924,74790,80351,109540,62985,80222,79322,76064,65265,86520,80456,86221,68530,94200,53449,57118,66949,122687,51538,46647,40310,75523,76070,72595,99115,122465,99875,136829,88870,123488,101017,154895,79500,122433,41797,43802,92115,127381,65612,66575,100088,133205
"CHOYP_LOC100883864.1.1|m.41791 DYYLSLAHTVR y5",86180,56115,39551,44700,36401,40615,118100,114397,46837,38853,23180,28580,52972,65986,31412,30385,60046,94229,41061,35454,96332,78947,54995,48765,41610,49051,76272,101616,54130,84293,80714,55436,67072,75604,76577,100911,81570,83841,51943,94926,55277,65481,27010,29583,30430,25316,65620,47293,32478,38912,40827,41052,50987,56183,35730,20210,50665,41939,23436,19914,41384,33177,25741,15862,40930,30399,32632,43884,40985,42893,11016,12387,35757,33251,106000,96710,61308,37069,73136,53238,49488,58627,45479,47801,19536,12358,39448,42487,21942,14060,57398,47362
"CHOYP_LOC100883864.1.1|m.41791 DYYLSLAHTVR y7",186009,191790,135309,124604,91054,111508,351947,324781,146231,115419,58253,75335,170916,168193,91066,81182,173481,241506,107814,109030,261696,186315,145944,129504,108914,117923,223833,244369,167884,243962,226615,194788,177518,209839,209869,259216,257333,285175,161727,254028,151560,184436,90988,85563,84206,90537,199305,130413,96684,84933,106078,105884,150083,141156,59422,59487,162041,121611,54486,66809,113135,97276,65534,56507,101414,75218,105931,121682,110542,83043,24430,32207,93098,103477,282172,286383,135417,115135,151321,168080,171653,178716,123057,126389,42256,43671,132456,117805,68604,38599,173933,146169
"CHOYP_LOC100883864.1.1|m.41791 DYYLSLAHTVR y8",113050,117529,84609,68952,56789,66804,177593,192767,69046,63095,31691,45256,92743,92311,57122,46690,92965,153387,62047,67194,159074,111966,84854,79283,75315,63781,123236,138361,92296,150548,125371,100962,101446,109149,130763,149778,149433,154712,96580,152686,100989,88939,47680,56340,57373,58503,136347,77303,63703,53177,63195,59915,96027,77898,36197,35414,82654,67649,28640,41788,59513,63357,43558,30685,59553,52004,74101,86753,61077,61777,21823,21343,58496,66177,168012,158804,80558,71491,98453,99542,88089,106640,86751,81396,24833,21117,78515,65356,41014,29800,87626,81455
"CHOYP_LOC100883864.1.1|m.41791 IEDGWQVEEPDEWLR y6",130616,134050,69272,89636,61893,75373,128711,146160,77838,70638,28743,37835,80882,82930,60291,78404,90297,163795,69169,60426,111210,125295,99091,107277,65322,88327,96196,117868,91934,164376,134122,174187,76503,102673,73846,158052,153546,163474,93265,139490,70653,75598,58229,60394,43881,51893,95664,98848,49483,65344,72467,75102,95301,119100,53524,67830,90302,102247,45448,42919,41356,58804,43896,51728,48392,56370,60969,85756,61811,75743,17916,36985,58487,47361,158813,204508,68827,88977,85764,97413,81898,139197,77997,117668,23491,21233,83577,90238,33651,43812,87456,94337
"CHOYP_LOC100883864.1.1|m.41791 IEDGWQVEEPDEWLR y8",122702,124162,71818,84154,42617,72522,129084,120349,68886,80527,23125,28047,77198,76639,62996,76487,87706,148043,66978,54104,113009,104977,78487,93462,51152,80723,89915,106987,86562,154865,127373,139471,70341,79339,73773,154785,146284,150328,77938,117135,65875,65240,46574,54532,38483,52187,84826,91073,47580,54443,62751,65814,98985,117882,50473,55237,84375,92664,41911,38598,48815,56903,34291,40302,41483,43648,48059,84679,62898,57930,15062,23938,43479,57802,158148,187075,67002,79055,77785,84346,77085,122716,79165,107533,26254,19695,75138,86908,33033,35408,74412,87863
"CHOYP_LOC100883864.1.1|m.41791 IEDGWQVEEPDEWLR y9",72084,88544,42498,54030,32997,49486,81167,101621,43843,48473,15804,22506,53237,54493,47980,64931,54349,109366,40531,40277,83145,69765,59429,69058,35435,66971,63230,73705,48636,97392,80741,101848,49383,62827,49424,99608,98161,116273,48526,82290,56926,50854,32806,43010,25250,36065,60530,65615,29788,45414,46483,40286,68881,89674,28222,34200,58418,62119,26565,37545,36748,39029,23980,31859,29185,33091,44852,60496,38144,44119,14788,21837,35262,34318,117295,138470,47454,47900,57780,57701,63609,94351,58188,69847,14783,13377,44279,56797,27938,29029,62980,60707
"CHOYP_LOC100883864.1.1|m.41791 VLYPNDNFFSGK y7",62845,59186,32686,47570,32233,46486,51874,79153,50570,43520,17758,24747,37671,48734,55259,64552,35508,81547,36697,32952,46116,58791,61600,67106,35571,57466,49591,72373,31905,82965,68527,78544,42724,51080,33924,56911,75670,107740,54499,93636,31944,42081,38641,24467,38057,45253,53142,69105,30258,40172,25884,41844,60659,76971,20334,22065,51663,56015,34004,37223,27797,32314,29399,33966,24077,33408,28849,84682,31881,35301,13220,28617,34337,39839,62108,91026,33343,49593,30164,53719,49381,88352,46133,77567,16038,14990,51704,65108,25749,32601,34030,50470
"CHOYP_LOC100883864.1.1|m.41791 VLYPNDNFFSGK y8",177981,178817,96704,122122,109211,130306,172255,233310,136750,139721,53990,65289,132511,182477,147537,176878,124548,247464,138044,116908,162380,167682,185976,221758,126220,187619,151009,201280,135911,234089,201355,274189,131162,170313,112064,207441,262414,298538,156353,258683,122065,131406,108424,90263,89291,122575,148836,190742,98050,128605,93823,117371,167845,192331,70828,90889,147643,177687,68220,102844,86079,96660,80892,102239,84339,91451,89170,210699,118817,90336,53460,90544,101602,107399,206715,282768,109801,154844,112823,171695,166413,207410,148435,203771,42351,51191,141864,211001,82959,95531,117796,177836
"CHOYP_LOC100883864.1.1|m.41791 VLYPNDNFFSGK y9",1094234,1124178,682609,847213,647232,876265,1192503,1476374,870290,848457,309235,443481,779397,1024743,769715,1034706,774666,1376352,731219,663873,918880,1071076,1124374,1447124,681109,961552,865951,1195291,816220,1495659,1569248,1920071,752375,966039,701207,1315590,1579430,2006260,900959,1422798,695943,748547,612953,695401,696219,964498,979189,1174750,630611,797196,596218,732751,1108929,1468714,393817,556178,1036230,1274092,592701,814327,563680,693196,472817,631794,468682,567321,662360,1268233,776933,708737,332602,716910,613653,671248,1388691,1870321,672935,832092,684277,1009055,834628,1302405,861022,1331290,267742,296348,962307,1299483,562682,610005,867800,1204281
"CHOYP_MRP1.5.10|m.34368 DSTVLTIAHR y4",27594,28339,24654,26619,15531,23219,20550,20924,23821,15288,13049,17004,17156,15940,18923,20754,21751,39824,13833,17702,18250,18456,19167,20398,31571,30663,28256,25579,18615,27789,14074,7869,21691,19659,23160,16863,34542,50014,18128,26305,17603,13031,7569,7315,11320,9446,13737,22316,9796,6719,12385,11126,16735,24300,8180,3166,13837,16071,0,2498,15286,11038,9755,5167,9896,10411,17459,14608,18499,13027,4520,3986,12677,19874,28375,24766,14523,15653,16397,21425,24579,31087,13729,22204,6388,2148,20901,24658,14300,14646,14494,8250
"CHOYP_MRP1.5.10|m.34368 DSTVLTIAHR y5",75946,84607,99135,85812,41101,58977,70604,73574,66681,62348,69436,63239,73270,73622,72557,72937,99090,132828,70783,99836,83393,90492,79053,64919,79674,84178,84095,84224,52550,85513,55958,45682,77074,89088,59602,84239,112102,143302,74243,91118,72193,58556,33528,31879,45860,43044,58007,62262,39888,43050,42500,35501,88731,109452,28530,38939,78271,91699,0,2692,36202,39362,32785,21399,29550,23617,50629,61289,83207,74679,15036,13713,52845,54240,134289,99728,55759,38435,66063,61149,80950,101700,98454,89438,22382,10019,77123,97427,52910,43550,50905,52862
"CHOYP_MRP1.5.10|m.34368 DSTVLTIAHR y6",131011,129709,121692,118236,69113,96299,108674,113602,116052,124552,97438,94770,110194,110743,104225,90602,155610,183710,102557,116287,127707,133070,120130,113339,136078,146459,109561,123532,81201,137880,68403,63772,104416,99916,78902,116578,163597,210426,109512,141001,113103,92658,52398,66961,55504,61338,88035,83565,57537,53696,67484,50702,130403,155924,50501,50366,109648,107249,0,11675,53578,66944,51932,33636,37368,41190,85740,88414,111109,102590,21546,21232,71626,87218,184569,167318,84187,63333,99619,95968,122059,142220,138080,136464,30671,18787,129753,142819,77545,51200,68305,71764
"CHOYP_MRP1.5.10|m.34368 LYAWEPSFQDK y6",109696,112762,82381,110726,59032,92113,67381,77149,69081,69324,34240,59459,67703,76801,69179,102641,107959,146589,65300,67339,78710,102201,56743,73181,53322,76735,64609,69152,41845,67725,43785,59840,57596,76295,52567,83957,64652,83008,84680,102657,47034,53759,43561,44836,45741,58474,68039,65936,43734,62987,51078,56920,81926,109589,36565,50389,80421,85471,17402,24237,48894,64409,37265,50126,28383,35512,46112,94570,82424,75951,36020,60323,45973,62481,87303,90274,43875,63035,56078,68074,79946,93513,80876,109306,27093,24753,73163,74935,55939,61675,54058,55104
"CHOYP_MRP1.5.10|m.34368 LYAWEPSFQDK y7",32589,37622,37240,48308,32458,27929,24467,32760,23002,35256,13397,20109,29634,34872,30580,37203,35740,56379,25390,30856,30058,38892,21339,26696,19772,27845,20636,26666,19684,22366,14333,26194,23542,27196,17064,26688,19823,25769,23394,39266,18061,15605,13620,19104,21047,19592,26300,23859,16702,20531,17522,21331,30122,34326,14139,15114,32438,33532,2333,12153,15397,23203,11215,20959,12331,14563,20502,37584,31615,28607,10253,17637,18146,22103,32783,32988,14532,19643,22591,32459,29613,35815,32750,42904,7891,11638,22425,31009,17143,24827,20486,20958
"CHOYP_MRP1.5.10|m.34368 LYAWEPSFQDK y8",55444,49402,44306,63730,33414,44264,38213,38870,38583,40353,14593,27330,39008,34991,42135,46469,53924,72874,38999,43095,45725,57371,43466,35567,30944,35167,40723,37289,19933,40854,21027,27701,32120,33769,26253,43053,34931,46234,44845,54067,21812,23909,21807,27358,19317,28022,32358,33719,21356,37532,25857,29491,41115,58465,22711,26323,39868,48463,5666,10009,22041,30376,19336,24822,10419,15048,26583,50631,39317,34238,16507,24753,24638,26202,45456,49413,27266,19105,34242,34148,39619,55237,41765,58297,16544,18049,46887,34630,26046,32289,35552,30917
"CHOYP_PDIA1.1.1|m.5297 GSQQVVDYNGER y6",265142,311289,915282,1087730,595806,579646,771996,452709,750596,321982,480239,194940,461062,98891,686943,472316,550335,142253,635111,431320,789994,286986,421653,227593,958376,621726,682007,302525,589830,260292,638372,256353,435347,418197,609182,842921,478306,238141,552834,170633,815118,685464,634417,493768,362766,272860,590165,165916,460699,386259,558092,255916,900938,666073,380886,236502,816777,874895,1006544,1159583,367318,412730,487211,463623,676994,541576,899502,681553,513331,294252,570556,490884,607309,350238,757698,258127,590416,347663,375209,133849,1025777,812917,528873,416240,377502,210863,394408,74523,259453,315737,864955,582866
"CHOYP_PDIA1.1.1|m.5297 GSQQVVDYNGER y7",664685,778844,2461138,2808861,1496227,1465286,1939719,1129324,2012318,853702,1245243,479278,1188561,259873,1747084,1245824,1359305,328237,1646825,1051209,2003242,701544,1136801,634190,2589170,1605546,1697605,816358,1433300,695836,1606332,700074,1110634,1034224,1523746,2132243,1313082,553043,1491312,399780,2039491,1705923,1743832,1356772,970445,731132,1474164,423706,1233529,958554,1409741,650018,2462456,1802259,1045789,625991,2111189,2228728,2559458,3101272,859233,1042073,1305482,1228150,1780240,1335819,2322900,1754428,1353428,842515,1419332,1247849,1633438,877141,1953937,661349,1542874,868251,927714,307829,2600746,2132945,1406909,1080487,992194,573426,970247,165472,633623,753945,2138647,1497149
"CHOYP_PDIA1.1.1|m.5297 GSQQVVDYNGER y8",237901,329557,1001086,1182383,631844,597587,846417,476730,880214,365096,528915,205641,508171,106073,743326,516580,576263,130978,692716,447347,856322,322154,467176,257145,1066975,666915,757183,337100,629419,282897,683986,296327,453747,435761,681053,944733,568756,254481,632408,160148,876401,718848,759949,587710,421484,318593,639899,176395,516421,410964,608392,292527,999663,771848,425287,260102,918340,962492,1092019,1306092,395329,448103,532077,521734,764024,572760,941341,721399,567346,348467,597069,520627,670129,363995,823837,263518,621517,372302,399853,117256,1083617,919693,602546,453864,414391,227049,390729,68968,274776,328526,919252,660007
"CHOYP_PDIA1.1.1|m.5297 LITLGEDMTK y3",380816,371986,171490,224805,178025,250796,289365,422053,221526,239469,123432,211067,237243,303073,202519,277779,282839,425905,202041,202892,296965,421548,237007,345264,273032,348752,282144,486793,120537,391482,266952,395054,224557,286714,177930,435939,318809,492388,204907,477071,191561,311531,141357,213840,93765,162079,223099,311129,166126,239895,211518,247346,206675,336840,150594,156827,180982,255727,227387,376258,157028,199372,141100,269922,239199,311386,264707,350160,166807,157652,101070,179878,234537,253754,284668,450621,224444,339990,243930,396882,136062,454478,230683,423658,128651,107938,235968,375488,154994,173362,238261,402729
"CHOYP_PDIA1.1.1|m.5297 LITLGEDMTK y6",3961130,3984964,1925712,2401936,1980653,2752733,3010751,4146029,2534766,2635268,1355448,2186433,2328959,3134312,2140222,2811503,2740481,4445128,2174574,2123183,3177751,4103698,2611759,3591041,2726076,3575998,3103143,4780480,1211140,4070614,2913879,3917921,2370670,2798536,1781693,4368361,3502443,4975913,2271292,5001668,1890061,2974674,1597135,2293546,1215887,1705129,2306606,2913568,1879716,2736707,2254275,2519581,2391015,3403557,1705944,1575414,2063695,2759187,2390383,3797806,1556513,2138103,1735617,2863516,2508925,3308271,2870434,3616472,1821742,1720951,1105187,1943707,2451832,2688808,3061255,4520911,2426873,3696972,2625745,4171898,1651641,4843176,2740031,4565774,1334713,1139871,2284060,3675514,1762723,1867453,2620979,4031308
"CHOYP_PDIA1.1.1|m.5297 LITLGEDMTK y7",1732451,1774678,864410,1057946,888279,1216359,1355101,1842371,1108307,1245968,605534,998189,1058903,1442795,954961,1238986,1246362,1973748,1000341,989317,1422870,1837543,1184456,1592241,1169123,1609415,1442945,2087548,564593,1741586,1305557,1758726,1014209,1238010,823218,1924339,1546764,2104764,997298,2187988,837693,1341886,753195,1047803,542184,772540,999822,1343686,833500,1243075,1054939,1165649,1073722,1517378,802099,725705,980280,1260453,1155141,1724903,710718,952482,794853,1305543,1144042,1455502,1245497,1617146,819849,778334,514771,886591,1136890,1194074,1431317,1949298,1100660,1608206,1206485,1828454,722301,2156727,1270867,2046324,636806,550694,1038727,1640395,829642,849402,1175445,1778790
"CHOYP_PDIA1.1.1|m.5297 TSPEIVNWLR y5",1687251,1700551,1460242,2180075,1028059,1578765,1322744,1845283,1364192,1263769,507737,638803,965637,1173430,869500,1379102,1229355,2295653,1352630,1160088,1444152,1597015,1479897,1975302,1391637,1952940,1245246,1734361,936529,1738692,1704007,2064467,985488,1217098,913649,1871588,1186259,1641989,1479131,2200196,1041951,1107771,830963,927524,703333,960651,1296796,1429350,990600,1378419,1063988,1335496,1453836,2034538,1091007,1453749,1161174,1366296,1197997,1703192,903410,1127274,1285277,1538983,1131251,1581567,1160901,2175962,895113,884625,628222,1199962,1217912,1306122,1451167,2049882,1260200,1592712,1165056,1685803,1602112,2733629,1397002,2414416,680212,595644,1064074,1657342,735352,768368,1571033,2055237
"CHOYP_PDIA1.1.1|m.5297 TSPEIVNWLR y6",2995080,3021155,2619976,3792018,1769570,2778949,2416444,3272395,2487737,2329866,867042,1138322,1681036,2149399,1534901,2492300,2204726,4149311,2431639,2158855,2535388,2854869,2591739,3474323,2527805,3549132,2174616,3209491,1678991,2997918,3034681,3733779,1735259,2259271,1673352,3359815,2167133,2930885,2595290,3909409,1797785,2009903,1492168,1643519,1256403,1754708,2211072,2567999,1822481,2433248,1823314,2398426,2543453,3667530,1946531,2613135,2083359,2447416,2113406,3048642,1629735,1973961,2226592,2772428,2049468,2769423,2050796,3829260,1578424,1623909,1042790,2175598,2270138,2366703,2574774,3589300,2457986,2820277,2120364,3115823,2933485,4776595,2546321,4350310,1210026,1053716,1867101,3012685,1362820,1342496,2797254,3611686
"CHOYP_PDIA1.1.1|m.5297 TSPEIVNWLR y7",1458144,1555419,1361033,1866373,909413,1349309,1206262,1651530,1281140,1197691,465391,599263,849971,1102408,803252,1233753,1095078,2049084,1226375,1080112,1293432,1467769,1362562,1760459,1265393,1796888,1109794,1518870,862785,1542875,1461481,1813757,901124,1135840,835130,1673505,1095601,1466684,1323209,1898057,929756,1018335,775138,859903,661846,896303,1125839,1257049,940650,1240517,931562,1218296,1265627,1820907,1006718,1331000,1074334,1197803,1097835,1514332,846985,1017423,1169137,1354316,1010810,1372905,1050581,1891843,855045,857429,560652,1135283,1138665,1213214,1296591,1774991,1246299,1430775,1106085,1549517,1459848,2396226,1310256,2132199,626663,548277,971571,1508448,683697,693839,1417808,1810547
"CHOYP_PDIA3.1.1|m.60223 AGEFSEEYGGPR y7",497555,505976,488494,553016,349056,509175,434816,534409,430854,424659,274643,280444,349207,395578,394881,461427,416060,564439,386184,400477,377618,443095,522190,552547,475287,630196,543226,637149,336553,492793,494521,552495,355369,416741,291822,459871,493570,642909,453358,601898,365290,304561,326740,325405,275321,350023,391456,460357,374507,437414,406354,397644,504160,609120,268130,342128,367764,530264,320197,442504,337012,400541,334130,357305,388950,483924,453398,581654,348612,351496,230571,327397,417076,528746,542614,593464,440820,473589,439752,503768,523666,741636,466094,661922,257079,245053,373850,494785,310012,299728,368792,442071
"CHOYP_PDIA3.1.1|m.60223 AGEFSEEYGGPR y8",1534709,1482253,1436091,1638325,1063164,1385663,1329919,1597574,1319416,1369728,846433,879653,1091417,1189555,1167014,1378934,1218441,1705823,1186072,1176238,1122417,1289978,1537160,1667504,1466064,1903662,1655829,1997695,1033666,1540208,1466479,1701434,1124391,1255034,860935,1441051,1606404,2004692,1346257,1838632,1103223,912732,929712,1061949,837027,1042671,1183973,1436430,1128600,1278188,1135224,1152022,1581447,1861168,895934,1008948,1183446,1591776,983585,1344152,985400,1238523,986297,1021521,1239939,1353139,1383703,1694341,1109386,1069532,685727,917848,1238687,1543550,1749008,1772241,1356991,1431471,1314259,1520105,1595306,2286885,1333969,1949601,727691,666129,1163454,1501056,901599,862516,1096554,1285468
"CHOYP_PDIA3.1.1|m.60223 AGEFSEEYGGPR y9",842635,794072,766475,902881,610835,729976,723904,839440,716476,753360,494433,494627,623766,640025,644413,750611,663142,923623,682439,689368,591836,708915,863676,961063,791510,1021693,950729,1051116,598961,862252,800651,935403,617567,702923,451839,791763,876188,1072072,740545,1031619,616044,487034,489281,571350,466175,542280,662314,764838,636121,705324,615906,642232,826271,1004064,469199,581979,625035,874861,526742,766568,559373,675714,572269,603285,680033,765986,725158,999351,617660,628721,399848,532063,689852,843308,1015989,994630,780535,779039,685297,840659,855975,1297890,759227,1045658,404950,379420,629132,833799,477566,511422,625627,715457
"CHOYP_PDIA3.1.1|m.60223 IFFAVSNSK y4",683866,687492,579208,833844,428710,614853,454397,619015,547121,514881,237904,208516,359681,622424,484772,663420,459985,752745,438358,440802,471851,519388,509712,747328,553351,784558,441448,782749,459512,836267,512247,730127,286431,377395,379111,675655,578810,926538,521200,826182,240056,306865,331453,297299,319230,407719,525012,656689,403609,516938,253358,465260,543333,754737,127437,237765,486721,572902,148548,205018,383895,432469,384315,561385,292802,373505,508347,800097,386395,371556,270909,433918,505444,494442,484754,732961,365239,541427,303466,677756,582212,603842,446730,776443,224947,188598,445121,728192,311242,335877,465307,596645
"CHOYP_PDIA3.1.1|m.60223 IFFAVSNSK y5",1220081,1212537,999734,1411612,792423,1043127,818573,1038420,911866,861640,441314,352721,641634,1067613,790579,1131835,755476,1305964,792804,755254,772441,930977,921998,1269757,924180,1363419,779163,1343091,783865,1366344,904489,1251570,471602,660840,638329,1175631,976888,1550310,934000,1439232,381733,514879,559020,529466,569736,704974,815490,1066483,705923,948316,424367,833322,915408,1295761,214379,414906,809053,1003079,257429,344980,642428,779975,662604,967455,492870,591723,878283,1458439,664713,680734,457913,752459,852989,868247,867784,1257069,611295,949677,532896,1195351,1010200,1054358,775618,1319812,365480,328939,755586,1234298,532421,579923,779383,1048960
"CHOYP_PDIA3.1.1|m.60223 IFFAVSNSK y6",2128155,2044481,1762625,2392089,1264301,1839280,1421761,1806503,1572352,1558345,750526,611823,1145324,1914026,1355658,1958804,1330672,2229099,1390374,1351344,1421826,1556186,1580266,2165698,1630157,2333203,1350479,2265503,1397349,2349730,1580185,2195166,923637,1170005,1116180,2016127,1793025,2592535,1587218,2458230,679932,936710,950523,955222,1007288,1246115,1475135,1795665,1248473,1636270,767866,1450277,1608882,2225046,380805,708041,1439645,1713791,429725,623739,1162373,1392729,1158289,1663527,866405,1072541,1501740,2491683,1192520,1062861,802270,1324358,1486613,1550080,1465678,2032500,1098360,1653306,949865,2080746,1760298,1824870,1353754,2295350,674178,606015,1330844,2169852,923135,1001199,1337173,1775394
"CHOYP_PDIA3.1.1|m.60223 VADAMSTDLK y5",669678,656334,318623,363465,335261,468557,519548,626966,497996,511782,559524,818266,497964,600840,495305,656214,555357,820030,446778,443533,433933,568786,538634,659192,486659,626942,647098,769031,438460,678077,547731,546416,472557,523803,365913,528130,763375,981561,622228,905316,470977,523301,430419,422708,257955,339338,504849,616291,346708,383061,428002,440964,504675,667857,303522,323786,404737,591306,216561,301941,334553,392979,268481,358433,447483,540528,488895,631008,367915,379681,175817,240319,499053,530138,743261,919174,502474,650542,538764,587326,650893,944937,441507,597006,235290,227618,449862,574601,322472,276076,359073,469376
"CHOYP_PDIA3.1.1|m.60223 VADAMSTDLK y6",1027728,1048556,516846,595564,578938,809910,858141,1125635,880430,883508,1015493,1328236,848590,1034470,849116,1189153,923141,1397489,769079,781115,728017,946349,943704,1137133,795855,1072931,1104455,1372499,759041,1133134,923651,966387,830766,833832,612263,930997,1265966,1715284,1057855,1419636,789115,894987,752831,778919,454067,630031,873107,1105791,599809,707303,702256,781064,858891,1173179,513054,583596,642936,947900,449763,575334,567570,640192,444094,641323,730106,854488,832953,1079430,597805,683028,317883,421809,865460,895154,1221229,1508424,877892,1166908,900631,1107817,1110863,1627599,828645,1131886,394974,391235,792234,960948,582258,464765,638704,862663
"CHOYP_PDIA3.1.1|m.60223 VADAMSTDLK y7",897385,940638,469696,553902,504359,760189,799986,1008360,742733,751224,887555,1182886,751883,938189,731685,1041869,822540,1216260,689245,680013,641665,875746,777194,1042862,724712,938331,983157,1273598,675410,1032015,826174,847948,739903,765110,550310,800536,1136949,1520655,894433,1307593,715901,789570,682710,652574,397305,542815,796342,924870,514265,629596,645982,695657,756732,1050882,452987,518793,601496,767115,366936,497597,506333,588187,400795,575378,679769,805257,710572,926285,547917,619723,258322,352155,757793,840067,1091860,1370352,780060,970111,795799,989169,995080,1421221,672162,938768,359348,313628,683642,882876,480135,425519,586658,774842
"CHOYP_PSA.1.1|m.27259 AGMISTVDVLK y3",52260,50549,26958,42533,23300,40870,48145,47753,41746,36383,14351,33579,39346,44005,30653,44275,35265,48541,29114,33057,47360,31131,48556,55431,43236,56606,44019,48399,43174,69173,41980,32646,42520,44127,36316,47869,57433,75071,57185,67498,37929,38036,54907,28524,20185,28866,48591,53792,21471,28838,23029,21855,27666,37584,31094,33479,30822,20712,30137,35815,25909,30568,22857,26417,34209,31717,36482,63408,21506,20436,8729,13354,24089,33732,39838,61023,37706,40240,37976,43834,34695,53466,44446,41041,13665,10980,51970,47514,30522,18457,41654,29458
"CHOYP_PSA.1.1|m.27259 AGMISTVDVLK y6",194516,213314,103136,124784,122145,162681,151507,191678,166234,153364,72006,89890,153942,191564,173360,201210,162326,251254,120501,136117,188248,191546,166972,221974,163977,198048,188114,209021,144975,288608,157851,170602,165519,152489,126792,194831,243404,312085,190956,261060,143492,165860,117179,147878,84891,104042,168165,210705,108315,147014,121829,123267,131370,165075,108457,149100,107998,128970,151487,213223,136282,144913,96940,125601,113780,136905,145958,200909,103817,100508,30045,50084,115329,131893,211960,262831,136075,163526,170335,230430,173415,222069,163715,207095,53820,53221,152007,209882,90108,83976,130014,152336
"CHOYP_PSA.1.1|m.27259 AGMISTVDVLK y7",1262880,1411246,664430,849431,747689,987234,977541,1260527,991219,957185,396660,525623,932674,1215752,1033154,1316236,953531,1431550,774250,806034,1122356,1189583,1073800,1359598,959454,1251748,1145689,1408052,899378,1763855,984907,1101632,926158,1030029,832198,1237778,1523582,1982575,1245314,1770474,962101,978102,765751,851466,495437,601029,977570,1313646,653583,920665,702825,793153,769146,1059024,711806,892749,711286,807968,913740,1273344,801518,921808,581040,760262,768315,861290,908945,1270141,652368,640437,220339,310081,706135,781539,1215647,1545475,913150,1087965,1028849,1430053,1109594,1357239,963743,1233194,340759,320256,936840,1327402,588945,528379,715693,929700
"CHOYP_PSA.1.1|m.27259 SENDLPEDSTWK y4",32381,30148,27635,29761,17822,29690,24594,29511,23900,27522,15263,12533,20701,35000,16964,31256,20491,36354,20194,19993,23825,30564,23660,28777,25654,37131,25775,32656,22054,38828,25385,26891,20833,24501,19943,34907,28607,52176,25641,36171,19934,34643,20197,22084,14538,18201,33398,35354,15309,25923,17783,26695,20413,24535,13637,20863,18013,25351,6741,10098,21721,26695,15494,25410,22505,23198,17743,30232,17084,17937,8193,12384,14627,19940,29397,50949,20937,35585,30145,36870,23415,39268,25631,28965,9982,13676,18672,34104,12469,20055,14197,23496
"CHOYP_PSA.1.1|m.27259 SENDLPEDSTWK y7",745898,713289,612830,627246,386266,565068,495806,601429,521244,536909,338372,401989,504746,622931,490184,627853,401514,709584,447333,428279,515469,666497,585604,623216,545230,702539,513295,692322,425630,742144,508587,574828,465645,609237,401237,653736,653959,897996,526216,778522,492873,623918,393479,454845,301442,381957,499777,644058,430868,496500,464863,542716,512072,636861,329377,510365,422372,548644,136002,210305,406310,557312,335068,440274,452015,541121,473289,679925,445938,401350,172891,254090,356964,412421,643748,857196,469886,640926,569675,759000,548512,792915,538705,740631,245396,258664,497642,720959,325955,382338,351121,473760
"CHOYP_PSA.1.1|m.27259 SENDLPEDSTWK y8",93805,92921,63406,83107,46517,65528,57302,68195,64259,71521,39864,49417,51473,86716,55397,73313,44115,92509,43298,52764,67784,93660,72850,80703,71900,86450,67619,92497,48873,85021,63222,65885,56050,74676,46148,75282,76568,117794,58879,93938,61940,74452,42079,49661,43121,44173,61690,77827,56738,60092,57713,73054,68516,83159,45466,65116,54140,63161,22519,32450,47666,65014,39939,61703,64320,71012,57015,83676,54946,47216,21857,29363,45692,48903,80073,106244,55257,91077,70173,92589,72720,102194,67813,82532,32239,29055,58279,78115,46564,52453,46888,49522
"CHOYP_PSA.1.1|m.27259 YFQIAYPLPK y4",206135,224268,170622,209033,123044,158303,154936,185523,143497,149414,59765,77598,141449,180384,155525,207184,144655,273531,149936,119992,196559,176457,161929,204213,134322,182394,151781,190998,133717,263378,138332,167773,135072,166823,110711,221816,216690,284876,179267,273048,148596,149665,113238,121753,77639,140718,194464,186085,108239,142671,120667,132007,115243,163228,107158,135832,105951,125905,68435,88968,113146,147250,104374,112226,104335,162532,102711,205562,113084,102931,42659,90438,97567,124227,200897,243801,124451,160612,135518,198771,137203,231393,135854,201650,71892,61082,140045,202899,76991,92021,107205,136671
"CHOYP_PSA.1.1|m.27259 YFQIAYPLPK y6",381635,395492,303465,395903,217423,299562,284174,353132,274848,281284,101160,139985,269101,340972,256469,348845,276903,485027,272925,227824,323040,342619,282342,369359,253828,348863,264716,361871,280578,474587,257171,304420,244713,298314,206519,429377,418852,502614,330112,479256,291006,295449,205308,234331,174282,241423,328064,338183,208373,283954,225140,253324,223306,309338,194690,266204,188089,203439,118284,159994,203992,229515,194867,240439,197785,252999,217154,332886,209716,212098,83450,168416,206249,205592,350902,429876,231736,313660,271995,369406,243840,404554,255054,376942,116096,102480,265713,377118,149684,157307,203915,244752
"CHOYP_PSA.1.1|m.27259 YFQIAYPLPK y7",403277,399875,314976,388589,220999,305843,279183,365842,316776,293251,114701,142308,300713,363238,278215,386552,279046,528034,283136,254472,351544,352043,283335,374604,279065,363880,286584,374317,280814,484200,280921,309274,259009,345643,229836,430960,421394,542791,355918,538776,277894,302667,229660,248892,160794,259229,339132,341002,211331,273615,217344,259296,227362,323131,199364,289929,212602,221172,120689,197817,215817,255196,219170,242391,212540,280522,233505,379758,210483,191745,87615,171165,209241,228200,360129,462264,243182,316486,287944,371523,261361,462089,255754,390871,123357,124833,277666,433094,145474,174291,214421,267711
