run,delta,nSpiked,rep,term,regionsTested,spikedTested,realizedDelta,powerDMR,powerQ,correctSign,falseDMR,empiricalCutoff,powerEmpiricalFDR,totalDMR,permDMR95,experimentDetectedDMR,totalQ,permQ95,experimentDetectedQ
DMR-tile1000-cb3-lo10-hiperc99.9-All-MN-simD10-n1000-rep1,10,1000,1,ploidy,424348,1,9.938427478309151,0.044,0.05,1,0,0,0,44,3.549999999999997,TRUE,129,99.94999999999997,TRUE
DMR-tile1000-cb3-lo10-hiperc99.9-All-MN-simD10-n1000-rep1,10,1000,1,pH,424348,0.998,9.858168703023626,0.063,0.077,1,3,0,0,66,3,TRUE,193,91.84999999999998,TRUE
DMR-tile1000-cb3-lo10-hiperc99.9-All-MN-simD10-n1000-rep10,10,1000,10,ploidy,424348,1,9.783512019483164,0.054,0.062,1,0,0,0,54,3.549999999999997,TRUE,150,99.94999999999997,TRUE
DMR-tile1000-cb3-lo10-hiperc99.9-All-MN-simD10-n1000-rep10,10,1000,10,pH,424348,1,10.198573336153187,0.064,0.078,1,3,0,0,67,3,TRUE,195,91.84999999999998,TRUE
DMR-tile1000-cb3-lo10-hiperc99.9-All-MN-simD10-n1000-rep2,10,1000,2,ploidy,424348,0.999,9.956566819822,0.053,0.067,1,0,0,0,53,3.549999999999997,TRUE,156,99.94999999999997,TRUE
DMR-tile1000-cb3-lo10-hiperc99.9-All-MN-simD10-n1000-rep2,10,1000,2,pH,424348,0.999,9.76853165153623,0.061,0.068,1,3,0,0,64,3,TRUE,179,91.84999999999998,TRUE
DMR-tile1000-cb3-lo10-hiperc99.9-All-MN-simD10-n1000-rep3,10,1000,3,ploidy,424348,0.999,9.975809863347983,0.066,0.079,1,2,0,0,68,3.549999999999997,TRUE,181,99.94999999999997,TRUE
DMR-tile1000-cb3-lo10-hiperc99.9-All-MN-simD10-n1000-rep3,10,1000,3,pH,424348,0.997,10.040522252909568,0.071,0.082,1,3,3.4673685045253096e-12,0.001,74,3,TRUE,200,91.84999999999998,TRUE
DMR-tile1000-cb3-lo10-hiperc99.9-All-MN-simD10-n1000-rep4,10,1000,4,ploidy,424348,0.998,9.976986389619691,0.061,0.063,1,0,0,0,61,3.549999999999997,TRUE,151,99.94999999999997,TRUE
DMR-tile1000-cb3-lo10-hiperc99.9-All-MN-simD10-n1000-rep4,10,1000,4,pH,424348,0.997,10.058395046645819,0.073,0.083,1,3,3.4673685045253096e-12,0.001,76,3,TRUE,201,91.84999999999998,TRUE
DMR-tile1000-cb3-lo10-hiperc99.9-All-MN-simD10-n1000-rep5,10,1000,5,ploidy,424348,0.999,9.995865351708348,0.06,0.07,1,0,0,0,60,3.549999999999997,TRUE,162,99.94999999999997,TRUE
DMR-tile1000-cb3-lo10-hiperc99.9-All-MN-simD10-n1000-rep5,10,1000,5,pH,424348,1,9.934722906303625,0.059,0.078,1,3,0,0,62,3,TRUE,195,91.84999999999998,TRUE
DMR-tile1000-cb3-lo10-hiperc99.9-All-MN-simD10-n1000-rep6,10,1000,6,ploidy,424348,1,9.864183012515175,0.055,0.067,1,0,0,0,55,3.549999999999997,TRUE,156,99.94999999999997,TRUE
DMR-tile1000-cb3-lo10-hiperc99.9-All-MN-simD10-n1000-rep6,10,1000,6,pH,424348,0.999,10.115732279350153,0.064,0.077,1,3,3.4673685045253096e-12,0.001,67,3,TRUE,193,91.84999999999998,TRUE
DMR-tile1000-cb3-lo10-hiperc99.9-All-MN-simD10-n1000-rep7,10,1000,7,ploidy,424348,0.997,9.936156225855768,0.069,0.083,1,2,0,0,71,3.549999999999997,TRUE,186,99.94999999999997,TRUE
DMR-tile1000-cb3-lo10-hiperc99.9-All-MN-simD10-n1000-rep7,10,1000,7,pH,424348,0.998,10.064154074856933,0.07,0.084,1,3,0,0,73,3,TRUE,202,91.84999999999998,TRUE
DMR-tile1000-cb3-lo10-hiperc99.9-All-MN-simD10-n1000-rep8,10,1000,8,ploidy,424348,1,9.721342810905384,0.068,0.08,1,2,0,0,70,3.549999999999997,TRUE,182,99.94999999999997,TRUE
DMR-tile1000-cb3-lo10-hiperc99.9-All-MN-simD10-n1000-rep8,10,1000,8,pH,424348,0.999,9.984627146162213,0.058,0.071,1,4,3.4673685045253096e-12,0.001,62,3,TRUE,184,91.84999999999998,TRUE
DMR-tile1000-cb3-lo10-hiperc99.9-All-MN-simD10-n1000-rep9,10,1000,9,ploidy,424348,0.998,9.713483780577205,0.052,0.061,1,0,0,0,52,3.549999999999997,TRUE,147,99.94999999999997,TRUE
DMR-tile1000-cb3-lo10-hiperc99.9-All-MN-simD10-n1000-rep9,10,1000,9,pH,424348,0.998,10.047948150970905,0.06,0.071,1,3,0,0,63,3,TRUE,182,91.84999999999998,TRUE
DMR-tile1000-cb3-lo10-hiperc99.9-All-MN-simD15-n1000-rep1,15,1000,1,ploidy,424348,1,14.97516540830492,0.413,0.414,1,10,1.0471285480509006e-8,0.043,423,3.549999999999997,TRUE,632,99.94999999999997,TRUE
DMR-tile1000-cb3-lo10-hiperc99.9-All-MN-simD15-n1000-rep1,15,1000,1,pH,424348,0.998,14.992199816456283,0.411,0.413,1,12,2.0892961308540408e-8,0.052,423,3,TRUE,650,91.84999999999998,TRUE
DMR-tile1000-cb3-lo10-hiperc99.9-All-MN-simD15-n1000-rep10,15,1000,10,ploidy,424348,1,14.863944778270906,0.388,0.388,1,7,4.78630092322638e-10,0.01,395,3.549999999999997,TRUE,593,99.94999999999997,TRUE
DMR-tile1000-cb3-lo10-hiperc99.9-All-MN-simD15-n1000-rep10,15,1000,10,pH,424348,1,15.188730265156247,0.42,0.42,1,12,1.3803842646028838e-8,0.045,432,3,TRUE,662,91.84999999999998,TRUE
DMR-tile1000-cb3-lo10-hiperc99.9-All-MN-simD15-n1000-rep2,15,1000,2,ploidy,424348,0.999,14.96213216608503,0.392,0.392,1,7,1.2589254117941663e-9,0.016,399,3.549999999999997,TRUE,600,99.94999999999997,TRUE
DMR-tile1000-cb3-lo10-hiperc99.9-All-MN-simD15-n1000-rep2,15,1000,2,pH,424348,0.999,14.778818383094812,0.368,0.368,1,11,1.7378008287493762e-9,0.016,379,3,TRUE,595,91.84999999999998,TRUE
DMR-tile1000-cb3-lo10-hiperc99.9-All-MN-simD15-n1000-rep3,15,1000,3,ploidy,424348,0.999,14.97104600719448,0.398,0.398,1,7,9.120108393559115e-9,0.041,405,3.549999999999997,TRUE,608,99.94999999999997,TRUE
DMR-tile1000-cb3-lo10-hiperc99.9-All-MN-simD15-n1000-rep3,15,1000,3,pH,424348,0.997,14.967597723586827,0.439,0.439,1,13,4.78630092322638e-8,0.079,452,3,TRUE,685,91.84999999999998,TRUE
DMR-tile1000-cb3-lo10-hiperc99.9-All-MN-simD15-n1000-rep4,15,1000,4,ploidy,424348,0.998,14.969777553912284,0.398,0.398,1,9,7.244359600749891e-11,0.004,407,3.549999999999997,TRUE,610,99.94999999999997,TRUE
DMR-tile1000-cb3-lo10-hiperc99.9-All-MN-simD15-n1000-rep4,15,1000,4,pH,424348,0.997,15.049551776014265,0.399,0.399,1,12,3.8018939632056126e-8,0.066,411,3,TRUE,633,91.84999999999998,TRUE
DMR-tile1000-cb3-lo10-hiperc99.9-All-MN-simD15-n1000-rep5,15,1000,5,ploidy,424348,0.999,14.988985546841683,0.381,0.381,1,7,1.6595869074375631e-9,0.02,388,3.549999999999997,TRUE,584,99.94999999999997,TRUE
DMR-tile1000-cb3-lo10-hiperc99.9-All-MN-simD15-n1000-rep5,15,1000,5,pH,424348,1,14.878065263934456,0.41,0.411,1,11,3.8018939632056126e-8,0.066,421,3,TRUE,646,91.84999999999998,TRUE
DMR-tile1000-cb3-lo10-hiperc99.9-All-MN-simD15-n1000-rep6,15,1000,6,ploidy,424348,1,14.894554708201749,0.404,0.404,1,10,3.019951720402019e-9,0.027,414,3.549999999999997,TRUE,618,99.94999999999997,TRUE
DMR-tile1000-cb3-lo10-hiperc99.9-All-MN-simD15-n1000-rep6,15,1000,6,pH,424348,0.999,15.082193136066957,0.432,0.432,1,11,4.3651583224016566e-8,0.075,443,3,TRUE,674,91.84999999999998,TRUE
DMR-tile1000-cb3-lo10-hiperc99.9-All-MN-simD15-n1000-rep7,15,1000,7,ploidy,424348,0.997,15.034063815061266,0.413,0.413,1,12,1.3803842646028838e-8,0.048,425,3.549999999999997,TRUE,633,99.94999999999997,TRUE
DMR-tile1000-cb3-lo10-hiperc99.9-All-MN-simD15-n1000-rep7,15,1000,7,pH,424348,0.998,15.088004102895933,0.414,0.415,1,11,4.3651583224016566e-8,0.073,425,3,TRUE,654,91.84999999999998,TRUE
DMR-tile1000-cb3-lo10-hiperc99.9-All-MN-simD15-n1000-rep8,15,1000,8,ploidy,424348,1,14.77277811296652,0.386,0.386,1,7,3.3113112148259144e-8,0.072,393,3.549999999999997,TRUE,590,99.94999999999997,TRUE
DMR-tile1000-cb3-lo10-hiperc99.9-All-MN-simD15-n1000-rep8,15,1000,8,pH,424348,0.999,14.978550256037245,0.389,0.389,1,11,3.6307805477010175e-8,0.063,400,3,TRUE,619,91.84999999999998,TRUE
DMR-tile1000-cb3-lo10-hiperc99.9-All-MN-simD15-n1000-rep9,15,1000,9,ploidy,424348,0.998,14.746707062304148,0.377,0.377,1,6,2.398832919019485e-10,0.007,383,3.549999999999997,TRUE,577,99.94999999999997,TRUE
DMR-tile1000-cb3-lo10-hiperc99.9-All-MN-simD15-n1000-rep9,15,1000,9,pH,424348,0.998,15.032217498895218,0.39,0.391,1,10,1.6595869074375631e-9,0.014,400,3,TRUE,620,91.84999999999998,TRUE
DMR-tile1000-cb3-lo10-hiperc99.9-All-MN-simD2-n1000-rep1,2,1000,1,ploidy,424348,1,1.9791869320993696,0,0,NA,0,0,0,0,3.549999999999997,FALSE,37,99.94999999999997,FALSE
DMR-tile1000-cb3-lo10-hiperc99.9-All-MN-simD2-n1000-rep1,2,1000,1,pH,424348,0.998,1.8802395188381138,0,0,NA,2,0,0,2,3,FALSE,70,91.84999999999998,FALSE
DMR-tile1000-cb3-lo10-hiperc99.9-All-MN-simD2-n1000-rep10,2,1000,10,ploidy,424348,1,1.7466517024401838,0,0,NA,0,0,0,0,3.549999999999997,FALSE,37,99.94999999999997,FALSE
DMR-tile1000-cb3-lo10-hiperc99.9-All-MN-simD2-n1000-rep10,2,1000,10,pH,424348,1,2.212935799373938,0,0,NA,2,0,0,2,3,FALSE,70,91.84999999999998,FALSE
DMR-tile1000-cb3-lo10-hiperc99.9-All-MN-simD2-n1000-rep2,2,1000,2,ploidy,424348,0.999,1.9776038822773623,0,0,NA,0,0,0,0,3.549999999999997,FALSE,37,99.94999999999997,FALSE
DMR-tile1000-cb3-lo10-hiperc99.9-All-MN-simD2-n1000-rep2,2,1000,2,pH,424348,0.999,1.7458055354974114,0,0,NA,2,0,0,2,3,FALSE,70,91.84999999999998,FALSE
DMR-tile1000-cb3-lo10-hiperc99.9-All-MN-simD2-n1000-rep3,2,1000,3,ploidy,424348,0.999,1.9324179854713592,0,0,NA,0,0,0,0,3.549999999999997,FALSE,37,99.94999999999997,FALSE
DMR-tile1000-cb3-lo10-hiperc99.9-All-MN-simD2-n1000-rep3,2,1000,3,pH,424348,0.997,2.0515217469340703,0,0,NA,2,0,0,2,3,FALSE,70,91.84999999999998,FALSE
DMR-tile1000-cb3-lo10-hiperc99.9-All-MN-simD2-n1000-rep4,2,1000,4,ploidy,424348,0.998,1.9757930417494323,0,0,NA,0,0,0,0,3.549999999999997,FALSE,37,99.94999999999997,FALSE
DMR-tile1000-cb3-lo10-hiperc99.9-All-MN-simD2-n1000-rep4,2,1000,4,pH,424348,0.997,2.1310086394425647,0,0,NA,2,0,0,2,3,FALSE,70,91.84999999999998,FALSE
DMR-tile1000-cb3-lo10-hiperc99.9-All-MN-simD2-n1000-rep5,2,1000,5,ploidy,424348,0.999,2.069547264352526,0,0,NA,0,0,0,0,3.549999999999997,FALSE,37,99.94999999999997,FALSE
DMR-tile1000-cb3-lo10-hiperc99.9-All-MN-simD2-n1000-rep5,2,1000,5,pH,424348,1,1.9264804908918285,0,0,NA,2,0,0,2,3,FALSE,70,91.84999999999998,FALSE
DMR-tile1000-cb3-lo10-hiperc99.9-All-MN-simD2-n1000-rep6,2,1000,6,ploidy,424348,1,1.8787892198113954,0,0,NA,0,0,0,0,3.549999999999997,FALSE,37,99.94999999999997,FALSE
DMR-tile1000-cb3-lo10-hiperc99.9-All-MN-simD2-n1000-rep6,2,1000,6,pH,424348,0.999,2.0667719204782564,0,0,NA,2,0,0,2,3,FALSE,70,91.84999999999998,FALSE
DMR-tile1000-cb3-lo10-hiperc99.9-All-MN-simD2-n1000-rep7,2,1000,7,ploidy,424348,0.997,2.028424645571811,0,0,NA,0,0,0,0,3.549999999999997,FALSE,37,99.94999999999997,FALSE
DMR-tile1000-cb3-lo10-hiperc99.9-All-MN-simD2-n1000-rep7,2,1000,7,pH,424348,0.998,2.113206357249263,0,0,NA,2,0,0,2,3,FALSE,70,91.84999999999998,FALSE
DMR-tile1000-cb3-lo10-hiperc99.9-All-MN-simD2-n1000-rep8,2,1000,8,ploidy,424348,1,1.703547719113852,0,0,NA,0,0,0,0,3.549999999999997,FALSE,37,99.94999999999997,FALSE
DMR-tile1000-cb3-lo10-hiperc99.9-All-MN-simD2-n1000-rep8,2,1000,8,pH,424348,0.999,1.9514833610679883,0,0,NA,2,0,0,2,3,FALSE,70,91.84999999999998,FALSE
DMR-tile1000-cb3-lo10-hiperc99.9-All-MN-simD2-n1000-rep9,2,1000,9,ploidy,424348,0.998,1.67933005490584,0,0,NA,0,0,0,0,3.549999999999997,FALSE,36,99.94999999999997,FALSE
DMR-tile1000-cb3-lo10-hiperc99.9-All-MN-simD2-n1000-rep9,2,1000,9,pH,424348,0.998,2.061598309600048,0,0,NA,2,0,0,2,3,FALSE,70,91.84999999999998,FALSE
DMR-tile1000-cb3-lo10-hiperc99.9-All-MN-simD20-n1000-rep1,20,1000,1,ploidy,424348,1,19.944503377494172,0.757,0.757,1,16,9.120108393559096e-7,0.385,773,3.549999999999997,TRUE,1056,99.94999999999997,TRUE
DMR-tile1000-cb3-lo10-hiperc99.9-All-MN-simD20-n1000-rep1,20,1000,1,pH,424348,0.998,19.912683145824985,0.734,0.734,1,14,9.120108393559096e-7,0.393,748,3,TRUE,1037,91.84999999999998,TRUE
DMR-tile1000-cb3-lo10-hiperc99.9-All-MN-simD20-n1000-rep10,20,1000,10,ploidy,424348,1,19.832993912469306,0.74,0.74,1,16,9.120108393559096e-7,0.384,756,3.549999999999997,TRUE,1035,99.94999999999997,TRUE
DMR-tile1000-cb3-lo10-hiperc99.9-All-MN-simD20-n1000-rep10,20,1000,10,pH,424348,1,20.09397346748197,0.756,0.756,1,14,1.096478196143185e-6,0.435,770,3,TRUE,1066,91.84999999999998,TRUE
DMR-tile1000-cb3-lo10-hiperc99.9-All-MN-simD20-n1000-rep2,20,1000,2,ploidy,424348,0.999,19.957213760837746,0.728,0.728,1,16,1e-6,0.399,744,3.549999999999997,TRUE,1022,99.94999999999997,TRUE
DMR-tile1000-cb3-lo10-hiperc99.9-All-MN-simD20-n1000-rep2,20,1000,2,pH,424348,0.999,19.752090750074295,0.711,0.711,1,13,7.585775750291836e-7,0.36,724,3,TRUE,1011,91.84999999999998,TRUE
DMR-tile1000-cb3-lo10-hiperc99.9-All-MN-simD20-n1000-rep3,20,1000,3,ploidy,424348,0.999,20.0227870976654,0.74,0.74,1,15,1e-6,0.397,755,3.549999999999997,TRUE,1034,99.94999999999997,TRUE
DMR-tile1000-cb3-lo10-hiperc99.9-All-MN-simD20-n1000-rep3,20,1000,3,pH,424348,0.997,19.9767651508132,0.754,0.754,1,15,1.096478196143185e-6,0.429,769,3,TRUE,1065,91.84999999999998,TRUE
DMR-tile1000-cb3-lo10-hiperc99.9-All-MN-simD20-n1000-rep4,20,1000,4,ploidy,424348,0.998,19.944532582743538,0.728,0.728,1,17,1e-6,0.401,745,3.549999999999997,TRUE,1023,99.94999999999997,TRUE
DMR-tile1000-cb3-lo10-hiperc99.9-All-MN-simD20-n1000-rep4,20,1000,4,pH,424348,0.997,20.10817681800242,0.735,0.735,1,14,8.709635899560814e-7,0.377,749,3,TRUE,1040,91.84999999999998,TRUE
DMR-tile1000-cb3-lo10-hiperc99.9-All-MN-simD20-n1000-rep5,20,1000,5,ploidy,424348,0.999,20.050249143842798,0.75,0.75,1,16,9.549925860214369e-7,0.393,766,3.549999999999997,TRUE,1049,99.94999999999997,TRUE
DMR-tile1000-cb3-lo10-hiperc99.9-All-MN-simD20-n1000-rep5,20,1000,5,pH,424348,1,19.92654316226693,0.737,0.737,1,12,9.120108393559096e-7,0.395,749,3,TRUE,1040,91.84999999999998,TRUE
DMR-tile1000-cb3-lo10-hiperc99.9-All-MN-simD20-n1000-rep6,20,1000,6,ploidy,424348,1,19.883324670111566,0.741,0.741,1,16,9.120108393559096e-7,0.381,757,3.549999999999997,TRUE,1035,99.94999999999997,TRUE
DMR-tile1000-cb3-lo10-hiperc99.9-All-MN-simD20-n1000-rep6,20,1000,6,pH,424348,0.999,20.05906476367866,0.775,0.775,1,15,9.549925860214369e-7,0.4,790,3,TRUE,1088,91.84999999999998,TRUE
DMR-tile1000-cb3-lo10-hiperc99.9-All-MN-simD20-n1000-rep7,20,1000,7,ploidy,424348,0.997,20.03720381288444,0.766,0.766,1,18,1.148153621496884e-6,0.431,784,3.549999999999997,TRUE,1067,99.94999999999997,TRUE
DMR-tile1000-cb3-lo10-hiperc99.9-All-MN-simD20-n1000-rep7,20,1000,7,pH,424348,0.998,20.052078494720142,0.731,0.731,1,13,1e-6,0.408,744,3,TRUE,1034,91.84999999999998,TRUE
DMR-tile1000-cb3-lo10-hiperc99.9-All-MN-simD20-n1000-rep8,20,1000,8,ploidy,424348,1,19.738082827727506,0.75,0.75,1,16,9.549925860214369e-7,0.393,766,3.549999999999997,TRUE,1049,99.94999999999997,TRUE
DMR-tile1000-cb3-lo10-hiperc99.9-All-MN-simD20-n1000-rep8,20,1000,8,pH,424348,0.999,19.976402372589888,0.744,0.744,1,14,7.585775750291836e-7,0.354,758,3,TRUE,1051,91.84999999999998,TRUE
DMR-tile1000-cb3-lo10-hiperc99.9-All-MN-simD20-n1000-rep9,20,1000,9,ploidy,424348,0.998,19.71603229169086,0.732,0.732,1,15,8.317637711026709e-7,0.359,747,3.549999999999997,TRUE,1025,99.94999999999997,TRUE
DMR-tile1000-cb3-lo10-hiperc99.9-All-MN-simD20-n1000-rep9,20,1000,9,pH,424348,0.998,20.095472673259977,0.744,0.744,1,15,8.709635899560814e-7,0.378,759,3,TRUE,1052,91.84999999999998,TRUE
DMR-tile1000-cb3-lo10-hiperc99.9-All-MN-simD30-n1000-rep1,30,1000,1,ploidy,424348,1,29.95698953735704,0.977,0.977,1,20,4.365158322401665e-6,0.91,997,3.549999999999997,TRUE,1312,99.94999999999997,TRUE
DMR-tile1000-cb3-lo10-hiperc99.9-All-MN-simD30-n1000-rep1,30,1000,1,pH,424348,0.998,29.98296544734371,0.982,0.982,1,23,4.168693834703355e-6,0.886,1005,3,TRUE,1345,91.84999999999998,TRUE
DMR-tile1000-cb3-lo10-hiperc99.9-All-MN-simD30-n1000-rep10,30,1000,10,ploidy,424348,1,29.897476174083334,0.972,0.972,1,20,4.365158322401665e-6,0.896,992,3.549999999999997,TRUE,1307,99.94999999999997,TRUE
DMR-tile1000-cb3-lo10-hiperc99.9-All-MN-simD30-n1000-rep10,30,1000,10,pH,424348,1,30.16924000734142,0.979,0.979,1,21,4.365158322401665e-6,0.908,1000,3,TRUE,1340,91.84999999999998,TRUE
DMR-tile1000-cb3-lo10-hiperc99.9-All-MN-simD30-n1000-rep2,30,1000,2,ploidy,424348,0.999,30.001984853577426,0.98,0.98,1,21,4.365158322401665e-6,0.9,1001,3.549999999999997,TRUE,1316,99.94999999999997,TRUE
DMR-tile1000-cb3-lo10-hiperc99.9-All-MN-simD30-n1000-rep2,30,1000,2,pH,424348,0.999,29.835418417310482,0.978,0.978,1,22,4.168693834703355e-6,0.88,1000,3,TRUE,1340,91.84999999999998,TRUE
DMR-tile1000-cb3-lo10-hiperc99.9-All-MN-simD30-n1000-rep3,30,1000,3,ploidy,424348,0.999,29.90344136278055,0.97,0.97,1,21,4.168693834703355e-6,0.878,991,3.549999999999997,TRUE,1306,99.94999999999997,TRUE
DMR-tile1000-cb3-lo10-hiperc99.9-All-MN-simD30-n1000-rep3,30,1000,3,pH,424348,0.997,30.014847931421105,0.971,0.971,1,24,4.365158322401665e-6,0.901,995,3,TRUE,1332,91.84999999999998,TRUE
DMR-tile1000-cb3-lo10-hiperc99.9-All-MN-simD30-n1000-rep4,30,1000,4,ploidy,424348,0.998,29.950444437300458,0.969,0.969,1,22,4.365158322401665e-6,0.892,991,3.549999999999997,TRUE,1306,99.94999999999997,TRUE
DMR-tile1000-cb3-lo10-hiperc99.9-All-MN-simD30-n1000-rep4,30,1000,4,pH,424348,0.997,30.04383215122678,0.974,0.974,1,24,4.365158322401665e-6,0.906,998,3,TRUE,1335,91.84999999999998,TRUE
DMR-tile1000-cb3-lo10-hiperc99.9-All-MN-simD30-n1000-rep5,30,1000,5,ploidy,424348,0.999,30.02681412219931,0.97,0.97,1,20,4.365158322401665e-6,0.894,990,3.549999999999997,TRUE,1306,99.94999999999997,TRUE
DMR-tile1000-cb3-lo10-hiperc99.9-All-MN-simD30-n1000-rep5,30,1000,5,pH,424348,1,29.919330781837388,0.976,0.976,1,21,4.365158322401665e-6,0.898,997,3,TRUE,1336,91.84999999999998,TRUE
DMR-tile1000-cb3-lo10-hiperc99.9-All-MN-simD30-n1000-rep6,30,1000,6,ploidy,424348,1,29.950057875669348,0.97,0.97,1,20,4.365158322401665e-6,0.894,990,3.549999999999997,TRUE,1303,99.94999999999997,TRUE
DMR-tile1000-cb3-lo10-hiperc99.9-All-MN-simD30-n1000-rep6,30,1000,6,pH,424348,0.999,30.083989070145098,0.98,0.98,1,22,4.570881896148752e-6,0.919,1002,3,TRUE,1343,91.84999999999998,TRUE
DMR-tile1000-cb3-lo10-hiperc99.9-All-MN-simD30-n1000-rep7,30,1000,7,ploidy,424348,0.997,29.962725726186463,0.978,0.978,1,23,4.365158322401665e-6,0.895,1001,3.549999999999997,TRUE,1316,99.94999999999997,TRUE
DMR-tile1000-cb3-lo10-hiperc99.9-All-MN-simD30-n1000-rep7,30,1000,7,pH,424348,0.998,30.008572275622576,0.973,0.973,1,23,4.365158322401665e-6,0.892,996,3,TRUE,1334,91.84999999999998,TRUE
DMR-tile1000-cb3-lo10-hiperc99.9-All-MN-simD30-n1000-rep8,30,1000,8,ploidy,424348,1,29.73580069815855,0.977,0.977,1,20,4.168693834703355e-6,0.889,997,3.549999999999997,TRUE,1313,99.94999999999997,TRUE
DMR-tile1000-cb3-lo10-hiperc99.9-All-MN-simD30-n1000-rep8,30,1000,8,pH,424348,0.999,29.93415194728501,0.968,0.968,1,23,4.365158322401665e-6,0.893,991,3,TRUE,1328,91.84999999999998,TRUE
DMR-tile1000-cb3-lo10-hiperc99.9-All-MN-simD30-n1000-rep9,30,1000,9,ploidy,424348,0.998,29.840652995255287,0.973,0.973,1,21,4.365158322401665e-6,0.894,994,3.549999999999997,TRUE,1308,99.94999999999997,TRUE
DMR-tile1000-cb3-lo10-hiperc99.9-All-MN-simD30-n1000-rep9,30,1000,9,pH,424348,0.998,30.071319757191496,0.981,0.981,1,23,4.365158322401665e-6,0.893,1004,3,TRUE,1345,91.84999999999998,TRUE
DMR-tile1000-cb3-lo10-hiperc99.9-All-MN-simD5-n1000-rep1,5,1000,1,ploidy,424348,1,4.956276150071701,0,0,NA,0,0,0,0,3.549999999999997,FALSE,37,99.94999999999997,FALSE
DMR-tile1000-cb3-lo10-hiperc99.9-All-MN-simD5-n1000-rep1,5,1000,1,pH,424348,0.998,4.889807727251787,0,0,NA,2,0,0,2,3,FALSE,70,91.84999999999998,FALSE
DMR-tile1000-cb3-lo10-hiperc99.9-All-MN-simD5-n1000-rep10,5,1000,10,ploidy,424348,1,4.751870466539631,0,0,NA,0,0,0,0,3.549999999999997,FALSE,37,99.94999999999997,FALSE
DMR-tile1000-cb3-lo10-hiperc99.9-All-MN-simD5-n1000-rep10,5,1000,10,pH,424348,1,5.200191550285093,0,0.002,1,2,0,0,2,3,FALSE,75,91.84999999999998,FALSE
DMR-tile1000-cb3-lo10-hiperc99.9-All-MN-simD5-n1000-rep2,5,1000,2,ploidy,424348,0.999,5.020209185972382,0,0,NA,0,0,0,0,3.549999999999997,FALSE,37,99.94999999999997,FALSE
DMR-tile1000-cb3-lo10-hiperc99.9-All-MN-simD5-n1000-rep2,5,1000,2,pH,424348,0.999,4.81506146765333,0,0.001,1,2,0,0,2,3,FALSE,73,91.84999999999998,FALSE
DMR-tile1000-cb3-lo10-hiperc99.9-All-MN-simD5-n1000-rep3,5,1000,3,ploidy,424348,0.999,4.929248261325657,0,0,NA,0,0,0,0,3.549999999999997,FALSE,37,99.94999999999997,FALSE
DMR-tile1000-cb3-lo10-hiperc99.9-All-MN-simD5-n1000-rep3,5,1000,3,pH,424348,0.997,4.985201791307526,0,0.001,1,2,0,0,2,3,FALSE,73,91.84999999999998,FALSE
DMR-tile1000-cb3-lo10-hiperc99.9-All-MN-simD5-n1000-rep4,5,1000,4,ploidy,424348,0.998,4.956835550836757,0,0,NA,0,0,0,0,3.549999999999997,FALSE,37,99.94999999999997,FALSE
DMR-tile1000-cb3-lo10-hiperc99.9-All-MN-simD5-n1000-rep4,5,1000,4,pH,424348,0.997,5.073798546227126,0,0,NA,2,0,0,2,3,FALSE,70,91.84999999999998,FALSE
DMR-tile1000-cb3-lo10-hiperc99.9-All-MN-simD5-n1000-rep5,5,1000,5,ploidy,424348,0.999,5.095232001191133,0.002,0.003,1,0,0,0,2,3.549999999999997,FALSE,47,99.94999999999997,FALSE
DMR-tile1000-cb3-lo10-hiperc99.9-All-MN-simD5-n1000-rep5,5,1000,5,pH,424348,1,4.883835864815258,0,0.002,1,2,0,0,2,3,FALSE,75,91.84999999999998,FALSE
DMR-tile1000-cb3-lo10-hiperc99.9-All-MN-simD5-n1000-rep6,5,1000,6,ploidy,424348,1,4.825157935203922,0.002,0.002,1,0,0,0,2,3.549999999999997,FALSE,42,99.94999999999997,FALSE
DMR-tile1000-cb3-lo10-hiperc99.9-All-MN-simD5-n1000-rep6,5,1000,6,pH,424348,0.999,5.037887471965731,0,0.001,1,2,0,0,2,3,FALSE,73,91.84999999999998,FALSE
DMR-tile1000-cb3-lo10-hiperc99.9-All-MN-simD5-n1000-rep7,5,1000,7,ploidy,424348,0.997,4.977404667593346,0,0,NA,0,0,0,0,3.549999999999997,FALSE,37,99.94999999999997,FALSE
DMR-tile1000-cb3-lo10-hiperc99.9-All-MN-simD5-n1000-rep7,5,1000,7,pH,424348,0.998,5.064809240729741,0,0,NA,2,0,0,2,3,FALSE,70,91.84999999999998,FALSE
DMR-tile1000-cb3-lo10-hiperc99.9-All-MN-simD5-n1000-rep8,5,1000,8,ploidy,424348,1,4.691075074281626,0,0,NA,0,0,0,0,3.549999999999997,FALSE,37,99.94999999999997,FALSE
DMR-tile1000-cb3-lo10-hiperc99.9-All-MN-simD5-n1000-rep8,5,1000,8,pH,424348,0.999,4.942500270300797,0,0,NA,2,0,0,2,3,FALSE,70,91.84999999999998,FALSE
DMR-tile1000-cb3-lo10-hiperc99.9-All-MN-simD5-n1000-rep9,5,1000,9,ploidy,424348,0.998,4.681378925706943,0,0,NA,0,0,0,0,3.549999999999997,FALSE,36,99.94999999999997,FALSE
DMR-tile1000-cb3-lo10-hiperc99.9-All-MN-simD5-n1000-rep9,5,1000,9,pH,424348,0.998,5.083032146966547,0,0,NA,2,0,0,2,3,FALSE,70,91.84999999999998,FALSE
