regions,nSpiked,delta,term,reps,realizedDelta,spikedTested,powerDMR,powerQ,powerEmpiricalFDR,correctSign,falseDMR,totalDMR,totalQ,fractionExperimentDetectedDMR,fractionExperimentDetectedQ,permDMR95,permQ95
tile1000,1000,2,ploidy,10,1.897129244779313,0.999,0,0,0,NA,0,0,36.9,0,0,3.549999999999997,99.94999999999997
tile1000,1000,5,ploidy,10,4.88846882187231,0.999,4e-4,5e-4,0,1,0,0.4,38.4,0,0,3.549999999999997,99.94999999999997
tile1000,1000,10,ploidy,10,9.886233375214386,0.999,0.0582,0.0682,0,1,0.6,58.8,160,1,1,3.549999999999997,99.94999999999997
tile1000,1000,15,ploidy,10,14.917915515914299,0.999,0.395,0.3951,0.0288,1,8.2,403.2,604.5,1,1,3.549999999999997,99.94999999999997
tile1000,1000,20,ploidy,10,19.912692347746734,0.999,0.7432,0.7432,0.3923,1,16.1,759.3,1039.5,1,1,3.549999999999997,99.94999999999997
tile1000,1000,30,ploidy,10,29.922638778256776,0.999,0.9736,0.9736,0.8942,1,20.8,994.4,1309.3,1,1,3.549999999999997,99.94999999999997
tile1000,1000,2,pH,10,2.0141051679373483,0.9984999999999999,0,0,0,NA,2,2,70,0,0,3,91.84999999999998
tile1000,1000,5,pH,10,4.997612607750294,0.9984999999999999,0,7e-4,0,1,2,2,71.9,0,0,3,91.84999999999998
tile1000,1000,10,pH,10,10.007137554791226,0.9984999999999999,0.0643,0.0769,4e-4,1,3.1,67.4,192.4,1,1,3,91.84999999999998
tile1000,1000,15,pH,10,15.003592822213825,0.9984999999999999,0.4072,0.4077,0.0549,1,11.4,418.6,643.8,1,1,3,91.84999999999998
tile1000,1000,20,pH,10,19.995325079871247,0.9984999999999999,0.7421,0.7421,0.3929,1,13.9,756,1048.4,1,1,3,91.84999999999998
tile1000,1000,30,pH,10,30.006366778672508,0.9984999999999999,0.9762,0.9762,0.8976000000000001,1,22.6,998.8,1337.8,1,1,3,91.84999999999998
