perm,term,fdr,minDiff,DML
1,ploidy,0.05,0,85
1,ploidy,0.05,10,85
1,ploidy,0.05,25,53
1,ploidy,0.05,50,1
1,ploidy,0.01,0,31
1,ploidy,0.01,10,31
1,ploidy,0.01,25,22
1,ploidy,0.01,50,1
1,pH,0.05,0,314
1,pH,0.05,10,314
1,pH,0.05,25,180
1,pH,0.05,50,0
1,pH,0.01,0,96
1,pH,0.01,10,96
1,pH,0.01,25,63
1,pH,0.01,50,0
1,interaction,0.05,0,374
1,interaction,0.05,10,374
1,interaction,0.05,25,371
1,interaction,0.05,50,209
1,interaction,0.01,0,80
1,interaction,0.01,10,80
1,interaction,0.01,25,80
1,interaction,0.01,50,56
10,ploidy,0.05,0,347
10,ploidy,0.05,10,347
10,ploidy,0.05,25,170
10,ploidy,0.05,50,0
10,ploidy,0.01,0,68
10,ploidy,0.01,10,68
10,ploidy,0.01,25,38
10,ploidy,0.01,50,0
10,pH,0.05,0,101
10,pH,0.05,10,101
10,pH,0.05,25,48
10,pH,0.05,50,0
10,pH,0.01,0,19
10,pH,0.01,10,19
10,pH,0.01,25,11
10,pH,0.01,50,0
10,interaction,0.05,0,179
10,interaction,0.05,10,179
10,interaction,0.05,25,177
10,interaction,0.05,50,73
10,interaction,0.01,0,16
10,interaction,0.01,10,16
10,interaction,0.01,25,16
10,interaction,0.01,50,8
11,ploidy,0.05,0,149
11,ploidy,0.05,10,149
11,ploidy,0.05,25,87
11,ploidy,0.05,50,1
11,ploidy,0.01,0,34
11,ploidy,0.01,10,34
11,ploidy,0.01,25,28
11,ploidy,0.01,50,1
11,pH,0.05,0,48
11,pH,0.05,10,48
11,pH,0.05,25,33
11,pH,0.05,50,0
11,pH,0.01,0,6
11,pH,0.01,10,6
11,pH,0.01,25,5
11,pH,0.01,50,0
11,interaction,0.05,0,160
11,interaction,0.05,10,160
11,interaction,0.05,25,159
11,interaction,0.05,50,84
11,interaction,0.01,0,20
11,interaction,0.01,10,20
11,interaction,0.01,25,20
11,interaction,0.01,50,13
12,ploidy,0.05,0,215
12,ploidy,0.05,10,215
12,ploidy,0.05,25,101
12,ploidy,0.05,50,2
12,ploidy,0.01,0,61
12,ploidy,0.01,10,61
12,ploidy,0.01,25,38
12,ploidy,0.01,50,1
12,pH,0.05,0,37
12,pH,0.05,10,37
12,pH,0.05,25,21
12,pH,0.05,50,0
12,pH,0.01,0,10
12,pH,0.01,10,10
12,pH,0.01,25,8
12,pH,0.01,50,0
12,interaction,0.05,0,458
12,interaction,0.05,10,458
12,interaction,0.05,25,443
12,interaction,0.05,50,230
12,interaction,0.01,0,108
12,interaction,0.01,10,108
12,interaction,0.01,25,107
12,interaction,0.01,50,78
13,ploidy,0.05,0,408
13,ploidy,0.05,10,407
13,ploidy,0.05,25,253
13,ploidy,0.05,50,8
13,ploidy,0.01,0,94
13,ploidy,0.01,10,94
13,ploidy,0.01,25,72
13,ploidy,0.01,50,7
13,pH,0.05,0,50
13,pH,0.05,10,50
13,pH,0.05,25,26
13,pH,0.05,50,0
13,pH,0.01,0,8
13,pH,0.01,10,8
13,pH,0.01,25,6
13,pH,0.01,50,0
13,interaction,0.05,0,197
13,interaction,0.05,10,197
13,interaction,0.05,25,195
13,interaction,0.05,50,99
13,interaction,0.01,0,30
13,interaction,0.01,10,30
13,interaction,0.01,25,29
13,interaction,0.01,50,15
14,ploidy,0.05,0,183
14,ploidy,0.05,10,183
14,ploidy,0.05,25,95
14,ploidy,0.05,50,1
14,ploidy,0.01,0,52
14,ploidy,0.01,10,52
14,ploidy,0.01,25,31
14,ploidy,0.01,50,1
14,pH,0.05,0,114
14,pH,0.05,10,114
14,pH,0.05,25,61
14,pH,0.05,50,1
14,pH,0.01,0,18
14,pH,0.01,10,18
14,pH,0.01,25,10
14,pH,0.01,50,0
14,interaction,0.05,0,77
14,interaction,0.05,10,77
14,interaction,0.05,25,77
14,interaction,0.05,50,37
14,interaction,0.01,0,3
14,interaction,0.01,10,3
14,interaction,0.01,25,3
14,interaction,0.01,50,3
15,ploidy,0.05,0,174
15,ploidy,0.05,10,172
15,ploidy,0.05,25,88
15,ploidy,0.05,50,1
15,ploidy,0.01,0,28
15,ploidy,0.01,10,28
15,ploidy,0.01,25,16
15,ploidy,0.01,50,1
15,pH,0.05,0,29
15,pH,0.05,10,29
15,pH,0.05,25,16
15,pH,0.05,50,0
15,pH,0.01,0,10
15,pH,0.01,10,10
15,pH,0.01,25,7
15,pH,0.01,50,0
15,interaction,0.05,0,47
15,interaction,0.05,10,47
15,interaction,0.05,25,44
15,interaction,0.05,50,16
15,interaction,0.01,0,12
15,interaction,0.01,10,12
15,interaction,0.01,25,12
15,interaction,0.01,50,6
16,ploidy,0.05,0,1235
16,ploidy,0.05,10,1234
16,ploidy,0.05,25,609
16,ploidy,0.05,50,4
16,ploidy,0.01,0,387
16,ploidy,0.01,10,387
16,ploidy,0.01,25,237
16,ploidy,0.01,50,3
16,pH,0.05,0,618
16,pH,0.05,10,618
16,pH,0.05,25,271
16,pH,0.05,50,3
16,pH,0.01,0,122
16,pH,0.01,10,122
16,pH,0.01,25,76
16,pH,0.01,50,2
16,interaction,0.05,0,507
16,interaction,0.05,10,507
16,interaction,0.05,25,501
16,interaction,0.05,50,194
16,interaction,0.01,0,61
16,interaction,0.01,10,61
16,interaction,0.01,25,61
16,interaction,0.01,50,31
17,ploidy,0.05,0,147
17,ploidy,0.05,10,147
17,ploidy,0.05,25,86
17,ploidy,0.05,50,0
17,ploidy,0.01,0,43
17,ploidy,0.01,10,43
17,ploidy,0.01,25,27
17,ploidy,0.01,50,0
17,pH,0.05,0,406
17,pH,0.05,10,406
17,pH,0.05,25,216
17,pH,0.05,50,0
17,pH,0.01,0,76
17,pH,0.01,10,76
17,pH,0.01,25,62
17,pH,0.01,50,0
17,interaction,0.05,0,89
17,interaction,0.05,10,89
17,interaction,0.05,25,89
17,interaction,0.05,50,54
17,interaction,0.01,0,25
17,interaction,0.01,10,25
17,interaction,0.01,25,25
17,interaction,0.01,50,20
18,ploidy,0.05,0,38
18,ploidy,0.05,10,38
18,ploidy,0.05,25,25
18,ploidy,0.05,50,0
18,ploidy,0.01,0,8
18,ploidy,0.01,10,8
18,ploidy,0.01,25,6
18,ploidy,0.01,50,0
18,pH,0.05,0,31
18,pH,0.05,10,31
18,pH,0.05,25,21
18,pH,0.05,50,0
18,pH,0.01,0,10
18,pH,0.01,10,10
18,pH,0.01,25,8
18,pH,0.01,50,0
18,interaction,0.05,0,170
18,interaction,0.05,10,170
18,interaction,0.05,25,168
18,interaction,0.05,50,91
18,interaction,0.01,0,45
18,interaction,0.01,10,45
18,interaction,0.01,25,45
18,interaction,0.01,50,29
19,ploidy,0.05,0,58
19,ploidy,0.05,10,58
19,ploidy,0.05,25,31
19,ploidy,0.05,50,0
19,ploidy,0.01,0,19
19,ploidy,0.01,10,19
19,ploidy,0.01,25,10
19,ploidy,0.01,50,0
19,pH,0.05,0,223
19,pH,0.05,10,223
19,pH,0.05,25,115
19,pH,0.05,50,1
19,pH,0.01,0,29
19,pH,0.01,10,29
19,pH,0.01,25,22
19,pH,0.01,50,0
19,interaction,0.05,0,274
19,interaction,0.05,10,274
19,interaction,0.05,25,271
19,interaction,0.05,50,95
19,interaction,0.01,0,17
19,interaction,0.01,10,17
19,interaction,0.01,25,17
19,interaction,0.01,50,8
2,ploidy,0.05,0,144
2,ploidy,0.05,10,143
2,ploidy,0.05,25,73
2,ploidy,0.05,50,0
2,ploidy,0.01,0,29
2,ploidy,0.01,10,29
2,ploidy,0.01,25,19
2,ploidy,0.01,50,0
2,pH,0.05,0,150
2,pH,0.05,10,150
2,pH,0.05,25,80
2,pH,0.05,50,0
2,pH,0.01,0,54
2,pH,0.01,10,54
2,pH,0.01,25,36
2,pH,0.01,50,0
2,interaction,0.05,0,109
2,interaction,0.05,10,109
2,interaction,0.05,25,109
2,interaction,0.05,50,72
2,interaction,0.01,0,28
2,interaction,0.01,10,28
2,interaction,0.01,25,28
2,interaction,0.01,50,22
20,ploidy,0.05,0,168
20,ploidy,0.05,10,168
20,ploidy,0.05,25,100
20,ploidy,0.05,50,0
20,ploidy,0.01,0,35
20,ploidy,0.01,10,35
20,ploidy,0.01,25,28
20,ploidy,0.01,50,0
20,pH,0.05,0,164
20,pH,0.05,10,164
20,pH,0.05,25,87
20,pH,0.05,50,0
20,pH,0.01,0,29
20,pH,0.01,10,29
20,pH,0.01,25,20
20,pH,0.01,50,0
20,interaction,0.05,0,278
20,interaction,0.05,10,278
20,interaction,0.05,25,276
20,interaction,0.05,50,155
20,interaction,0.01,0,92
20,interaction,0.01,10,92
20,interaction,0.01,25,92
20,interaction,0.01,50,65
21,ploidy,0.05,0,164
21,ploidy,0.05,10,164
21,ploidy,0.05,25,104
21,ploidy,0.05,50,2
21,ploidy,0.01,0,24
21,ploidy,0.01,10,24
21,ploidy,0.01,25,20
21,ploidy,0.01,50,1
21,pH,0.05,0,269
21,pH,0.05,10,268
21,pH,0.05,25,151
21,pH,0.05,50,3
21,pH,0.01,0,53
21,pH,0.01,10,53
21,pH,0.01,25,37
21,pH,0.01,50,2
21,interaction,0.05,0,112
21,interaction,0.05,10,112
21,interaction,0.05,25,110
21,interaction,0.05,50,67
21,interaction,0.01,0,23
21,interaction,0.01,10,23
21,interaction,0.01,25,23
21,interaction,0.01,50,16
22,ploidy,0.05,0,113
22,ploidy,0.05,10,113
22,ploidy,0.05,25,72
22,ploidy,0.05,50,0
22,ploidy,0.01,0,24
22,ploidy,0.01,10,24
22,ploidy,0.01,25,17
22,ploidy,0.01,50,0
22,pH,0.05,0,59
22,pH,0.05,10,59
22,pH,0.05,25,33
22,pH,0.05,50,0
22,pH,0.01,0,11
22,pH,0.01,10,11
22,pH,0.01,25,7
22,pH,0.01,50,0
22,interaction,0.05,0,68
22,interaction,0.05,10,68
22,interaction,0.05,25,68
22,interaction,0.05,50,39
22,interaction,0.01,0,21
22,interaction,0.01,10,21
22,interaction,0.01,25,21
22,interaction,0.01,50,16
23,ploidy,0.05,0,64
23,ploidy,0.05,10,63
23,ploidy,0.05,25,25
23,ploidy,0.05,50,0
23,ploidy,0.01,0,8
23,ploidy,0.01,10,8
23,ploidy,0.01,25,4
23,ploidy,0.01,50,0
23,pH,0.05,0,44
23,pH,0.05,10,44
23,pH,0.05,25,32
23,pH,0.05,50,0
23,pH,0.01,0,11
23,pH,0.01,10,11
23,pH,0.01,25,9
23,pH,0.01,50,0
23,interaction,0.05,0,78
23,interaction,0.05,10,78
23,interaction,0.05,25,78
23,interaction,0.05,50,40
23,interaction,0.01,0,10
23,interaction,0.01,10,10
23,interaction,0.01,25,10
23,interaction,0.01,50,9
24,ploidy,0.05,0,207
24,ploidy,0.05,10,207
24,ploidy,0.05,25,129
24,ploidy,0.05,50,1
24,ploidy,0.01,0,44
24,ploidy,0.01,10,44
24,ploidy,0.01,25,31
24,ploidy,0.01,50,1
24,pH,0.05,0,184
24,pH,0.05,10,184
24,pH,0.05,25,111
24,pH,0.05,50,2
24,pH,0.01,0,50
24,pH,0.01,10,50
24,pH,0.01,25,36
24,pH,0.01,50,2
24,interaction,0.05,0,342
24,interaction,0.05,10,342
24,interaction,0.05,25,340
24,interaction,0.05,50,197
24,interaction,0.01,0,112
24,interaction,0.01,10,112
24,interaction,0.01,25,112
24,interaction,0.01,50,80
25,ploidy,0.05,0,226
25,ploidy,0.05,10,226
25,ploidy,0.05,25,109
25,ploidy,0.05,50,0
25,ploidy,0.01,0,26
25,ploidy,0.01,10,26
25,ploidy,0.01,25,17
25,ploidy,0.01,50,0
25,pH,0.05,0,685
25,pH,0.05,10,685
25,pH,0.05,25,307
25,pH,0.05,50,0
25,pH,0.01,0,150
25,pH,0.01,10,150
25,pH,0.01,25,87
25,pH,0.01,50,0
25,interaction,0.05,0,733
25,interaction,0.05,10,733
25,interaction,0.05,25,724
25,interaction,0.05,50,373
25,interaction,0.01,0,217
25,interaction,0.01,10,217
25,interaction,0.01,25,217
25,interaction,0.01,50,142
26,ploidy,0.05,0,57
26,ploidy,0.05,10,57
26,ploidy,0.05,25,34
26,ploidy,0.05,50,1
26,ploidy,0.01,0,17
26,ploidy,0.01,10,17
26,ploidy,0.01,25,13
26,ploidy,0.01,50,1
26,pH,0.05,0,31
26,pH,0.05,10,31
26,pH,0.05,25,20
26,pH,0.05,50,0
26,pH,0.01,0,5
26,pH,0.01,10,5
26,pH,0.01,25,3
26,pH,0.01,50,0
26,interaction,0.05,0,99
26,interaction,0.05,10,99
26,interaction,0.05,25,98
26,interaction,0.05,50,53
26,interaction,0.01,0,11
26,interaction,0.01,10,11
26,interaction,0.01,25,11
26,interaction,0.01,50,10
27,ploidy,0.05,0,111
27,ploidy,0.05,10,111
27,ploidy,0.05,25,64
27,ploidy,0.05,50,0
27,ploidy,0.01,0,30
27,ploidy,0.01,10,30
27,ploidy,0.01,25,21
27,ploidy,0.01,50,0
27,pH,0.05,0,84
27,pH,0.05,10,84
27,pH,0.05,25,49
27,pH,0.05,50,0
27,pH,0.01,0,9
27,pH,0.01,10,9
27,pH,0.01,25,7
27,pH,0.01,50,0
27,interaction,0.05,0,35
27,interaction,0.05,10,35
27,interaction,0.05,25,35
27,interaction,0.05,50,27
27,interaction,0.01,0,15
27,interaction,0.01,10,15
27,interaction,0.01,25,15
27,interaction,0.01,50,10
28,ploidy,0.05,0,61
28,ploidy,0.05,10,61
28,ploidy,0.05,25,27
28,ploidy,0.05,50,0
28,ploidy,0.01,0,13
28,ploidy,0.01,10,13
28,ploidy,0.01,25,8
28,ploidy,0.01,50,0
28,pH,0.05,0,80
28,pH,0.05,10,80
28,pH,0.05,25,54
28,pH,0.05,50,1
28,pH,0.01,0,20
28,pH,0.01,10,20
28,pH,0.01,25,15
28,pH,0.01,50,0
28,interaction,0.05,0,316
28,interaction,0.05,10,316
28,interaction,0.05,25,308
28,interaction,0.05,50,156
28,interaction,0.01,0,59
28,interaction,0.01,10,59
28,interaction,0.01,25,58
28,interaction,0.01,50,39
29,ploidy,0.05,0,531
29,ploidy,0.05,10,531
29,ploidy,0.05,25,294
29,ploidy,0.05,50,3
29,ploidy,0.01,0,175
29,ploidy,0.01,10,175
29,ploidy,0.01,25,114
29,ploidy,0.01,50,3
29,pH,0.05,0,76
29,pH,0.05,10,76
29,pH,0.05,25,40
29,pH,0.05,50,0
29,pH,0.01,0,21
29,pH,0.01,10,21
29,pH,0.01,25,11
29,pH,0.01,50,0
29,interaction,0.05,0,113
29,interaction,0.05,10,113
29,interaction,0.05,25,111
29,interaction,0.05,50,55
29,interaction,0.01,0,9
29,interaction,0.01,10,9
29,interaction,0.01,25,9
29,interaction,0.01,50,5
3,ploidy,0.05,0,89
3,ploidy,0.05,10,89
3,ploidy,0.05,25,44
3,ploidy,0.05,50,0
3,ploidy,0.01,0,18
3,ploidy,0.01,10,18
3,ploidy,0.01,25,14
3,ploidy,0.01,50,0
3,pH,0.05,0,157
3,pH,0.05,10,157
3,pH,0.05,25,83
3,pH,0.05,50,0
3,pH,0.01,0,49
3,pH,0.01,10,49
3,pH,0.01,25,34
3,pH,0.01,50,0
3,interaction,0.05,0,158
3,interaction,0.05,10,158
3,interaction,0.05,25,157
3,interaction,0.05,50,89
3,interaction,0.01,0,32
3,interaction,0.01,10,32
3,interaction,0.01,25,32
3,interaction,0.01,50,21
30,ploidy,0.05,0,40
30,ploidy,0.05,10,40
30,ploidy,0.05,25,24
30,ploidy,0.05,50,0
30,ploidy,0.01,0,1
30,ploidy,0.01,10,1
30,ploidy,0.01,25,1
30,ploidy,0.01,50,0
30,pH,0.05,0,83
30,pH,0.05,10,83
30,pH,0.05,25,45
30,pH,0.05,50,3
30,pH,0.01,0,17
30,pH,0.01,10,17
30,pH,0.01,25,14
30,pH,0.01,50,2
30,interaction,0.05,0,61
30,interaction,0.05,10,61
30,interaction,0.05,25,61
30,interaction,0.05,50,34
30,interaction,0.01,0,17
30,interaction,0.01,10,17
30,interaction,0.01,25,17
30,interaction,0.01,50,10
31,ploidy,0.05,0,175
31,ploidy,0.05,10,175
31,ploidy,0.05,25,76
31,ploidy,0.05,50,0
31,ploidy,0.01,0,28
31,ploidy,0.01,10,28
31,ploidy,0.01,25,20
31,ploidy,0.01,50,0
31,pH,0.05,0,340
31,pH,0.05,10,339
31,pH,0.05,25,157
31,pH,0.05,50,0
31,pH,0.01,0,65
31,pH,0.01,10,65
31,pH,0.01,25,43
31,pH,0.01,50,0
31,interaction,0.05,0,44
31,interaction,0.05,10,44
31,interaction,0.05,25,42
31,interaction,0.05,50,18
31,interaction,0.01,0,2
31,interaction,0.01,10,2
31,interaction,0.01,25,2
31,interaction,0.01,50,2
32,ploidy,0.05,0,433
32,ploidy,0.05,10,433
32,ploidy,0.05,25,224
32,ploidy,0.05,50,0
32,ploidy,0.01,0,93
32,ploidy,0.01,10,93
32,ploidy,0.01,25,62
32,ploidy,0.01,50,0
32,pH,0.05,0,158
32,pH,0.05,10,158
32,pH,0.05,25,92
32,pH,0.05,50,0
32,pH,0.01,0,43
32,pH,0.01,10,43
32,pH,0.01,25,31
32,pH,0.01,50,0
32,interaction,0.05,0,332
32,interaction,0.05,10,332
32,interaction,0.05,25,329
32,interaction,0.05,50,177
32,interaction,0.01,0,95
32,interaction,0.01,10,95
32,interaction,0.01,25,95
32,interaction,0.01,50,62
33,ploidy,0.05,0,105
33,ploidy,0.05,10,105
33,ploidy,0.05,25,60
33,ploidy,0.05,50,0
33,ploidy,0.01,0,30
33,ploidy,0.01,10,30
33,ploidy,0.01,25,20
33,ploidy,0.01,50,0
33,pH,0.05,0,195
33,pH,0.05,10,195
33,pH,0.05,25,106
33,pH,0.05,50,0
33,pH,0.01,0,56
33,pH,0.01,10,56
33,pH,0.01,25,40
33,pH,0.01,50,0
33,interaction,0.05,0,578
33,interaction,0.05,10,578
33,interaction,0.05,25,570
33,interaction,0.05,50,341
33,interaction,0.01,0,205
33,interaction,0.01,10,205
33,interaction,0.01,25,205
33,interaction,0.01,50,142
34,ploidy,0.05,0,4
34,ploidy,0.05,10,4
34,ploidy,0.05,25,4
34,ploidy,0.05,50,0
34,ploidy,0.01,0,0
34,ploidy,0.01,10,0
34,ploidy,0.01,25,0
34,ploidy,0.01,50,0
34,pH,0.05,0,312
34,pH,0.05,10,312
34,pH,0.05,25,166
34,pH,0.05,50,0
34,pH,0.01,0,61
34,pH,0.01,10,61
34,pH,0.01,25,46
34,pH,0.01,50,0
34,interaction,0.05,0,215
34,interaction,0.05,10,215
34,interaction,0.05,25,211
34,interaction,0.05,50,110
34,interaction,0.01,0,64
34,interaction,0.01,10,64
34,interaction,0.01,25,64
34,interaction,0.01,50,41
35,ploidy,0.05,0,139
35,ploidy,0.05,10,139
35,ploidy,0.05,25,67
35,ploidy,0.05,50,0
35,ploidy,0.01,0,23
35,ploidy,0.01,10,23
35,ploidy,0.01,25,15
35,ploidy,0.01,50,0
35,pH,0.05,0,210
35,pH,0.05,10,210
35,pH,0.05,25,107
35,pH,0.05,50,1
35,pH,0.01,0,54
35,pH,0.01,10,54
35,pH,0.01,25,32
35,pH,0.01,50,0
35,interaction,0.05,0,127
35,interaction,0.05,10,127
35,interaction,0.05,25,127
35,interaction,0.05,50,67
35,interaction,0.01,0,27
35,interaction,0.01,10,27
35,interaction,0.01,25,27
35,interaction,0.01,50,18
36,ploidy,0.05,0,201
36,ploidy,0.05,10,201
36,ploidy,0.05,25,114
36,ploidy,0.05,50,1
36,ploidy,0.01,0,28
36,ploidy,0.01,10,28
36,ploidy,0.01,25,18
36,ploidy,0.01,50,0
36,pH,0.05,0,297
36,pH,0.05,10,297
36,pH,0.05,25,122
36,pH,0.05,50,1
36,pH,0.01,0,60
36,pH,0.01,10,60
36,pH,0.01,25,33
36,pH,0.01,50,1
36,interaction,0.05,0,22
36,interaction,0.05,10,22
36,interaction,0.05,25,22
36,interaction,0.05,50,14
36,interaction,0.01,0,2
36,interaction,0.01,10,2
36,interaction,0.01,25,2
36,interaction,0.01,50,2
37,ploidy,0.05,0,357
37,ploidy,0.05,10,357
37,ploidy,0.05,25,171
37,ploidy,0.05,50,1
37,ploidy,0.01,0,86
37,ploidy,0.01,10,86
37,ploidy,0.01,25,59
37,ploidy,0.01,50,1
37,pH,0.05,0,22
37,pH,0.05,10,22
37,pH,0.05,25,13
37,pH,0.05,50,0
37,pH,0.01,0,9
37,pH,0.01,10,9
37,pH,0.01,25,7
37,pH,0.01,50,0
37,interaction,0.05,0,79
37,interaction,0.05,10,79
37,interaction,0.05,25,78
37,interaction,0.05,50,46
37,interaction,0.01,0,18
37,interaction,0.01,10,18
37,interaction,0.01,25,18
37,interaction,0.01,50,14
38,ploidy,0.05,0,157
38,ploidy,0.05,10,156
38,ploidy,0.05,25,99
38,ploidy,0.05,50,0
38,ploidy,0.01,0,24
38,ploidy,0.01,10,24
38,ploidy,0.01,25,19
38,ploidy,0.01,50,0
38,pH,0.05,0,46
38,pH,0.05,10,46
38,pH,0.05,25,27
38,pH,0.05,50,0
38,pH,0.01,0,8
38,pH,0.01,10,8
38,pH,0.01,25,4
38,pH,0.01,50,0
38,interaction,0.05,0,128
38,interaction,0.05,10,128
38,interaction,0.05,25,127
38,interaction,0.05,50,65
38,interaction,0.01,0,23
38,interaction,0.01,10,23
38,interaction,0.01,25,23
38,interaction,0.01,50,10
39,ploidy,0.05,0,257
39,ploidy,0.05,10,257
39,ploidy,0.05,25,128
39,ploidy,0.05,50,1
39,ploidy,0.01,0,38
39,ploidy,0.01,10,38
39,ploidy,0.01,25,20
39,ploidy,0.01,50,0
39,pH,0.05,0,65
39,pH,0.05,10,65
39,pH,0.05,25,33
39,pH,0.05,50,0
39,pH,0.01,0,21
39,pH,0.01,10,21
39,pH,0.01,25,13
39,pH,0.01,50,0
39,interaction,0.05,0,479
39,interaction,0.05,10,479
39,interaction,0.05,25,477
39,interaction,0.05,50,247
39,interaction,0.01,0,120
39,interaction,0.01,10,120
39,interaction,0.01,25,120
39,interaction,0.01,50,79
4,ploidy,0.05,0,42
4,ploidy,0.05,10,42
4,ploidy,0.05,25,28
4,ploidy,0.05,50,0
4,ploidy,0.01,0,10
4,ploidy,0.01,10,10
4,ploidy,0.01,25,7
4,ploidy,0.01,50,0
4,pH,0.05,0,43
4,pH,0.05,10,43
4,pH,0.05,25,34
4,pH,0.05,50,0
4,pH,0.01,0,13
4,pH,0.01,10,13
4,pH,0.01,25,13
4,pH,0.01,50,0
4,interaction,0.05,0,13
4,interaction,0.05,10,13
4,interaction,0.05,25,13
4,interaction,0.05,50,8
4,interaction,0.01,0,4
4,interaction,0.01,10,4
4,interaction,0.01,25,4
4,interaction,0.01,50,2
40,ploidy,0.05,0,131
40,ploidy,0.05,10,131
40,ploidy,0.05,25,67
40,ploidy,0.05,50,0
40,ploidy,0.01,0,26
40,ploidy,0.01,10,26
40,ploidy,0.01,25,18
40,ploidy,0.01,50,0
40,pH,0.05,0,59
40,pH,0.05,10,59
40,pH,0.05,25,37
40,pH,0.05,50,1
40,pH,0.01,0,20
40,pH,0.01,10,20
40,pH,0.01,25,13
40,pH,0.01,50,1
40,interaction,0.05,0,23
40,interaction,0.05,10,23
40,interaction,0.05,25,23
40,interaction,0.05,50,14
40,interaction,0.01,0,2
40,interaction,0.01,10,2
40,interaction,0.01,25,2
40,interaction,0.01,50,2
41,ploidy,0.05,0,240
41,ploidy,0.05,10,239
41,ploidy,0.05,25,128
41,ploidy,0.05,50,3
41,ploidy,0.01,0,39
41,ploidy,0.01,10,39
41,ploidy,0.01,25,29
41,ploidy,0.01,50,2
41,pH,0.05,0,44
41,pH,0.05,10,44
41,pH,0.05,25,26
41,pH,0.05,50,0
41,pH,0.01,0,7
41,pH,0.01,10,7
41,pH,0.01,25,6
41,pH,0.01,50,0
41,interaction,0.05,0,321
41,interaction,0.05,10,321
41,interaction,0.05,25,318
41,interaction,0.05,50,161
41,interaction,0.01,0,83
41,interaction,0.01,10,83
41,interaction,0.01,25,83
41,interaction,0.01,50,53
42,ploidy,0.05,0,82
42,ploidy,0.05,10,82
42,ploidy,0.05,25,58
42,ploidy,0.05,50,0
42,ploidy,0.01,0,22
42,ploidy,0.01,10,22
42,ploidy,0.01,25,18
42,ploidy,0.01,50,0
42,pH,0.05,0,159
42,pH,0.05,10,159
42,pH,0.05,25,81
42,pH,0.05,50,0
42,pH,0.01,0,21
42,pH,0.01,10,21
42,pH,0.01,25,14
42,pH,0.01,50,0
42,interaction,0.05,0,95
42,interaction,0.05,10,95
42,interaction,0.05,25,94
42,interaction,0.05,50,54
42,interaction,0.01,0,19
42,interaction,0.01,10,19
42,interaction,0.01,25,19
42,interaction,0.01,50,13
43,ploidy,0.05,0,68
43,ploidy,0.05,10,68
43,ploidy,0.05,25,43
43,ploidy,0.05,50,0
43,ploidy,0.01,0,12
43,ploidy,0.01,10,12
43,ploidy,0.01,25,7
43,ploidy,0.01,50,0
43,pH,0.05,0,63
43,pH,0.05,10,63
43,pH,0.05,25,38
43,pH,0.05,50,0
43,pH,0.01,0,9
43,pH,0.01,10,9
43,pH,0.01,25,8
43,pH,0.01,50,0
43,interaction,0.05,0,22
43,interaction,0.05,10,22
43,interaction,0.05,25,22
43,interaction,0.05,50,14
43,interaction,0.01,0,7
43,interaction,0.01,10,7
43,interaction,0.01,25,7
43,interaction,0.01,50,6
44,ploidy,0.05,0,980
44,ploidy,0.05,10,978
44,ploidy,0.05,25,583
44,ploidy,0.05,50,1
44,ploidy,0.01,0,394
44,ploidy,0.01,10,394
44,ploidy,0.01,25,277
44,ploidy,0.01,50,1
44,pH,0.05,0,30
44,pH,0.05,10,30
44,pH,0.05,25,21
44,pH,0.05,50,0
44,pH,0.01,0,0
44,pH,0.01,10,0
44,pH,0.01,25,0
44,pH,0.01,50,0
44,interaction,0.05,0,380
44,interaction,0.05,10,380
44,interaction,0.05,25,376
44,interaction,0.05,50,205
44,interaction,0.01,0,87
44,interaction,0.01,10,87
44,interaction,0.01,25,87
44,interaction,0.01,50,55
45,ploidy,0.05,0,239
45,ploidy,0.05,10,239
45,ploidy,0.05,25,121
45,ploidy,0.05,50,0
45,ploidy,0.01,0,42
45,ploidy,0.01,10,42
45,ploidy,0.01,25,28
45,ploidy,0.01,50,0
45,pH,0.05,0,101
45,pH,0.05,10,100
45,pH,0.05,25,61
45,pH,0.05,50,1
45,pH,0.01,0,25
45,pH,0.01,10,25
45,pH,0.01,25,17
45,pH,0.01,50,0
45,interaction,0.05,0,226
45,interaction,0.05,10,226
45,interaction,0.05,25,224
45,interaction,0.05,50,99
45,interaction,0.01,0,26
45,interaction,0.01,10,26
45,interaction,0.01,25,25
45,interaction,0.01,50,18
46,ploidy,0.05,0,732
46,ploidy,0.05,10,732
46,ploidy,0.05,25,398
46,ploidy,0.05,50,9
46,ploidy,0.01,0,207
46,ploidy,0.01,10,207
46,ploidy,0.01,25,140
46,ploidy,0.01,50,7
46,pH,0.05,0,122
46,pH,0.05,10,122
46,pH,0.05,25,66
46,pH,0.05,50,0
46,pH,0.01,0,26
46,pH,0.01,10,26
46,pH,0.01,25,18
46,pH,0.01,50,0
46,interaction,0.05,0,48
46,interaction,0.05,10,48
46,interaction,0.05,25,48
46,interaction,0.05,50,32
46,interaction,0.01,0,4
46,interaction,0.01,10,4
46,interaction,0.01,25,4
46,interaction,0.01,50,4
47,ploidy,0.05,0,108
47,ploidy,0.05,10,108
47,ploidy,0.05,25,60
47,ploidy,0.05,50,0
47,ploidy,0.01,0,25
47,ploidy,0.01,10,25
47,ploidy,0.01,25,12
47,ploidy,0.01,50,0
47,pH,0.05,0,147
47,pH,0.05,10,147
47,pH,0.05,25,78
47,pH,0.05,50,1
47,pH,0.01,0,24
47,pH,0.01,10,24
47,pH,0.01,25,15
47,pH,0.01,50,0
47,interaction,0.05,0,108
47,interaction,0.05,10,108
47,interaction,0.05,25,108
47,interaction,0.05,50,58
47,interaction,0.01,0,19
47,interaction,0.01,10,19
47,interaction,0.01,25,19
47,interaction,0.01,50,16
48,ploidy,0.05,0,145
48,ploidy,0.05,10,145
48,ploidy,0.05,25,84
48,ploidy,0.05,50,0
48,ploidy,0.01,0,46
48,ploidy,0.01,10,46
48,ploidy,0.01,25,30
48,ploidy,0.01,50,0
48,pH,0.05,0,61
48,pH,0.05,10,61
48,pH,0.05,25,34
48,pH,0.05,50,0
48,pH,0.01,0,16
48,pH,0.01,10,16
48,pH,0.01,25,11
48,pH,0.01,50,0
48,interaction,0.05,0,31
48,interaction,0.05,10,31
48,interaction,0.05,25,31
48,interaction,0.05,50,19
48,interaction,0.01,0,10
48,interaction,0.01,10,10
48,interaction,0.01,25,10
48,interaction,0.01,50,8
49,ploidy,0.05,0,159
49,ploidy,0.05,10,159
49,ploidy,0.05,25,87
49,ploidy,0.05,50,1
49,ploidy,0.01,0,27
49,ploidy,0.01,10,27
49,ploidy,0.01,25,18
49,ploidy,0.01,50,1
49,pH,0.05,0,157
49,pH,0.05,10,157
49,pH,0.05,25,85
49,pH,0.05,50,0
49,pH,0.01,0,23
49,pH,0.01,10,23
49,pH,0.01,25,19
49,pH,0.01,50,0
49,interaction,0.05,0,73
49,interaction,0.05,10,73
49,interaction,0.05,25,73
49,interaction,0.05,50,39
49,interaction,0.01,0,24
49,interaction,0.01,10,24
49,interaction,0.01,25,24
49,interaction,0.01,50,16
5,ploidy,0.05,0,82
5,ploidy,0.05,10,81
5,ploidy,0.05,25,51
5,ploidy,0.05,50,0
5,ploidy,0.01,0,23
5,ploidy,0.01,10,23
5,ploidy,0.01,25,18
5,ploidy,0.01,50,0
5,pH,0.05,0,261
5,pH,0.05,10,261
5,pH,0.05,25,161
5,pH,0.05,50,2
5,pH,0.01,0,81
5,pH,0.01,10,81
5,pH,0.01,25,62
5,pH,0.01,50,2
5,interaction,0.05,0,366
5,interaction,0.05,10,366
5,interaction,0.05,25,362
5,interaction,0.05,50,213
5,interaction,0.01,0,109
5,interaction,0.01,10,109
5,interaction,0.01,25,108
5,interaction,0.01,50,67
50,ploidy,0.05,0,72
50,ploidy,0.05,10,72
50,ploidy,0.05,25,48
50,ploidy,0.05,50,0
50,ploidy,0.01,0,23
50,ploidy,0.01,10,23
50,ploidy,0.01,25,19
50,ploidy,0.01,50,0
50,pH,0.05,0,117
50,pH,0.05,10,117
50,pH,0.05,25,64
50,pH,0.05,50,0
50,pH,0.01,0,41
50,pH,0.01,10,41
50,pH,0.01,25,25
50,pH,0.01,50,0
50,interaction,0.05,0,76
50,interaction,0.05,10,76
50,interaction,0.05,25,75
50,interaction,0.05,50,53
50,interaction,0.01,0,8
50,interaction,0.01,10,8
50,interaction,0.01,25,8
50,interaction,0.01,50,7
6,ploidy,0.05,0,129
6,ploidy,0.05,10,129
6,ploidy,0.05,25,63
6,ploidy,0.05,50,1
6,ploidy,0.01,0,40
6,ploidy,0.01,10,40
6,ploidy,0.01,25,24
6,ploidy,0.01,50,0
6,pH,0.05,0,448
6,pH,0.05,10,447
6,pH,0.05,25,254
6,pH,0.05,50,5
6,pH,0.01,0,110
6,pH,0.01,10,110
6,pH,0.01,25,77
6,pH,0.01,50,4
6,interaction,0.05,0,139
6,interaction,0.05,10,139
6,interaction,0.05,25,139
6,interaction,0.05,50,74
6,interaction,0.01,0,21
6,interaction,0.01,10,21
6,interaction,0.01,25,21
6,interaction,0.01,50,11
7,ploidy,0.05,0,118
7,ploidy,0.05,10,118
7,ploidy,0.05,25,81
7,ploidy,0.05,50,0
7,ploidy,0.01,0,26
7,ploidy,0.01,10,26
7,ploidy,0.01,25,24
7,ploidy,0.01,50,0
7,pH,0.05,0,90
7,pH,0.05,10,90
7,pH,0.05,25,55
7,pH,0.05,50,0
7,pH,0.01,0,13
7,pH,0.01,10,13
7,pH,0.01,25,9
7,pH,0.01,50,0
7,interaction,0.05,0,28
7,interaction,0.05,10,28
7,interaction,0.05,25,28
7,interaction,0.05,50,16
7,interaction,0.01,0,11
7,interaction,0.01,10,11
7,interaction,0.01,25,11
7,interaction,0.01,50,7
8,ploidy,0.05,0,67
8,ploidy,0.05,10,67
8,ploidy,0.05,25,39
8,ploidy,0.05,50,2
8,ploidy,0.01,0,18
8,ploidy,0.01,10,18
8,ploidy,0.01,25,13
8,ploidy,0.01,50,1
8,pH,0.05,0,255
8,pH,0.05,10,255
8,pH,0.05,25,152
8,pH,0.05,50,2
8,pH,0.01,0,56
8,pH,0.01,10,56
8,pH,0.01,25,39
8,pH,0.01,50,1
8,interaction,0.05,0,189
8,interaction,0.05,10,189
8,interaction,0.05,25,187
8,interaction,0.05,50,100
8,interaction,0.01,0,53
8,interaction,0.01,10,53
8,interaction,0.01,25,52
8,interaction,0.01,50,37
9,ploidy,0.05,0,110
9,ploidy,0.05,10,110
9,ploidy,0.05,25,61
9,ploidy,0.05,50,0
9,ploidy,0.01,0,19
9,ploidy,0.01,10,19
9,ploidy,0.01,25,16
9,ploidy,0.01,50,0
9,pH,0.05,0,30
9,pH,0.05,10,30
9,pH,0.05,25,20
9,pH,0.05,50,0
9,pH,0.01,0,7
9,pH,0.01,10,7
9,pH,0.01,25,5
9,pH,0.01,50,0
9,interaction,0.05,0,140
9,interaction,0.05,10,140
9,interaction,0.05,25,140
9,interaction,0.05,50,82
9,interaction,0.01,0,15
9,interaction,0.01,10,15
9,interaction,0.01,25,15
9,interaction,0.01,50,11
