term,fdr,minDiff,nPerm,permMean,permMedian,permMax,observed,nPermAtLeastObserved,empiricalFDR,empiricalP
ploidy,0.05,0,50,254.7,211.5,825,265,18,0.9611320754716981,0.37254901960784315
ploidy,0.05,10,50,253.68,210.5,824,264,18,0.9609090909090909,0.37254901960784315
ploidy,0.05,25,50,125.76,105,403,130,15,0.9673846153846154,0.3137254901960784
ploidy,0.05,50,50,0.68,0,3,0,50,NA,1
ploidy,0.01,0,50,57.12,41.5,201,44,24,1,0.49019607843137253
ploidy,0.01,10,50,57.02,41.5,200,44,24,1,0.49019607843137253
ploidy,0.01,25,50,36.92,24,137,30,23,1,0.47058823529411764
ploidy,0.01,50,50,0.38,0,3,0,50,NA,1
pH,0.05,0,50,190.58,143.5,476,65,47,1,0.9411764705882353
pH,0.05,10,50,189.94,143,474,65,47,1,0.9411764705882353
pH,0.05,25,50,90.92,72.5,202,21,48,1,0.9607843137254902
pH,0.05,50,50,0.38,0,3,0,50,NA,1
pH,0.01,0,50,37.8,30.5,101,8,47,1,0.9411764705882353
pH,0.01,10,50,37.72,30.5,101,8,47,1,0.9411764705882353
pH,0.01,25,50,23.98,19.5,61,3,49,1,0.9803921568627451
pH,0.01,50,50,0.24,0,3,0,50,NA,1
interaction,0.05,0,50,210.46,172,588,398,6,0.5287939698492462,0.13725490196078433
interaction,0.05,10,50,210.4,172,588,398,6,0.528643216080402,0.13725490196078433
interaction,0.05,25,50,206.24,170.5,574,391,6,0.5274680306905372,0.13725490196078433
interaction,0.05,50,50,100.38,85.5,295,179,7,0.5607821229050279,0.1568627450980392
interaction,0.01,0,50,41.64,34,134,72,10,0.5783333333333334,0.21568627450980393
interaction,0.01,10,50,41.64,34,134,72,10,0.5783333333333334,0.21568627450980393
interaction,0.01,25,50,41.28,33.5,133,71,10,0.5814084507042254,0.21568627450980393
interaction,0.01,50,50,25.62,20.5,82,46,8,0.5569565217391305,0.17647058823529413
