sampleSet,term,fdr,minDiff,DMLAll,DMLSampleSet,AllDMLTested,AllDMLStillDML,AllDMLp0.05SameSign
Drop3H2,ploidy,0.05,0,20,25,17,12,17
Drop3H2,ploidy,0.01,0,10,13,8,8,8
Drop3H2,ploidy,0.01,25,8,11,6,6,6
Drop3H2,pH,0.05,0,37,20,29,15,29
Drop3H2,pH,0.01,0,13,4,9,4,9
Drop3H2,pH,0.01,25,4,0,1,0,1
DropPC2,ploidy,0.05,0,20,39,15,8,15
DropPC2,ploidy,0.01,0,10,12,8,6,8
DropPC2,ploidy,0.01,25,8,10,6,4,6
DropPC2,pH,0.05,0,37,27,21,4,21
DropPC2,pH,0.01,0,13,3,4,0,4
DropPC2,pH,0.01,25,4,1,1,0,1
OutRM,ploidy,0.05,0,20,40,14,10,14
OutRM,ploidy,0.01,0,10,19,6,5,6
OutRM,ploidy,0.01,25,8,15,4,4,4
OutRM,pH,0.05,0,37,19,23,8,23
OutRM,pH,0.01,0,13,6,6,3,6
OutRM,pH,0.01,25,4,2,1,0,1
